"Time (s)","X (m/s^2)","Y (m/s^2)","Z (m/s^2)"
3.326916718E-3,9.353898468E0,-1.250798950E0,-2.796185303E0
2.343591675E-2,9.382039948E0,-1.237925720E0,-2.961591339E0
4.354491667E-2,9.253457336E0,-1.179397430E0,-2.929857330E0
6.365391670E-2,9.054521027E0,-9.674382019E-1,-2.882256317E0
8.376391674E-2,8.760981445E0,-5.469625854E-1,-2.963686981E0
1.038729168E-1,8.682843933E0,-1.513352966E-1,-3.192261658E0
1.239819167E-1,8.674161987E0,7.319778442E-2,-3.464545441E0
1.440909167E-1,8.638087006E0,7.454498291E-2,-3.791764984E0
1.641999168E-1,8.734785919E0,4.430786133E-2,-3.978576508E0
1.843089167E-1,9.022188263E0,-1.722917175E-1,-4.138593750E0
2.044179167E-1,9.249864807E0,-4.565505981E-1,-3.940555573E0
2.245269167E-1,9.227710876E0,-6.411167908E-1,-3.667523346E0
2.446359168E-1,9.301806793E0,-7.682025146E-1,-3.417692871E0
2.647449167E-1,9.201814728E0,-7.825726318E-1,-3.439846802E0
2.848539167E-1,8.934320984E0,-6.743476868E-1,-3.595672760E0
3.049629168E-1,8.831634521E0,-3.224295044E-1,-4.117188263E0
3.250719167E-1,8.965605927E0,3.218307495E-2,-4.781057739E0
3.451819167E-1,9.281748505E0,1.426533508E-1,-4.855453033E0
3.652909168E-1,9.617949371E0,1.534309387E-1,-4.472549286E0
3.853999167E-1,9.708660736E0,-1.977388000E-1,-4.268224182E0
4.055089167E-1,9.558223572E0,-5.646258545E-1,-4.320615234E0
4.256179167E-1,9.074429626E0,-4.237687683E-1,-4.398004303E0
4.457269168E-1,8.478219452E0,5.837860107E-3,-4.612807617E0
4.658359167E-1,8.233628082E0,5.327421570E-1,-4.957989807E0
4.859449167E-1,8.072263641E0,6.973997498E-1,-5.256469116E0
5.060539168E-1,8.019722900E0,5.550457764E-1,-5.656437378E0
5.261629167E-1,8.098608856E0,3.698808289E-1,-6.072721710E0
5.462719167E-1,8.104596405E0,1.856140137E-1,-6.299799500E0
5.663809167E-1,8.075556793E0,9.774673462E-2,-6.285878448E0
5.864899168E-1,7.890840912E0,1.796264648E-3,-6.130651245E0
6.066000417E-1,7.705526276E0,-5.179229736E-2,-6.046526184E0
6.267090418E-1,7.476502533E0,1.263372803E-1,-5.961203613E0
6.468180417E-1,7.338788910E0,5.435197449E-1,-5.793701935E0
6.669270417E-1,7.336543579E0,9.574090576E-1,-5.727539520E0
6.870360418E-1,7.457192688E0,1.319955139E0,-5.776487732E0
7.071450417E-1,7.640411682E0,1.671124878E0,-6.088888092E0
7.272540417E-1,8.025411072E0,1.824555817E0,-6.470444641E0
7.473630417E-1,8.542884979E0,1.783241730E0,-6.588698730E0
7.674720418E-1,8.845854950E0,1.173260193E0,-6.250402222E0
7.875810417E-1,9.021739197E0,3.908372498E-1,-5.142106934E0
8.076900417E-1,8.784033508E0,-1.318757629E-1,-4.276457062E0
8.277990418E-1,8.549022217E0,-1.122515717E0,-4.040697327E0
8.479090417E-1,1.025667114E1,-2.531685333E0,-2.667303314E0
8.680180417E-1,1.260947845E1,-2.084565125E0,-2.510728912E0
8.881270417E-1,1.132215546E1,1.935624847E0,-4.512216797E0
9.082360417E-1,9.372010803E0,8.933422852E-1,-4.872517548E0
9.283450417E-1,9.287736053E0,-5.255570984E-1,-5.860762482E0
9.484540417E-1,1.070379135E1,-2.179318085E0,-5.769152985E0
9.685630418E-1,1.108669510E1,-4.067341919E0,-5.121449890E0
9.886720417E-1,9.717043304E0,-5.060676270E0,-4.032913513E0
1.008781042E0,8.738528137E0,-5.179080048E0,-2.549049225E0
1.028890042E0,8.371042328E0,-3.942351837E0,-1.789828033E0
1.048999042E0,7.876620483E0,-1.967658234E0,-1.761985931E0
1.069109042E0,7.160958710E0,-5.559439087E-1,-2.086810455E0
1.089218042E0,7.627239075E0,6.496490479E-2,-2.730621643E0
1.109327042E0,8.367599487E0,-2.094145203E-1,-3.062780914E0
1.129436042E0,8.471932526E0,-9.758207703E-1,-3.057841187E0
1.149545042E0,8.400531006E0,-1.051712952E0,-2.804567871E0
1.169654042E0,8.358169098E0,-8.339158630E-1,-2.746039581E0
1.189763042E0,8.690777435E0,-8.125103760E-1,-2.895129547E0
1.209872042E0,9.183852081E0,-1.086440735E0,-2.453248444E0
1.229981042E0,9.365125122E0,-1.117575989E0,-1.767973480E0
1.250090042E0,9.158404999E0,-1.101858673E0,-1.315165100E0
1.270199042E0,8.925489349E0,-1.271755371E0,-1.209784241E0
1.290309042E0,8.844208374E0,-1.086740112E0,-1.235530701E0
1.310418042E0,9.108858032E0,-6.836283875E-1,-1.308279419E0
1.330527042E0,9.557175751E0,-7.056326294E-1,-1.826950836E0
1.350636042E0,1.021520737E1,-1.140628052E0,-1.817221069E0
1.370745042E0,1.131347351E1,-1.164877625E0,-7.632627869E-1
1.390854042E0,1.274075546E1,-8.822653198E-1,1.577719116E-1
1.410963042E0,1.272428970E1,-4.273612976E-1,4.956193542E-1
1.431072042E0,1.182016983E1,9.145980835E-2,-4.620890808E-1
1.451181042E0,1.020966888E1,-1.115180969E0,-3.753294983E0
1.471290042E0,1.044408142E1,-1.295855255E0,-4.072281647E0
1.491400042E0,9.279353485E0,-2.209405518E0,-5.941444702E0
1.511509042E0,7.753726044E0,-2.151775360E0,-8.011789398E0
1.531618042E0,6.255042572E0,-5.873785400E-1,-7.436685333E0
1.551727042E0,7.080426178E0,1.597178650E-1,-5.645510101E0
1.571836042E0,8.673413544E0,-9.662406921E-1,-4.509971466E0
1.591944958E0,1.017583923E1,-2.743644562E0,-3.785777435E0
1.612053958E0,1.061891785E1,-4.446653137E0,-3.213667145E0
1.632162958E0,1.058898010E1,-5.600603485E0,-2.541864166E0
1.652271958E0,9.239087219E0,-4.338428192E0,-2.138602753E0
1.672380958E0,7.202871552E0,-1.071322174E0,-2.481090546E0
1.692489958E0,5.663173370E0,1.075214081E0,-2.530038757E0
1.712599958E0,5.265151062E0,2.148931274E0,-2.912343750E0
1.732708958E0,5.779481506E0,2.657423859E0,-3.385659485E0
1.752817958E0,6.907984772E0,2.617157593E0,-3.897594910E0
1.772926958E0,7.850724335E0,1.598974915E0,-4.160747681E0
1.793035958E0,8.887618103E0,5.483097839E-1,-3.878434753E0
1.813144958E0,9.926607513E0,-2.695893860E-1,-3.410058746E0
1.833253958E0,1.028556107E1,-7.300318909E-1,-2.962938538E0
1.853362958E0,9.926757202E0,-7.993377686E-1,-2.864293671E0
1.873471958E0,9.402247925E0,-4.941224670E-1,-3.073408813E0
1.893580958E0,9.478140106E0,3.787124634E-2,-3.311713257E0
1.913689958E0,1.010698242E1,7.878117371E-1,-3.421884155E0
1.933799958E0,1.038630157E1,1.554068298E0,-3.707041168E0
1.953908958E0,1.068912186E1,2.298919373E0,-3.989503784E0
1.974017958E0,1.090751770E1,2.743195496E0,-3.618275757E0
1.994126958E0,1.093206665E1,2.539469147E0,-2.926115112E0
2.014235958E0,1.034738251E1,1.646126862E0,-2.896027679E0
2.034344958E0,9.710007935E0,1.832189941E-1,-4.337979126E0
2.054453958E0,1.106948090E1,-1.150058441E0,-5.044060822E0
2.074562958E0,1.155237671E1,-5.635780334E-1,-6.267915802E0
2.094671958E0,1.007150620E1,-9.460327148E-1,-6.620432739E0
2.114780958E0,8.055947571E0,-3.138972473E0,-5.991291046E0
2.134889958E0,7.288044434E0,-5.023852844E0,-3.429218903E0
2.154999958E0,7.443421326E0,-5.893394623E0,-1.662442932E0
2.175108958E0,7.958500214E0,-4.586163025E0,-1.695973206E0
2.195217958E0,9.419013062E0,-1.528920593E0,-2.979853363E0
2.215326958E0,1.052760773E1,2.299218750E-1,-4.128414917E0
2.235435958E0,9.786947937E0,1.320553894E0,-4.839735718E0
2.255544958E0,9.079818420E0,1.802850952E0,-5.165308685E0
2.275653958E0,7.876171417E0,4.158352661E-1,-4.521647186E0
2.295762958E0,6.732998657E0,-1.391356659E0,-3.174598389E0
2.315871958E0,6.328539734E0,-2.383044434E0,-1.898651733E0
2.335980958E0,6.720873871E0,-2.822530518E0,-1.171314240E0
2.356089958E0,7.687713318E0,-2.477947083E0,-1.138981476E0
2.376199958E0,8.421337738E0,-1.617236938E0,-1.829046478E0
2.396308958E0,9.242530060E0,-6.798861694E-1,-2.627037048E0
2.416417958E0,9.757908325E0,8.277786255E-2,-3.299887848E0
2.436526958E0,9.849966888E0,5.544470215E-1,-3.608695679E0
2.456635958E0,1.003737717E1,6.027964783E-1,-3.472179565E0
2.476744958E0,1.031998947E1,4.583468628E-1,-2.917732544E0
2.496853958E0,1.045979874E1,2.927911377E-1,-2.607876892E0
2.516962958E0,1.085348007E1,-6.292913818E-1,-2.416275330E0
2.537071958E0,1.127889542E1,-1.800605621E0,-1.537901917E0
2.557180958E0,1.107771378E1,-1.805844727E0,-6.227050781E-1
2.577289958E0,1.043794418E1,-1.616488495E0,-1.883383484E0
2.597399417E0,1.130913254E1,-1.950444031E0,-4.762196960E0
2.617508417E0,1.379022308E1,-3.223546600E0,-4.974305878E0
2.637617417E0,1.114193024E1,-3.353027344E0,-5.181924133E0
2.657726417E0,7.789950714E0,-2.761756897E0,-5.437742157E0
2.677835417E0,5.652246094E0,-1.371448059E0,-5.651797028E0
2.697944417E0,4.972808990E0,1.360670471E-1,-5.881419525E0
2.718053417E0,5.507048035E0,1.219214630E0,-5.491779785E0
2.738162417E0,7.472311249E0,-3.453318787E-1,-5.094056854E0
2.758271417E0,8.943451996E0,-2.454296265E0,-4.543202362E0
2.778380417E0,9.863289185E0,-4.049978027E0,-3.548520813E0
2.798489417E0,1.032253418E1,-4.187691650E0,-2.955304413E0
2.818598417E0,9.477691040E0,-3.193309479E0,-2.702629852E0
2.838708417E0,8.164621582E0,-1.620979156E0,-2.830763397E0
2.858817417E0,6.990014191E0,8.187973022E-2,-3.202141113E0
2.878926417E0,6.691684570E0,1.222507782E0,-3.630101166E0
2.899035417E0,6.912625122E0,2.054777069E0,-3.563938751E0
2.919144417E0,7.643405457E0,2.296524353E0,-3.324436798E0
2.939253417E0,8.723858643E0,1.755848694E0,-3.350183258E0
2.959362417E0,9.352551270E0,1.026565247E0,-3.581302643E0
2.979471417E0,9.580976257E0,4.299060059E-1,-3.626957703E0
2.999580417E0,9.435329132E0,-6.017486572E-2,-3.420686646E0
3.019689417E0,9.300609283E0,-3.116519165E-1,-3.056643677E0
3.039798417E0,9.194479980E0,-2.827619934E-1,-2.883603516E0
3.059907417E0,8.985364838E0,-1.020877075E-1,-3.104843445E0
3.080017417E0,8.932824097E0,1.121168518E-1,-3.711232452E0
3.100126417E0,9.464967499E0,5.078938293E-1,-3.892206116E0
3.120235417E0,1.019649628E1,3.285667419E-1,-3.348386993E0
3.140344417E0,1.066846481E1,-3.134481812E-1,-2.571801910E0
3.160453417E0,1.028062134E1,-1.261426849E0,-3.489393768E0
3.180562417E0,1.085228256E1,-2.696193237E0,-5.131029968E0
3.200671417E0,1.182765427E1,-2.072140961E0,-6.221362610E0
3.220780417E0,1.085377945E1,-6.108796692E-1,-6.202801208E0
3.240889417E0,8.484356689E0,-2.566712494E0,-5.554199982E0
3.260998417E0,7.703430634E0,-4.072880402E0,-4.698429565E0
3.281107417E0,7.969577179E0,-4.684957581E0,-3.579356689E0
3.301217417E0,8.346493378E0,-4.133953400E0,-3.341950378E0
3.321326417E0,9.674382019E0,-3.038231964E0,-4.138144684E0
3.341435417E0,1.046174469E1,-2.236050110E0,-4.506678314E0
3.361544417E0,9.538015594E0,-1.789229279E0,-4.074676666E0
3.381653417E0,8.293353882E0,-1.170865173E0,-3.737577667E0
3.401762417E0,7.204667816E0,-8.394543457E-1,-3.422033844E0
3.421871417E0,6.584357758E0,-1.056203613E0,-2.978206787E0
3.441980417E0,6.725663910E0,-1.521286469E0,-2.371668091E0
3.462089417E0,7.315736847E0,-2.018851776E0,-1.901944885E0
3.482198417E0,8.100554810E0,-2.541265411E0,-1.734443207E0
3.502307417E0,8.671766968E0,-2.766696625E0,-1.825154572E0
3.522416417E0,9.198820953E0,-2.321372681E0,-2.214494934E0
3.542525417E0,9.700727234E0,-1.885928192E0,-2.494861908E0
3.562635417E0,9.969268799E0,-1.587897949E0,-2.481539612E0
3.582744417E0,1.009366013E1,-1.309626617E0,-2.357148285E0
3.602853958E0,1.023167313E1,-9.395960999E-1,-2.172731781E0
3.622962958E0,1.055200699E1,-5.631289673E-1,-1.844913483E0
3.643071958E0,1.095931000E1,-8.027806091E-1,-1.790426788E0
3.663180958E0,1.130673752E1,-2.039359131E0,-1.594933319E0
3.683289958E0,1.121063736E1,-2.792892151E0,-8.795709229E-1
3.703398958E0,1.073133408E1,-2.587519226E0,-8.419990540E-1
3.723507958E0,9.494456177E0,-3.315754852E0,-2.812501373E0
3.743616958E0,1.137110367E1,-4.075125732E0,-3.762575684E0
3.763725958E0,1.183424057E1,-4.312382355E0,-4.867727509E0
3.783834958E0,8.226592712E0,-3.673660583E0,-5.546865234E0
3.803944958E0,5.939199371E0,-2.763553162E0,-5.748945007E0
3.824053958E0,5.201832733E0,-1.579066315E0,-6.074817352E0
3.844162958E0,5.878874817E0,-5.403762817E-2,-6.030808868E0
3.864271958E0,7.496261444E0,2.733316040E-1,-5.754932556E0
3.884380958E0,9.251960449E0,-1.064286804E0,-5.375022583E0
3.904489958E0,1.016116974E1,-2.475402374E0,-4.502786407E0
3.924598958E0,1.046518753E1,-3.365601196E0,-3.678450623E0
3.944707958E0,9.960137787E0,-2.936293945E0,-3.290008392E0
3.964816958E0,8.891809387E0,-1.751358032E0,-3.401526489E0
3.984925958E0,7.716303864E0,-5.399272156E-1,-3.797004089E0
4.005034958E0,6.983427887E0,3.394940186E-1,-4.164938965E0
4.025143958E0,6.852300568E0,1.117575989E0,-4.254303131E0
4.045253958E0,7.066505127E0,1.658401337E0,-3.887266388E0
4.065362958E0,7.536078644E0,1.473236389E0,-3.458108826E0
4.085471958E0,8.235274658E0,8.249345398E-1,-3.284170532E0
4.105580958E0,8.878187714E0,4.586462402E-1,-3.299289093E0
4.125689958E0,9.023086395E0,2.309696960E-1,-3.233725433E0
4.145798958E0,8.919052734E0,2.381547546E-1,-3.098107452E0
4.165907958E0,8.917855225E0,5.116360474E-1,-2.879112854E0
4.186016958E0,9.007369080E0,9.862989807E-1,-3.107986908E0
4.206125958E0,9.244925079E0,1.458566895E0,-3.658392334E0
4.226234958E0,9.846973114E0,1.759141846E0,-3.989653473E0
4.246343958E0,1.055679703E1,1.596280518E0,-3.699556732E0
4.266452958E0,1.118025055E1,1.065783691E0,-3.008892975E0
4.286562958E0,1.179247742E1,7.685018921E-1,-2.229763184E0
4.306671958E0,1.188723038E1,5.685177612E-1,-1.870210876E0
4.326780958E0,1.073387878E1,5.147795105E-1,-2.421514435E0
4.346889958E0,9.231902161E0,-7.307803345E-1,-3.873794403E0
4.366998958E0,1.126841721E1,-2.294728088E0,-5.382207642E0
4.387107958E0,1.252834717E1,-3.555107117E-1,-7.453600159E0
4.407216958E0,8.947194214E0,-1.483265533E0,-7.455845490E0
4.427325958E0,6.145620117E0,-3.829935608E0,-5.122946777E0
4.447434958E0,6.256389771E0,-5.337750092E0,-2.555635529E0
4.467543958E0,7.342381439E0,-4.665498047E0,-1.485510864E0
4.487652958E0,9.126670990E0,-1.885778503E0,-2.606080627E0
4.507761958E0,1.104208786E1,5.924679565E-1,-4.274960175E0
4.527871958E0,1.099284027E1,1.908381500E0,-5.002746735E0
4.547980958E0,9.476493530E0,1.622625732E0,-4.831951904E0
4.568089958E0,7.948920135E0,1.160087585E0,-3.961811371E0
4.588198958E0,6.934629364E0,-7.125183105E-2,-2.675536194E0
4.608307792E0,6.665339355E0,-1.462458801E0,-1.647773438E0
4.628416792E0,6.706503754E0,-2.179916840E0,-8.846603394E-1
4.648525792E0,7.395670624E0,-2.129471741E0,-7.253915405E-1
4.668634792E0,8.186925201E0,-1.594933319E0,-1.082548828E0
4.688743792E0,9.058263245E0,-9.770182800E-1,-1.631157990E0
4.708852792E0,9.712852020E0,-3.109034729E-1,-2.278861084E0
4.728961792E0,9.998607788E0,-1.089733887E-1,-2.721790009E0
4.749071792E0,1.033211426E1,-2.023791504E-1,-2.695744171E0
4.769180792E0,1.084794159E1,-4.340972900E-2,-2.226619720E0
4.789289792E0,1.075752960E1,1.574725342E-1,-1.933828583E0
4.809398792E0,1.045605652E1,-7.646099854E-1,-2.481240234E0
4.829507792E0,1.106109833E1,-2.375559998E0,-1.711690521E0
4.849616792E0,1.152677994E1,-2.243085480E0,-7.619155884E-2
4.869725792E0,1.144564865E1,-1.457369385E0,3.508703613E-1
4.889834792E0,1.149803970E1,-1.025517426E0,-1.100062408E0
4.909943792E0,1.061652283E1,-1.747017059E0,-3.516038361E0
4.930052792E0,1.265408569E1,-2.500101013E0,-4.633314972E0
4.950161792E0,1.096155533E1,-3.515289917E0,-5.435945892E0
4.970270792E0,7.351362762E0,-3.391647034E0,-5.575755157E0
4.990380792E0,5.497617645E0,-1.993704071E0,-6.281836853E0
5.010489792E0,5.585185547E0,1.215472412E-1,-6.107748871E0
5.030598792E0,6.577172699E0,1.138831787E0,-5.161117401E0
5.050707792E0,8.378975830E0,2.164498901E-1,-4.835993500E0
5.070816792E0,9.566606140E0,-1.533710632E0,-4.371210022E0
5.090925792E0,1.024394760E1,-3.181783447E0,-3.310515747E0
5.111034792E0,1.051518356E1,-4.099375305E0,-2.777324524E0
5.131143792E0,9.296118622E0,-3.105891266E0,-2.528541870E0
5.151252792E0,7.523953857E0,-1.055155792E0,-2.455942841E0
5.171361792E0,6.442901917E0,3.770658875E-1,-2.659818878E0
5.191470792E0,6.189329224E0,1.152303772E0,-3.313210144E0
5.211580792E0,6.706354065E0,1.894011383E0,-3.691772919E0
5.231689792E0,7.343578949E0,2.343825989E0,-3.613485718E0
5.251798792E0,8.265811157E0,2.235900421E0,-3.471730499E0
5.271907792E0,8.944200439E0,2.134710846E0,-3.567531281E0
5.292016792E0,9.098828888E0,1.701960754E0,-3.519630890E0
5.312125792E0,9.044491882E0,1.002914429E0,-3.275338898E0
5.332234792E0,9.167536011E0,5.978567505E-1,-3.043770447E0
5.352343792E0,9.466763763E0,4.692741394E-1,-2.847378845E0
5.372452792E0,9.733509064E0,5.110372925E-1,-3.220403137E0
5.392561792E0,1.024394760E1,1.050814819E0,-3.916455688E0
5.412670792E0,1.121153549E1,2.064506836E0,-3.989503784E0
5.432780792E0,1.197015793E1,2.368524628E0,-3.497027893E0
5.452889792E0,1.201042419E1,1.809736633E0,-3.218307495E0
5.472998792E0,1.072639435E1,4.794529724E-1,-4.338877258E0
5.493107792E0,1.158426041E1,-1.185384979E0,-5.212610321E0
5.513216792E0,1.207823318E1,-4.385879517E-2,-5.896538086E0
5.533325792E0,1.004052063E1,6.343807983E-1,-5.842650146E0
5.553434792E0,7.216193848E0,-1.564995575E0,-5.975424042E0
5.573543792E0,6.319708099E0,-4.317621460E0,-4.999004517E0
5.593652792E0,6.807244263E0,-6.055357819E0,-2.861299896E0
5.613761792E0,8.171207886E0,-5.395380249E0,-1.513951721E0
5.633870792E0,9.501491547E0,-2.209405518E0,-1.884131927E0
5.653980792E0,1.087922653E1,-5.673202515E-2,-3.466491394E0
5.674089792E0,1.075498489E1,1.617536316E0,-5.024301910E0
5.694198792E0,9.398505707E0,2.842588806E0,-5.579796753E0
5.714307792E0,8.044421539E0,2.614163818E0,-4.837789764E0
5.734416792E0,7.150480499E0,5.833369446E-1,-3.523373108E0
5.754525792E0,6.505471802E0,-1.200802917E0,-2.320624237E0
5.774634792E0,6.312972107E0,-2.265389099E0,-1.751208344E0
5.794743792E0,6.830446014E0,-2.663411407E0,-1.508562927E0
5.814852792E0,7.674690399E0,-2.153721313E0,-1.600920868E0
5.834961792E0,8.368048553E0,-1.358574829E0,-2.037712555E0
5.855070792E0,8.994645538E0,-7.408094788E-1,-2.631976776E0
5.875180792E0,9.660311279E0,-3.890409851E-1,-3.029250641E0
5.895289792E0,1.018990997E1,-2.418969727E-1,-3.074756012E0
5.915398792E0,1.044677582E1,-2.339634705E-1,-2.953059082E0
5.935507792E0,1.044303360E1,-3.522175598E-1,-3.005899200E0
5.955616792E0,1.052102142E1,-7.074288940E-1,-3.159928894E0
5.975725792E0,1.080782501E1,-1.266665955E0,-2.339035950E0
5.995834792E0,1.127620102E1,-1.350940704E0,-8.298742676E-1
6.015943792E0,1.162258072E1,-6.791377258E-1,-2.857557678E-1
6.036052792E0,1.150238068E1,1.694476318E-1,-1.673070831E0
6.056161792E0,1.140298737E1,-6.572831726E-1,-5.375621338E0
6.076270792E0,1.311303131E1,-1.653461609E0,-6.718628540E0
6.096380792E0,1.045515839E1,-3.390898590E0,-5.934259644E0
6.116489792E0,7.262148285E0,-3.067271576E0,-5.585484924E0
6.136598792E0,5.307962036E0,-1.172661438E0,-6.251000977E0
6.156707792E0,5.261259155E0,1.135239258E0,-6.648274841E0
6.176816792E0,6.211034088E0,2.480192413E0,-5.839057617E0
6.196925792E0,7.815996552E0,1.672771454E0,-5.550457764E0
6.217034792E0,9.418713684E0,-8.741821289E-1,-5.384452972E0
6.237143792E0,9.657317505E0,-3.306623840E0,-3.880829773E0
6.257252792E0,9.411079559E0,-4.537514191E0,-2.199076996E0
6.277361792E0,8.414751434E0,-3.797602844E0,-1.938019867E0
6.297471792E0,6.855444031E0,-1.773961029E0,-2.326911163E0
6.317580792E0,5.922583923E0,4.207749939E-1,-2.872376862E0
6.337689792E0,6.124364319E0,1.636546783E0,-3.567381592E0
6.357798792E0,6.666237488E0,2.227368164E0,-4.146976318E0
6.377907792E0,7.286697235E0,2.091899872E0,-4.220623169E0
6.398016792E0,8.198900299E0,1.123862915E0,-4.228556671E0
6.418125792E0,9.073232117E0,5.081932068E-1,-4.095184021E0
6.438234792E0,9.553583221E0,1.013392639E-1,-3.753594360E0
6.458343792E0,9.733209686E0,-2.751278687E-1,-3.364852753E0
6.478452792E0,9.996212769E0,-3.667373657E-1,-3.135829010E0
6.498562792E0,1.034678375E1,-1.749861145E-1,-3.241060181E0
6.518671792E0,1.048629364E1,4.875361633E-1,-3.626358948E0
6.538780792E0,1.032687515E1,1.880689087E0,-4.078867950E0
6.558889792E0,1.052835617E1,3.111729126E0,-3.861070862E0
6.578998792E0,1.101170105E1,3.536695404E0,-3.055895233E0
6.599108208E0,1.134984787E1,2.421065369E0,-2.523302765E0
6.619217208E0,1.050530411E1,6.098318481E-1,-3.576961670E0
6.639326208E0,1.098760117E1,-1.473086700E0,-5.689219208E0
6.659435208E0,1.070918015E1,-1.792223053E0,-6.856342163E0
6.679544208E0,9.218130798E0,-1.202599182E0,-6.983577576E0
6.699654208E0,7.309898987E0,-3.492986298E0,-5.447172546E0
6.719763208E0,6.978338470E0,-5.186115417E0,-3.424877930E0
6.739872208E0,7.910300446E0,-5.393733673E0,-2.360890503E0
6.759981208E0,9.003327484E0,-3.437302094E0,-2.553988953E0
6.780090208E0,1.028705795E1,-1.488504639E0,-3.575315094E0
6.800199208E0,1.079480209E1,3.833528137E-1,-4.834646301E0
6.820308208E0,9.488618317E0,1.835782471E0,-5.073250122E0
6.840417208E0,8.024662628E0,2.170486450E0,-4.613705750E0
6.860526208E0,6.884483643E0,1.246008911E0,-4.129013672E0
6.880635208E0,6.407276001E0,-1.993853760E-1,-3.538791046E0
6.900745208E0,6.516848145E0,-1.706451416E0,-2.567311249E0
6.920854208E0,7.124734039E0,-2.334844666E0,-1.801204376E0
6.940963208E0,8.182135162E0,-2.248623962E0,-1.503323822E0
6.961072208E0,8.860674133E0,-1.722168732E0,-1.832639008E0
6.981181208E0,8.978030090E0,-1.194665680E0,-2.424059143E0
7.001290208E0,9.246421967E0,-6.810836792E-1,-3.049458618E0
7.021399208E0,9.449699249E0,-2.601589966E-1,-3.194806366E0
7.041508208E0,9.880204010E0,4.790039062E-3,-2.973716125E0
7.061617208E0,1.038884628E1,1.877096558E-1,-2.737956390E0
7.081726208E0,1.066008224E1,2.923420715E-1,-2.613265686E0
7.101836208E0,1.084150497E1,-2.535726929E-1,-2.902015228E0
7.121945208E0,1.113758926E1,-1.127006378E0,-2.278861084E0
7.142054208E0,1.131347351E1,-9.876461792E-1,-7.171586609E-1
7.162163208E0,1.120674545E1,-2.341131592E-1,-9.610015869E-2
7.182272208E0,1.010803024E1,-8.867559814E-1,-3.545227661E0
7.202381208E0,1.273880951E1,-1.838626556E0,-5.516628113E0
7.222490208E0,1.299911819E1,-4.080364838E0,-6.435716858E0
7.242599208E0,9.169931030E0,-4.099824371E0,-6.401438141E0
7.262708208E0,6.267616425E0,-2.363584900E0,-6.013444977E0
7.282818208E0,4.766987000E0,-1.826202393E-1,-6.305637360E0
7.302927208E0,5.250631256E0,1.579216003E0,-5.771997070E0
7.323036208E0,6.409221954E0,2.140548706E0,-5.390141144E0
7.343145208E0,8.779393158E0,5.740562439E-1,-5.692063293E0
7.363254208E0,9.772577820E0,-1.653311920E0,-4.746629333E0
7.383363208E0,1.001133133E1,-3.553460541E0,-3.355122986E0
7.403472208E0,9.649084625E0,-4.167483673E0,-2.549198914E0
7.423581208E0,8.466843109E0,-3.061433716E0,-2.392325134E0
7.443691208E0,7.134314117E0,-1.091230774E0,-2.781066742E0
7.463800208E0,6.503226471E0,3.610491943E-1,-3.427871704E0
7.483909208E0,6.761439514E0,1.175954590E0,-4.171225891E0
7.504018208E0,7.198680267E0,1.945204926E0,-4.427343292E0
7.524127208E0,7.549999695E0,1.639390869E0,-4.368964691E0
7.544236208E0,8.039930878E0,7.473957825E-1,-4.346361694E0
7.564345208E0,8.475375366E0,1.707948303E-1,-4.064946899E0
7.584454208E0,8.829987946E0,-3.233276367E-1,-3.622167664E0
7.604567542E0,9.094338226E0,-6.405180359E-1,-3.448828125E0
7.624676542E0,9.625284119E0,-7.032376099E-1,-3.301833801E0
7.644785542E0,1.020143600E1,-2.535726929E-1,-3.224295044E0
7.664894542E0,1.045201492E1,5.614823914E-1,-3.376378784E0
7.685003542E0,1.063658112E1,1.624122620E0,-3.700305176E0
7.705112542E0,1.062924637E1,2.499202881E0,-3.643124084E0
7.725221542E0,1.073163345E1,2.954555969E0,-3.212319946E0
7.745331542E0,1.095571747E1,2.705324249E0,-2.936593323E0
7.765440542E0,1.017194733E1,1.488504639E0,-3.665577393E0
7.785549542E0,1.074884766E1,9.879455566E-2,-5.130880280E0
7.805658542E0,1.130539032E1,-3.830534363E-1,-5.857319641E0
7.825767542E0,1.003453308E1,1.874102783E-1,-6.667584686E0
7.845876542E0,7.904312897E0,-1.788181458E0,-6.576873322E0
7.865985542E0,6.797664185E0,-4.274660797E0,-5.375321960E0
7.886095542E0,7.167395325E0,-5.948180695E0,-2.903811493E0
7.906204542E0,8.084687805E0,-5.501060486E0,-1.653162231E0
7.926313542E0,9.082363129E0,-2.636617126E0,-2.176623688E0
7.946422542E0,1.061981598E1,-4.020639038E-1,-3.768862610E0
7.966531542E0,1.110480743E1,1.557211761E0,-5.058580627E0
7.986640542E0,9.761201477E0,2.889890442E0,-5.335654449E0
8.006749542E0,8.151598663E0,2.518063660E0,-5.010081482E0
8.026859542E0,7.157515869E0,8.801696777E-1,-4.262086945E0
8.046968542E0,6.780449982E0,-1.122366028E0,-3.247945862E0
8.067077542E0,6.457122345E0,-2.136357422E0,-2.273771667E0
8.087186542E0,6.903643799E0,-2.651136932E0,-1.579066315E0
8.107295542E0,7.716603241E0,-2.328557739E0,-1.442400513E0
8.127404542E0,8.362210693E0,-1.656754761E0,-1.913620605E0
8.147514542E0,8.887169037E0,-1.019978943E0,-2.478096771E0
8.167623542E0,9.375303955E0,-2.183958435E-1,-3.031346283E0
8.187732542E0,9.680070190E0,3.366499329E-1,-3.341052246E0
8.207841542E0,9.940229187E0,6.744973755E-1,-3.305875397E0
8.227950542E0,1.026580215E1,8.334667969E-1,-3.186723175E0
8.248059542E0,1.069136719E1,7.168592834E-1,-3.202889557E0
8.268169542E0,1.092563004E1,-2.535726929E-1,-2.401306458E0
8.288278542E0,1.109358078E1,-1.384770355E0,-1.134939880E0
8.308387542E0,1.138637192E1,-1.464554443E0,-5.629792786E-1
8.328496542E0,1.099074463E1,-1.309476929E0,-1.907483368E0
8.348605542E0,1.169772446E1,-1.404978333E0,-4.305197296E0
8.368714542E0,1.284643570E1,-1.569935303E0,-5.446124725E0
8.388824542E0,1.005668701E1,-2.497556305E0,-5.905519409E0
8.408933542E0,7.990683289E0,-2.572101288E0,-5.506149902E0
8.429042542E0,6.606511688E0,-9.310638428E-1,-5.581892395E0
8.449151542E0,5.359604645E0,7.752378845E-1,-5.921536102E0
8.469260542E0,5.110073547E0,2.098486176E0,-6.050118713E0
8.489369542E0,6.804549866E0,1.770368500E0,-6.215824127E0
8.509479542E0,9.083860016E0,-2.125579834E-2,-5.920637970E0
8.529588542E0,9.891580353E0,-1.424737244E0,-4.750221863E0
8.549697542E0,9.999954987E0,-2.144290924E0,-3.519481201E0
8.569806542E0,9.465117188E0,-1.876048737E0,-2.904260559E0
8.589915542E0,8.517587585E0,-8.702902222E-1,-2.587519226E0
8.610021083E0,7.588918762E0,2.472857666E-1,-2.730621643E0
8.630131083E0,6.972949677E0,9.830058289E-1,-3.535797272E0
8.650240083E0,6.796616364E0,1.273401947E0,-4.123475189E0
8.670349083E0,6.970704346E0,1.690734100E0,-4.030967560E0
8.690458083E0,7.422165527E0,1.374591522E0,-3.911066895E0
8.710567083E0,8.066575470E0,7.146139526E-1,-3.956721954E0
8.730677083E0,8.693920898E0,3.814068604E-1,-4.006867676E0
8.750786083E0,9.015302582E0,3.758683777E-1,-4.014950867E0
8.770895083E0,9.323811035E0,5.122348022E-1,-3.985462189E0
8.791004083E0,9.616153107E0,6.941065979E-1,-4.038302307E0
8.811113083E0,9.959389343E0,8.264314270E-1,-4.151466980E0
8.831222083E0,1.038480469E1,8.193960571E-1,-4.160747681E0
8.851332083E0,1.071187454E1,1.043779449E0,-3.789669342E0
8.871441083E0,1.087353836E1,1.396745453E0,-3.292253723E0
8.891550083E0,1.083027832E1,1.478475494E0,-2.889141998E0
8.911659083E0,1.039588165E1,1.359173584E0,-3.191812592E0
8.931768083E0,1.010219238E1,1.020577698E0,-5.433999939E0
8.951877083E0,1.109328140E1,8.812174988E-1,-6.975644073E0
8.971987083E0,1.051248917E1,1.412013702E0,-7.551646271E0
8.992096083E0,7.731871490E0,-4.076023865E-1,-6.895710297E0
9.012205083E0,6.085744629E0,-2.921624451E0,-5.481002197E0
9.032314083E0,6.071524200E0,-4.751718750E0,-3.291355591E0
9.052423083E0,7.184759216E0,-4.707710266E0,-1.806443481E0
9.072533083E0,8.700656891E0,-2.246079254E0,-1.948947144E0
9.092642083E0,1.070439011E1,-2.326162720E-1,-3.132535858E0
9.112751083E0,1.151974457E1,1.405876465E0,-4.839286652E0
9.132860083E0,1.045680496E1,2.581381989E0,-5.846542053E0
9.152969083E0,9.109456787E0,2.186054077E0,-5.805677032E0
9.173079083E0,7.842192078E0,7.399113464E-1,-4.845423889E0
9.193188083E0,7.017706604E0,-4.001179504E-1,-3.608995056E0
9.213297083E0,6.336024170E0,-1.325493622E0,-2.490071869E0
9.233406083E0,6.372099152E0,-1.902693329E0,-1.756896515E0
9.253515083E0,7.309898987E0,-1.946103058E0,-1.979184265E0
9.273624083E0,8.258476410E0,-1.704206085E0,-2.469265137E0
9.293734083E0,8.530161438E0,-1.663341064E0,-2.760110321E0
9.313843083E0,8.869655457E0,-1.172511749E0,-3.220552826E0
9.333952083E0,9.382638702E0,-2.318678284E-1,-3.637884979E0
9.354061083E0,9.784702606E0,6.691085815E-1,-3.720662842E0
9.374170083E0,1.029050079E1,1.107397156E0,-3.770509186E0
9.394280083E0,1.062460602E1,9.665400696E-1,-3.929179230E0
9.414389083E0,1.114133148E1,7.229965210E-2,-3.541784821E0
9.434498083E0,1.104029160E1,-1.025667114E0,-2.482437744E0
9.454607083E0,1.075498489E1,-1.288370819E0,-1.428180084E0
9.474716083E0,1.058194473E1,-7.631130981E-1,-7.146139526E-1
9.494825083E0,1.048958679E1,-3.444337463E-1,-1.663341064E0
9.514935083E0,1.031983978E1,-4.215234375E-1,-4.284390564E0
9.535044083E0,1.149998566E1,-7.291337585E-1,-6.564748535E0
9.555153083E0,9.465416565E0,-2.167941742E0,-7.169041901E0
9.575262083E0,7.191046143E0,-2.029180298E0,-6.506819000E0
9.595371083E0,5.526657257E0,-4.569996643E-1,-6.151308289E0
9.615480958E0,4.733007660E0,1.074166260E0,-5.711822205E0
9.635589958E0,5.980513458E0,1.412163391E0,-5.065615997E0
9.655698958E0,8.637039185E0,5.551954651E-1,-5.331912231E0
9.675807958E0,1.040171951E1,-6.325845337E-1,-5.122348022E0
9.695916958E0,1.128802643E1,-1.910177765E0,-4.312082977E0
9.716026958E0,1.050530411E1,-2.026934967E0,-3.651955719E0
9.736135958E0,9.049431610E0,-1.409618683E0,-2.990331573E0
9.756244958E0,7.579039307E0,-4.227209473E-1,-2.655627594E0
9.776353958E0,6.636150055E0,4.797523499E-1,-2.926414490E0
9.796462958E0,6.253096619E0,1.141975250E0,-3.297492828E0
9.816571958E0,6.536157990E0,1.265318756E0,-3.579207001E0
9.836681958E0,7.202422485E0,6.607260132E-1,-3.819756775E0
9.856790958E0,8.098908234E0,-2.844085693E-1,-4.159400482E0
9.876899958E0,8.696465607E0,-1.030307465E0,-4.144431610E0
9.897008958E0,8.994346161E0,-1.380878448E0,-3.735781403E0
9.917117958E0,9.320667572E0,-1.049018555E0,-3.541186066E0
9.937227958E0,9.769284668E0,-4.104464722E-1,-3.495231628E0
9.957336958E0,1.044902115E1,3.673361206E-1,-3.397335205E0
9.977445958E0,1.091380463E1,1.361418915E0,-3.461851044E0
9.997554958E0,1.094269455E1,2.213896179E0,-3.777245178E0
1.001766396E1,1.098565521E1,2.918181610E0,-3.977378998E0
1.003777396E1,1.085422852E1,3.274141388E0,-3.824097748E0
1.005788296E1,9.982441406E0,2.821632385E0,-4.421505432E0
1.007799196E1,1.074166260E1,1.967807922E0,-5.703739014E0
1.009810096E1,1.160910873E1,1.394949188E0,-6.201454010E0
1.011820996E1,1.030666718E1,8.812174988E-1,-5.961802368E0
1.013831896E1,8.423583069E0,-1.039588165E0,-5.881569214E0
1.015842896E1,7.176526337E0,-3.205284576E0,-5.567222900E0
1.017853796E1,6.948400726E0,-4.749473419E0,-3.224295044E0
1.019864696E1,7.568860474E0,-4.470902710E0,-1.442400513E0
1.021875596E1,8.305328979E0,-1.972597961E0,-1.245260468E0
1.023886496E1,9.727671204E0,-3.861968994E-1,-2.280357971E0
1.025897496E1,1.071217392E1,5.602848816E-1,-4.036056976E0
1.027908396E1,9.850116577E0,1.127305756E0,-5.039869537E0
1.029919296E1,8.865613861E0,1.186133423E0,-5.297334137E0
1.031930196E1,7.978109436E0,1.811233521E-2,-4.541705475E0
1.033941096E1,7.286397858E0,-1.142574005E0,-3.372636566E0
1.035951996E1,7.032825165E0,-1.961670685E0,-2.501747589E0
1.037962996E1,7.471862183E0,-2.489922180E0,-1.748064880E0
1.039973896E1,8.494086456E0,-2.369722137E0,-1.690734100E0
1.041984796E1,9.066945190E0,-1.652264099E0,-1.964664459E0
1.043995696E1,9.479936371E0,-6.617738342E-1,-2.515668640E0
1.046006596E1,9.484277344E0,3.049159241E-1,-3.258424072E0
1.048017596E1,9.152716827E0,8.128097534E-1,-3.094814301E0
1.050028496E1,9.134305115E0,6.761439514E-1,-2.369722137E0
1.052039396E1,9.300908661E0,2.767744446E-1,-1.751956787E0
1.054050296E1,9.522747345E0,-2.492317200E-1,-1.881437531E0
1.056061196E1,1.013766861E1,-1.035995636E0,-2.157313843E0
1.058072196E1,1.070049820E1,-1.873354340E0,-1.766027527E0
1.060083096E1,1.060065582E1,-2.370171204E0,-1.314865723E0
1.062093996E1,1.048674271E1,-2.283800812E0,-9.945318604E-1
1.064104896E1,1.060799057E1,-1.763931885E0,-6.792874146E-1
1.066115796E1,1.031145721E1,-1.765428772E0,-2.514620819E0
1.068126796E1,1.094449081E1,-1.985920258E0,-3.393293610E0
1.070137696E1,1.342797638E1,-2.508932648E0,-5.064867554E0
1.072148596E1,1.123728195E1,-2.166594543E0,-5.715115356E0
1.074159496E1,8.096363525E0,-1.787732391E0,-5.440436554E0
1.076170396E1,6.245312805E0,-4.998106384E-1,-5.514682159E0
1.078181396E1,5.118306427E0,1.094523926E0,-5.347180481E0
1.080192296E1,5.188360748E0,1.794019318E0,-4.800068207E0
1.082203196E1,7.243736572E0,2.721340942E-1,-4.976850586E0
1.084214096E1,9.199270020E0,-1.882036285E0,-4.568499756E0
1.086224996E1,1.006851242E1,-3.115022278E0,-3.559897156E0
1.088235996E1,9.639354858E0,-2.751578064E0,-3.135978699E0
1.090246896E1,8.929231567E0,-1.286873932E0,-3.539539490E0
1.092257796E1,8.241711273E0,-9.699829102E-2,-3.888912964E0
1.094268696E1,7.446265411E0,3.827540588E-1,-4.081712036E0
1.096279596E1,7.351811829E0,4.960684204E-1,-4.029919739E0
1.098290596E1,7.890391846E0,4.879852295E-1,-4.003873901E0
1.100301496E1,8.709189148E0,3.653901672E-1,-4.083208923E0
1.102312396E1,9.422306213E0,9.325607300E-2,-4.216581573E0
1.104323296E1,9.618847504E0,-1.281335449E-1,-4.143982544E0
1.106334296E1,9.336085510E0,-1.080752563E-1,-3.589535522E0
1.108345196E1,8.829089813E0,3.249742126E-1,-2.980901184E0
1.110356096E1,8.836125183E0,9.870474243E-1,-3.069217529E0
1.112366996E1,9.052275696E0,1.813478851E0,-3.692671051E0
1.114377896E1,9.081165619E0,2.641407166E0,-4.331841888E0
1.116388896E1,9.412127380E0,3.122207336E0,-4.545148315E0
1.118399796E1,9.950258331E0,3.222199402E0,-4.648882599E0
1.120410696E1,1.010054581E1,2.736459503E0,-4.483476562E0
1.122421596E1,9.932145996E0,1.832639008E0,-3.839815063E0
1.124432596E1,9.780661011E0,9.689350891E-1,-3.180885315E0
1.126443496E1,9.591155090E0,1.434017944E-1,-2.739153900E0
1.128454396E1,8.846004639E0,-4.568499756E-1,-3.630250854E0
1.130465296E1,8.943751373E0,-1.276246033E0,-5.848488007E0
1.132476196E1,1.127455444E1,-8.876541138E-1,-7.085515594E0
1.134487196E1,1.020188507E1,-6.252497864E-1,-7.120692444E0
1.136498096E1,7.294780426E0,-2.229763184E0,-6.029761047E0
1.138508996E1,5.951324158E0,-4.143533478E0,-4.180506592E0
1.140519896E1,6.025120697E0,-5.368585968E0,-2.395618286E0
1.142530896E1,6.977140961E0,-3.956272888E0,-1.595681763E0
1.144541796E1,8.946445770E0,-8.958869934E-1,-2.299817505E0
1.146552696E1,1.102756805E1,1.011296997E0,-4.140240326E0
1.148563596E1,1.181508041E1,2.643502808E0,-5.933960266E0
1.150574596E1,1.164174088E1,2.927462311E0,-6.888525238E0
1.152585496E1,1.048749115E1,1.416803741E0,-6.318809967E0
1.154596396E1,8.460107117E0,-2.477348328E-1,-4.428241425E0
1.156607296E1,6.888525238E0,-1.516197052E0,-2.689756622E0
1.158618296E1,6.058650970E0,-2.084415436E0,-1.431922302E0
1.160629554E1,6.082601166E0,-2.150727539E0,-8.684939575E-1
1.162640454E1,6.989116058E0,-1.937720490E0,-9.806108093E-1
1.164651354E1,8.187523956E0,-1.594484253E0,-1.682950287E0
1.166662254E1,9.066945190E0,-1.436113586E0,-2.590812378E0
1.168673254E1,9.866732025E0,-1.339714050E0,-3.305276642E0
1.170684154E1,1.026939468E1,-1.094823303E0,-3.477268982E0
1.172695054E1,1.052251831E1,-6.842271423E-1,-3.272943878E0
1.174705954E1,1.054407349E1,-4.782554626E-1,-3.073708191E0
1.176716954E1,1.030576904E1,-5.834866333E-1,-3.119962006E0
1.178727854E1,1.031235535E1,-7.238946533E-1,-3.098257141E0
1.180738754E1,1.042102936E1,-4.631369019E-1,-1.906884613E0
1.182749654E1,1.068148773E1,9.699829102E-2,-1.045126648E0
1.184760654E1,1.097397949E1,4.396357727E-1,-7.749385071E-1
1.186771554E1,1.087728058E1,-3.532653809E-2,-2.140848083E0
1.188782454E1,1.027164001E1,-1.126707001E0,-4.750970306E0
1.190793354E1,1.226309875E1,-2.910996552E0,-5.307213593E0
1.192804354E1,1.056128769E1,-4.014801178E0,-6.064488831E0
1.194815254E1,8.250991974E0,-3.448379059E0,-6.126609650E0
1.196826154E1,5.985153809E0,-1.165925446E0,-6.541995850E0
1.198837054E1,5.151387634E0,9.151968384E-1,-6.267317047E0
1.200848054E1,6.017935638E0,1.092577972E0,-5.267396393E0
1.202858954E1,8.114026794E0,-1.514849854E-1,-4.809348907E0
1.204869854E1,9.303004303E0,-1.594933319E0,-3.584595795E0
1.206880754E1,9.933343506E0,-3.264710999E0,-2.635868683E0
1.208891754E1,9.792636108E0,-3.516487427E0,-2.261796570E0
1.210902654E1,8.501870270E0,-2.195484467E0,-2.398911438E0
1.212913554E1,7.084318085E0,-4.990621948E-1,-2.592908020E0
1.214924454E1,6.375991058E0,9.229806519E-1,-3.134781189E0
1.216935454E1,6.401138763E0,1.903441772E0,-4.046235809E0
1.218946354E1,7.099736023E0,2.449057159E0,-4.587061157E0
1.220957254E1,8.024662628E0,2.200424194E0,-4.565505981E0
1.222968154E1,8.800798645E0,1.472787323E0,-4.425696716E0
1.224979154E1,9.375902710E0,7.494914246E-1,-3.901187439E0
1.226990054E1,9.573940887E0,3.532653809E-1,-3.482358398E0
1.229000954E1,9.506730652E0,4.177812195E-1,-3.226091309E0
1.231011854E1,9.305998077E0,7.508386230E-1,-3.381917267E0
1.233022854E1,9.087751923E0,8.961863708E-1,-3.877985687E0
1.235033754E1,9.094787292E0,9.190887451E-1,-4.260739746E0
1.237044654E1,9.666747894E0,1.164578247E0,-4.236639862E0
1.239055554E1,1.046773224E1,1.289867706E0,-3.831432495E0
1.241066554E1,1.122815094E1,1.183738403E0,-3.400628357E0
1.243077454E1,1.090437424E1,1.168769531E0,-3.215313721E0
1.245088354E1,9.827812958E0,1.087189178E0,-5.090913391E0
1.247099254E1,1.141571091E1,1.054107971E0,-5.994434509E0
1.249110254E1,1.113190109E1,1.804198151E0,-6.454427948E0
1.251121154E1,9.289232941E0,2.411485291E-1,-6.069578247E0
1.253132054E1,7.605833588E0,-2.452500000E0,-6.106701050E0
1.255142954E1,7.211104431E0,-5.079986115E0,-3.894900513E0
1.257153954E1,7.661517792E0,-6.428681488E0,-1.739532623E0
1.259164854E1,8.605604553E0,-5.390889587E0,-1.437161407E0
1.261175392E1,9.972112885E0,-2.740650787E0,-2.338736572E0
1.263186292E1,1.127934448E1,-6.069877625E-1,-3.641028442E0
1.265197292E1,1.054736664E1,1.325643311E0,-4.739444275E0
1.267208192E1,9.509574738E0,2.217339020E0,-5.577551422E0
1.269219092E1,8.521030426E0,1.401086426E0,-5.293891296E0
1.271229992E1,7.441625061E0,-2.847079468E-1,-4.114044800E0
1.273240992E1,6.746470642E0,-1.699715424E0,-2.814147949E0
1.275251892E1,6.810836792E0,-2.460283813E0,-1.758393402E0
1.277262792E1,7.502548370E0,-2.717748413E0,-1.304537201E0
1.279273792E1,8.003706207E0,-2.466870117E0,-1.489702148E0
1.281284692E1,8.321046295E0,-1.713935852E0,-2.007924500E0
1.283295592E1,8.805139618E0,-9.648934937E-1,-2.685715027E0
1.285306492E1,9.480086060E0,-4.327500916E-1,-3.302133179E0
1.287317492E1,1.008318192E1,-6.256988525E-2,-3.587140503E0
1.289328392E1,1.043764481E1,5.403762817E-2,-3.414250031E0
1.291339292E1,1.041204803E1,1.059796143E-1,-2.780467987E0
1.293350192E1,9.983638916E0,-3.872447205E-1,-2.651436310E0
1.295361192E1,9.755213928E0,-1.227597198E0,-2.241588593E0
1.297372092E1,1.000938538E1,-1.415157166E0,-1.016386414E0
1.299382992E1,1.038330780E1,-7.744894409E-1,-7.225474548E-1
1.301393992E1,1.096320190E1,-1.929487610E-1,-8.915460205E-1
1.303404892E1,1.137798935E1,4.797523499E-1,-2.187251587E0
1.305415792E1,1.007360184E1,-9.809101868E-1,-4.448299713E0
1.307426692E1,1.240440491E1,-2.894081726E0,-4.748724976E0
1.309437692E1,9.961934052E0,-4.526586914E0,-5.162464600E0
1.311448592E1,7.424560547E0,-3.460952911E0,-4.954247589E0
1.313459492E1,5.632936249E0,-1.723815308E0,-5.315446472E0
1.315470492E1,5.774242401E0,4.550537109E-2,-5.255570984E0
1.317481392E1,6.980284424E0,-1.883084106E-1,-5.089117126E0
1.319492292E1,9.308393097E0,-9.969268799E-1,-5.415737915E0
1.321503192E1,1.062236069E1,-1.848955078E0,-4.612059174E0
1.323514192E1,1.109028763E1,-3.017724609E0,-3.943848724E0
1.325525092E1,1.040755737E1,-3.351081390E0,-3.567082214E0
1.327535992E1,8.840466156E0,-2.268532562E0,-2.985541534E0
1.329546992E1,7.253017273E0,-7.021897888E-1,-2.593656464E0
1.331557892E1,6.496340790E0,5.340893555E-1,-3.076552277E0
1.333568792E1,6.599326630E0,1.319655762E0,-3.776347046E0
1.335579692E1,7.389084320E0,1.713935852E0,-4.088597717E0
1.337590692E1,8.145611115E0,1.916165314E0,-3.914809113E0
1.339601592E1,8.624914398E0,1.609752502E0,-3.714974670E0
1.341612492E1,8.942853241E0,1.031055908E0,-3.535797272E0
1.343623492E1,8.959169312E0,5.536985779E-1,-3.522474976E0
1.345634392E1,8.847501526E0,7.334747314E-3,-3.072959747E0
1.347645292E1,8.688083038E0,-1.246907043E-1,-2.713856506E0
1.349656292E1,8.646170197E0,3.689826965E-1,-3.117117920E0
1.351667192E1,9.239985352E0,8.532257080E-1,-3.915856934E0
1.353678092E1,9.987081757E0,1.185534668E0,-4.217180328E0
1.355688992E1,1.062819855E1,1.059945831E0,-3.855682068E0
1.357699992E1,1.131856293E1,5.104385376E-1,-2.863395538E0
1.359710892E1,1.159683426E1,-1.923500061E-1,-2.036365356E0
1.361721804E1,1.070843170E1,-4.701722717E-1,-2.126927032E0
1.363732804E1,9.303153992E0,-7.283853149E-1,-3.780987396E0
1.365743704E1,1.076725937E1,-1.649270325E0,-4.853207703E0
1.367754604E1,1.151046387E1,-5.388793945E-3,-6.163133698E0
1.369765604E1,9.898765411E0,-6.587800598E-1,-5.682333527E0
1.371776504E1,7.791896667E0,-2.636168060E0,-5.256768494E0
1.373787404E1,7.247628479E0,-4.287833405E0,-4.052073669E0
1.375798304E1,7.324418793E0,-5.131778412E0,-2.567011871E0
1.377809304E1,7.777526550E0,-3.977678375E0,-1.978884888E0
1.379820204E1,9.329499207E0,-2.401755524E0,-2.769989777E0
1.381831104E1,1.055245605E1,-1.489552460E0,-3.664529572E0
1.383842104E1,1.044572800E1,-8.792715454E-1,-4.494553528E0
1.385853004E1,9.396709442E0,-3.854484558E-1,-4.564009094E0
1.387863904E1,8.281229095E0,-2.511776733E-1,-3.755690002E0
1.389874904E1,7.666008453E0,-4.755610657E-1,-2.785407715E0
1.391885804E1,7.620952148E0,-8.759783936E-1,-2.241139526E0
1.393896704E1,7.982600098E0,-8.970845032E-1,-1.874851227E0
1.395907604E1,8.634793854E0,-7.668553162E-1,-1.836680603E0
1.397918604E1,8.950038300E0,-8.987310791E-1,-1.843865662E0
1.399929504E1,8.921148376E0,-1.089883575E0,-1.889071655E0
1.401940404E1,9.004674683E0,-1.404678955E0,-1.747915192E0
1.403951404E1,9.574988708E0,-1.535656586E0,-1.716779938E0
1.405962304E1,1.053898407E1,-1.416055298E0,-2.065854034E0
1.407973204E1,1.083836151E1,-1.259929962E0,-1.870061188E0
1.409984204E1,1.049991531E1,-1.070274353E0,-1.625918884E0
1.411995104E1,1.061966629E1,-7.116201782E-1,-1.588796082E0
1.414006004E1,1.081590820E1,-5.013075256E-1,-1.256786499E0
1.416016904E1,1.081501007E1,-2.118095398E-1,-1.108594666E0
1.418027904E1,1.050919601E1,-7.625143433E-1,-2.725083160E0
1.420038804E1,1.134640503E1,-1.847308502E0,-3.129392395E0
1.422049704E1,1.261486725E1,-3.716920624E0,-4.431684265E0
1.424060704E1,9.852661285E0,-4.051325226E0,-5.555996246E0
1.426071604E1,6.913822632E0,-3.787424011E0,-5.530100098E0
1.428082504E1,5.803132324E0,-2.417921906E0,-5.554050293E0
1.430093504E1,5.537883911E0,-1.125509491E0,-5.407804413E0
1.432104404E1,6.294859772E0,-4.884342957E-1,-5.401966553E0
1.434115304E1,8.141868896E0,-9.312135315E-1,-5.350623322E0
1.436126204E1,9.423204346E0,-1.927391968E0,-4.791535950E0
1.438137204E1,1.007764343E1,-2.515818329E0,-3.674708405E0
1.440148104E1,9.877060547E0,-2.042951660E0,-2.938838654E0
1.442159004E1,9.322463837E0,-9.683363342E-1,-2.815944214E0
1.444170004E1,8.368048553E0,2.059716797E-1,-3.098107452E0
1.446180904E1,7.669750671E0,7.047344971E-1,-3.671115875E0
1.448191804E1,7.250023499E0,1.129401398E0,-4.037703552E0
1.450202804E1,7.316784668E0,1.245559845E0,-3.881578217E0
1.452213704E1,7.683971100E0,1.129700775E0,-3.513793030E0
1.454224604E1,8.252189484E0,9.967771912E-1,-3.287463684E0
1.456235604E1,8.724008331E0,9.060658264E-1,-3.448977814E0
1.458246504E1,8.886121216E0,8.535250854E-1,-3.667223969E0
1.460257429E1,8.716673584E0,7.231462097E-1,-3.775299225E0
1.462268329E1,8.713380432E0,5.179229736E-1,-3.680845642E0
1.464279329E1,8.886121216E0,6.420149231E-1,-3.470832367E0
1.466290229E1,9.136999512E0,9.984237671E-1,-3.532055054E0
1.468301129E1,9.730066223E0,1.318757629E0,-3.906725922E0
1.470312129E1,1.063688049E1,1.726958771E0,-3.938010864E0
1.472323029E1,1.138637192E1,1.738784180E0,-3.364703064E0
1.474333929E1,1.178589111E1,1.285676422E0,-3.071462860E0
1.476344829E1,1.106409210E1,3.002755737E-1,-4.109853516E0
1.478355829E1,1.202344711E1,-1.210083618E0,-5.172942810E0
1.480366729E1,1.311737228E1,-9.636959839E-1,-5.989644470E0
1.482377629E1,1.144504990E1,2.125579834E-1,-6.315367126E0
1.484388629E1,8.719817047E0,-2.052681427E0,-5.680836639E0
1.486399529E1,6.838828583E0,-3.998784485E0,-5.152136078E0
1.488410429E1,6.004912720E0,-5.073399811E0,-3.027604065E0
1.490421429E1,5.445675659E0,-4.775070190E0,-1.277443542E0
1.492432329E1,5.931415558E0,-2.475851440E0,-1.075214081E0
1.494443229E1,8.307274933E0,-3.921844482E-1,-2.596949615E0
1.496454129E1,1.078671890E1,1.049916687E0,-4.379891968E0
1.498465129E1,1.061742096E1,1.312321014E0,-5.347180481E0
1.500476029E1,9.516310730E0,8.352630615E-1,-5.300477600E0
1.502486929E1,8.391998749E0,-4.456233215E-1,-4.099375305E0
1.504497929E1,7.592361603E0,-1.516646118E0,-2.841091919E0
1.506508829E1,7.261998596E0,-2.127974854E0,-1.907183990E0
1.508519729E1,7.721842346E0,-2.339185638E0,-1.454076233E0
1.510530629E1,8.606951752E0,-2.334395599E0,-1.426383820E0
1.512541629E1,9.099577332E0,-2.025887146E0,-1.704206085E0
1.514552529E1,9.317673798E0,-1.352736969E0,-2.197879486E0
1.516563429E1,9.454788666E0,-7.080276489E-1,-2.648592224E0
1.518574429E1,9.300758972E0,-2.721340942E-1,-2.845432892E0
1.520585329E1,9.219328308E0,-1.462458801E-1,-2.700384521E0
1.522596229E1,9.316027222E0,-6.496490479E-2,-2.388582916E0
1.524607229E1,9.477691040E0,-8.996292114E-2,-2.283052368E0
1.526618129E1,9.889933777E0,-5.933660889E-1,-2.438578949E0
1.528629029E1,1.080602875E1,-1.285676422E0,-1.380130005E0
1.530639929E1,1.139460480E1,-1.337768097E0,-5.956114197E-1
1.532650929E1,1.153950348E1,-1.039438477E0,-9.916877747E-1
1.534661829E1,1.114716934E1,-1.592687988E0,-3.514242096E0
1.536672729E1,1.262759079E1,-2.397115173E0,-4.436773682E0
1.538683729E1,1.276335846E1,-3.381468201E0,-4.687202911E0
1.540694629E1,9.702373810E0,-3.254831543E0,-4.800367584E0
1.542705529E1,7.006030884E0,-2.770289154E0,-4.571942596E0
1.544716429E1,5.531297607E0,-1.047521667E0,-5.058131561E0
1.546727429E1,5.218148804E0,6.372248840E-1,-5.410947876E0
1.548738329E1,5.991889801E0,8.312214661E-1,-5.227878571E0
1.550749229E1,8.509504395E0,-6.108796692E-1,-5.435646515E0
1.552760229E1,1.014200958E1,-2.367626495E0,-4.862039337E0
1.554771129E1,1.091335556E1,-3.731889496E0,-3.606300659E0
1.556782029E1,1.044273422E1,-3.719615021E0,-2.826272736E0
1.558792929E1,9.342971191E0,-2.186802521E0,-2.671644287E0
1.560803892E1,8.060288544E0,-5.074447632E-1,-2.913391571E0
1.562814792E1,7.068900146E0,5.709127808E-1,-3.341651001E0
1.564825692E1,6.686744843E0,1.021775208E0,-3.933669891E0
1.566836692E1,6.848109283E0,1.553020477E0,-4.025429077E0
1.568847592E1,7.290140076E0,1.709145813E0,-3.723955994E0
1.570858492E1,8.052654419E0,1.350042572E0,-3.598965912E0
1.572869392E1,8.749156036E0,1.102008362E0,-3.846251678E0
1.574880392E1,8.999435577E0,1.106948090E0,-3.960015106E0
1.576891292E1,8.969048767E0,9.331594849E-1,-3.960164795E0
1.578902192E1,8.984167328E0,5.450166321E-1,-3.860172729E0
1.580913192E1,9.186845856E0,4.519102478E-1,-3.446882172E0
1.582924092E1,9.373208313E0,5.885760498E-1,-3.283122711E0
1.584934992E1,9.747430115E0,7.140151978E-1,-3.366948395E0
1.586945992E1,1.025023453E1,1.045126648E0,-3.292253723E0
1.588956892E1,1.069585785E1,1.260379028E0,-2.919379120E0
1.590967792E1,1.093461136E1,8.469387817E-1,-2.502645721E0
1.592978692E1,1.079674805E1,1.499880981E-1,-2.221230927E0
1.594989692E1,9.406139832E0,-4.668791199E-1,-4.278852081E0
1.597000592E1,1.083267334E1,-2.593506775E0,-6.360273743E0
1.599011492E1,1.295271469E1,-1.973496094E0,-7.423213348E0
1.601022492E1,1.099433716E1,-2.247576141E0,-6.409221954E0
1.603033392E1,8.040679321E0,-4.404440918E0,-4.771627350E0
1.605044292E1,6.868466949E0,-5.291196899E0,-3.457360382E0
1.607055192E1,6.734345856E0,-5.118755493E0,-2.696193237E0
1.609066192E1,7.416327667E0,-3.883823547E0,-3.354823608E0
1.611077092E1,9.450148315E0,-3.086581421E0,-4.158202972E0
1.613087992E1,1.071965836E1,-2.399809570E0,-4.373455353E0
1.615098992E1,1.006716522E1,-2.140848083E0,-4.278852081E0
1.617109892E1,9.076674957E0,-1.661544800E0,-3.951183472E0
1.619120792E1,7.902816010E0,-1.499731293E0,-3.398083649E0
1.621131692E1,7.038812714E0,-1.956880646E0,-2.889890442E0
1.623142692E1,7.062463531E0,-2.071093140E0,-2.158511353E0
1.625153592E1,7.623796234E0,-2.335742798E0,-1.945055237E0
1.627164492E1,8.395142212E0,-2.656675415E0,-2.524500275E0
1.629175492E1,9.117689667E0,-2.628234558E0,-2.945275269E0
1.631186392E1,9.230105896E0,-2.271825714E0,-3.136427765E0
1.633197292E1,8.942254486E0,-1.641785889E0,-3.276985474E0
1.635208192E1,8.706494751E0,-1.257834320E0,-3.106639709E0
1.637219192E1,8.480464783E0,-1.301393738E0,-2.694546661E0
1.639230092E1,8.515042877E0,-1.377585297E0,-2.264940033E0
1.641240992E1,8.606203308E0,-1.374591522E0,-2.108515320E0
1.643251992E1,8.795559540E0,-1.342408447E0,-2.370620270E0
1.645262892E1,9.180259552E0,-1.413211212E0,-2.363584900E0
1.647273792E1,9.699978790E0,-1.420845337E0,-2.080373840E0
1.649284792E1,1.018422180E1,-1.358724518E0,-1.944007416E0
1.651295692E1,1.053928345E1,-1.184786224E0,-1.979034576E0
1.653306592E1,1.085647385E1,-1.259480896E0,-1.727258148E0
1.655317592E1,1.078671890E1,-1.891766052E0,-1.347797241E0
1.657328492E1,1.050305878E1,-2.352058868E0,-8.345146179E-1
1.659339392E1,1.016281631E1,-2.407743073E0,-4.983137512E-1
1.661350254E1,9.929451599E0,-2.748733978E0,-1.507664795E0
1.663361254E1,1.070064789E1,-2.853815460E0,-2.224075012E0
1.665372154E1,1.215681976E1,-2.923869781E0,-4.243076477E0
1.667383054E1,1.084270248E1,-2.747386780E0,-5.882167969E0
1.669394054E1,8.243657227E0,-2.220033417E0,-5.734724579E0
1.671404954E1,6.389912109E0,-1.616039429E0,-5.207820282E0
1.673415854E1,5.568869476E0,-6.050418091E-1,-5.407205658E0
1.675426854E1,5.511987762E0,3.549119568E-1,-5.615422668E0
1.677437754E1,6.565496979E0,4.300556946E-1,-5.270090790E0
1.679448654E1,8.375982056E0,-9.190887451E-1,-5.106780396E0
1.681459654E1,1.039842636E1,-2.030527496E0,-4.720284119E0
1.683470554E1,1.098101486E1,-2.090552673E0,-4.139641571E0
1.685481454E1,9.944420471E0,-5.617817688E-1,-3.548520813E0
1.687492454E1,8.784332886E0,4.947212219E-1,-3.403771820E0
1.689503354E1,7.933053131E0,1.073268127E0,-3.775897980E0
1.691514254E1,7.550149384E0,1.259331207E0,-4.186643829E0
1.693525254E1,7.589966583E0,1.561253357E0,-4.428091736E0
1.695536154E1,8.160280609E0,1.903292084E0,-4.069287872E0
1.697547054E1,8.686286774E0,1.715283051E0,-3.816463623E0
1.699558054E1,9.244775391E0,1.229543152E0,-3.703598328E0
1.701568954E1,9.519753571E0,8.196954346E-1,-3.507805481E0
1.703579854E1,9.218430176E0,5.547463989E-1,-3.224744110E0
1.705590754E1,8.762478333E0,6.018983459E-1,-3.025209045E0
1.707601754E1,8.685538330E0,6.536906433E-1,-2.931204529E0
1.709612654E1,8.974587250E0,8.059240723E-1,-3.096311188E0
1.711623554E1,9.413624268E0,1.093925171E0,-3.513643341E0
1.713634554E1,9.796528015E0,1.360071716E0,-3.907174988E0
1.715645454E1,9.916129303E0,1.431922302E0,-4.154760132E0
1.717656354E1,9.679770813E0,1.325343933E0,-4.053570557E0
1.719667354E1,9.860445099E0,1.580563202E0,-3.375929718E0
1.721678254E1,1.008617569E1,1.777104492E0,-3.079995117E0
1.723689154E1,1.024095383E1,8.270301819E-1,-4.248016205E0
1.725700154E1,1.211849945E1,3.176394653E-1,-5.590873718E0
1.727711054E1,1.248164429E1,9.824070740E-1,-6.752458191E0
1.729721954E1,9.407037964E0,-2.544708252E-1,-6.685098267E0
1.731732954E1,6.843319244E0,-2.375559998E0,-6.344855804E0
1.733743854E1,5.940396881E0,-4.674928436E0,-4.769531708E0
1.735754754E1,6.421646118E0,-5.303471375E0,-2.667003937E0
1.737765754E1,7.647746429E0,-2.064955902E0,-2.345771942E0
1.739776654E1,9.583371277E0,9.315129089E-1,-3.087629242E0
1.741787654E1,1.085138443E1,2.115999756E0,-4.755610657E0
1.743798554E1,1.054766602E1,2.014510803E0,-6.150559845E0
1.745809454E1,1.028526169E1,1.266815643E0,-6.421197052E0
1.747820454E1,9.271869049E0,-5.090913391E-1,-5.469775543E0
1.749831354E1,7.779023438E0,-2.185305634E0,-4.420008545E0
1.751842254E1,6.691983948E0,-2.628983002E0,-3.196452942E0
1.753853254E1,6.591542816E0,-2.264640656E0,-2.412383423E0
1.755864154E1,7.052284698E0,-1.675465851E0,-2.244282990E0
1.757875054E1,7.676786041E0,-1.458267517E0,-2.521506500E0
1.759886054E1,8.098758545E0,-1.488354950E0,-2.859653320E0
1.761897017E1,8.316256256E0,-1.471589813E0,-3.024310913E0
1.763907917E1,8.606802063E0,-1.164129181E0,-3.075354767E0
1.765918917E1,8.723708954E0,-7.637118530E-1,-3.239862671E0
1.767929817E1,9.373956757E0,-2.724334717E-1,-3.123554535E0
1.769940717E1,1.007435028E1,6.676116943E-2,-2.924019470E0
1.771951717E1,1.064705933E1,2.176473999E-1,-2.770438843E0
1.773962617E1,1.092982132E1,2.281256104E-1,-2.740650787E0
1.775973517E1,1.104029160E1,-5.224136353E-2,-2.669249268E0
1.777984517E1,1.080917221E1,-1.941462708E-1,-2.120041351E0
1.779995417E1,1.010114456E1,-2.149530029E-1,-1.297202454E0
1.782006317E1,1.033825150E1,-7.334747314E-2,-1.840722198E0
1.784017317E1,9.727671204E0,-7.388635254E-1,-4.110452271E0
1.786028217E1,1.198273178E1,-1.796264648E0,-5.024451599E0
1.788039117E1,1.201057388E1,-3.733685760E0,-5.548960876E0
1.790050117E1,9.129814453E0,-2.988834686E0,-5.831124115E0
1.792061017E1,6.371799774E0,-1.451980591E0,-5.334157562E0
1.794071917E1,5.360802155E0,7.080276489E-2,-5.225932617E0
1.796082917E1,5.735473022E0,4.087998962E-1,-4.883145447E0
1.798093817E1,7.471113739E0,-6.948550415E-1,-4.596042480E0
1.800104717E1,8.946296082E0,-2.608625336E0,-4.702171783E0
1.802115717E1,9.115743713E0,-3.597918091E0,-4.032763824E0
1.804126617E1,9.193432159E0,-3.949237518E0,-3.442840576E0
1.806137517E1,9.017098846E0,-3.090473328E0,-3.639681244E0
1.808148517E1,8.088280334E0,-1.521735535E0,-3.809577942E0
1.810159417E1,7.246131592E0,-2.573149109E-1,-3.829785919E0
1.812170317E1,6.908882904E0,7.496411133E-1,-4.292024689E0
1.814181317E1,7.065756683E0,1.437909851E0,-4.841981049E0
1.816192217E1,7.686066742E0,1.638343048E0,-4.886288910E0
1.818203117E1,8.386310577E0,1.162781982E0,-4.490362244E0
1.820214117E1,8.874894562E0,4.284091187E-1,-4.227957916E0
1.822225017E1,9.162446594E0,-2.733316040E-1,-4.232448578E0
1.824235917E1,9.207203522E0,-6.575825500E-1,-4.075425110E0
1.826246917E1,9.194030914E0,-5.522016907E-1,-3.718267822E0
1.828257817E1,9.210197296E0,8.711883545E-2,-3.527414703E0
1.830268717E1,9.206904144E0,7.562274170E-1,-3.686683502E0
1.832279717E1,9.505383453E0,1.183289337E0,-4.231700134E0
1.834290617E1,9.865983582E0,1.027313690E0,-4.518204346E0
1.836301517E1,9.773026886E0,7.232958984E-1,-4.009113007E0
1.838312517E1,9.907147980E0,3.553610229E-1,-3.023562469E0
1.840323417E1,1.003333557E1,-2.055226135E-1,-2.182611237E0
1.842334317E1,8.979526978E0,-8.556207275E-1,-2.584824829E0
1.844345317E1,8.882828064E0,-2.164349213E0,-5.251978455E0
1.846356217E1,1.178439423E1,-3.114423523E0,-6.687642975E0
1.848367217E1,1.131721573E1,-1.077160034E0,-7.735913086E0
1.850378117E1,8.758137360E0,-2.837349701E0,-4.768783264E0
1.852389017E1,7.644453278E0,-3.776197357E0,-3.420387268E0
1.854400017E1,7.199578400E0,-2.741848297E0,-3.127147064E0
1.856410917E1,7.986042938E0,-1.364113312E0,-3.410657501E0
1.858421817E1,8.644972687E0,-3.745211792E-1,-4.345463562E0
1.860432817E1,9.126221924E0,4.445755005E-1,-4.723577271E0
1.862443667E1,9.024433594E0,-1.472937012E-1,-4.687651978E0
1.864454567E1,8.355923767E0,-1.326541443E0,-4.490212555E0
1.866465567E1,7.642956390E0,-1.997146912E0,-4.004472656E0
1.868476467E1,7.579937439E0,-2.151026917E0,-3.208128662E0
1.870487367E1,7.895780640E0,-1.857487335E0,-2.543660431E0
1.872498367E1,8.499475250E0,-1.473236389E0,-2.415826263E0
1.874509267E1,8.950487366E0,-1.067579956E0,-2.704426117E0
1.876520167E1,9.166039124E0,-8.996292114E-1,-2.997666321E0
1.878531167E1,9.163494415E0,-8.339158630E-1,-3.170556793E0
1.880542067E1,9.280401306E0,-7.396119690E-1,-3.005599823E0
1.882552967E1,9.631870422E0,-9.017248535E-1,-2.517913971E0
1.884563967E1,9.928254089E0,-1.091829529E0,-2.141297150E0
1.886574867E1,1.035187317E1,-9.363029480E-1,-1.744472351E0
1.888585767E1,1.049931656E1,-1.135838013E0,-1.816023560E0
1.890596767E1,1.017389328E1,-2.231260071E0,-2.176473999E0
1.892607667E1,1.068987030E1,-2.334694977E0,-1.515897675E0
1.894618567E1,1.069690567E1,-1.781744843E0,-6.084846497E-1
1.896629567E1,1.055395294E1,-1.226250000E0,-8.394543457E-1
1.898640467E1,9.975705414E0,-1.749561768E0,-2.917882233E0
1.900651367E1,1.132544861E1,-2.260299683E0,-4.166136475E0
1.902662367E1,1.140732834E1,-3.399730225E0,-5.819448395E0
1.904673267E1,9.324709167E0,-3.228486328E0,-6.342909851E0
1.906684167E1,7.134613495E0,-2.445764008E0,-6.823710022E0
1.908695167E1,6.276298370E0,-7.722441101E-1,-7.236850891E0
1.910706067E1,6.191125488E0,5.528004456E-1,-6.659052429E0
1.912716967E1,6.756799164E0,5.947132874E-1,-5.473817139E0
1.914727967E1,8.307574310E0,-7.602690125E-1,-4.757855988E0
1.916738867E1,9.534123688E0,-2.110610962E0,-3.920497284E0
1.918749767E1,9.754315796E0,-2.706372070E0,-2.905757446E0
1.920760767E1,8.965007172E0,-1.841021576E0,-2.543959808E0
1.922771667E1,8.277337189E0,-8.414002991E-1,-2.989583130E0
1.924782567E1,7.726931763E0,8.098159790E-2,-3.552113342E0
1.926793567E1,7.230414276E0,5.800437927E-1,-3.924089813E0
1.928804467E1,7.122788086E0,7.313790894E-1,-4.085903320E0
1.930815367E1,7.399712219E0,9.375004578E-1,-4.042493591E0
1.932826367E1,8.120164032E0,6.990463257E-1,-3.859124908E0
1.934837267E1,8.763675842E0,2.264790344E-1,-3.796555023E0
1.936848167E1,9.002728729E0,-9.654922485E-2,-3.647165680E0
1.938859167E1,9.177714844E0,-2.926414490E-1,-3.391497345E0
1.940870067E1,9.200317841E0,-4.480183411E-1,-2.993624725E0
1.942880967E1,9.190288696E0,-2.444416809E-1,-2.694546661E0
1.944891967E1,9.357490997E0,2.588117981E-1,-2.896177368E0
1.946902867E1,9.578132172E0,1.158141632E0,-3.718716888E0
1.948913767E1,9.920170898E0,1.967807922E0,-4.299808502E0
1.950924767E1,1.025218048E1,1.859732666E0,-3.811972961E0
1.952935667E1,1.069121750E1,1.171912994E0,-2.834206238E0
1.954946567E1,1.064541275E1,-2.044747925E-1,-3.823648682E0
1.956957567E1,1.175221115E1,-1.969604187E0,-5.129084015E0
1.958968467E1,1.256082962E1,-1.979932709E0,-6.318660278E0
1.960979333E1,1.096065720E1,-1.206042023E0,-6.343957672E0
1.962990333E1,8.292755127E0,-2.977009277E0,-5.468428345E0
1.965001233E1,7.153025208E0,-4.623285828E0,-4.389921112E0
1.967012133E1,6.878795471E0,-5.674699402E0,-2.733615417E0
1.969023133E1,6.521488495E0,-4.839586029E0,-1.650318146E0
1.971034033E1,7.481741638E0,-2.593357086E0,-2.262694702E0
1.973044933E1,9.511670380E0,-9.060658264E-1,-3.531905365E0
1.975055933E1,1.059272232E1,-9.729766846E-3,-4.420008545E0
1.977066833E1,9.814939728E0,-3.158432007E-2,-4.581372986E0
1.979077733E1,8.797655182E0,-4.977149963E-1,-4.071982269E0
1.981088733E1,8.076305237E0,-1.243613892E0,-3.130440216E0
1.983099633E1,7.729775848E0,-1.725162506E0,-2.372865601E0
1.985110533E1,7.731871490E0,-1.841171265E0,-1.919458466E0
1.987121533E1,8.240962830E0,-1.653910675E0,-1.787882080E0
1.989132433E1,8.633746033E0,-1.302142181E0,-2.084864502E0
1.991143333E1,8.734785919E0,-7.855664063E-1,-2.429897003E0
1.993154333E1,8.770262146E0,-3.815565491E-1,-2.542612610E0
1.995165233E1,8.942553864E0,-3.058140564E-1,-2.545905762E0
1.997176133E1,9.376501465E0,-2.436932373E-1,-2.447260895E0
1.999187133E1,9.948013000E0,-1.173559570E-1,-2.246977386E0
2.001198033E1,1.034289185E1,-1.826202393E-2,-2.223925323E0
2.003209033E1,1.039842636E1,-5.480104065E-1,-2.655926971E0
2.005219933E1,1.097188385E1,-1.519041138E0,-2.227218475E0
2.007230833E1,1.116692825E1,-1.521436157E0,-8.449928284E-1
2.009241833E1,1.112756012E1,-1.158590698E0,-3.947291565E-1
2.011252733E1,1.099748062E1,-1.368753662E0,-1.608554993E0
2.013263633E1,1.033765274E1,-2.670297089E0,-3.596570892E0
2.015274633E1,1.263193176E1,-4.271667023E0,-4.065246277E0
2.017285533E1,1.050201096E1,-4.500690765E0,-4.607867889E0
2.019296433E1,7.386389923E0,-3.446133728E0,-4.902904358E0
2.021307433E1,5.487887878E0,-2.046244812E0,-5.770799561E0
2.023318333E1,5.677393799E0,-5.138813782E-1,-6.671925659E0
2.025329233E1,6.434818726E0,2.219883728E-1,-5.852529602E0
2.027340233E1,8.203091583E0,-7.467970276E-1,-5.272635498E0
2.029351133E1,1.013482452E1,-2.000140686E0,-4.527185669E0
2.031362033E1,1.089464447E1,-3.456162872E0,-3.173400879E0
2.033373033E1,1.068687653E1,-3.778592377E0,-2.936293945E0
2.035383933E1,9.631571045E0,-2.630330200E0,-3.384312286E0
2.037394833E1,8.148455200E0,-8.893006897E-1,-3.595972137E0
2.039405833E1,6.762038269E0,3.414399719E-1,-3.724255371E0
2.041416733E1,6.291566620E0,8.078700256E-1,-4.084256744E0
2.043427633E1,6.538553009E0,1.162482605E0,-4.216731262E0
2.045438633E1,6.990313568E0,1.307830353E0,-3.810625763E0
2.047449533E1,7.979756012E0,8.117619324E-1,-3.630699921E0
2.049460433E1,8.967252502E0,6.044430542E-1,-3.864513702E0
2.051471433E1,9.421707458E0,6.825805664E-1,-3.932622070E0
2.053482333E1,9.561816101E0,8.276289368E-1,-3.739373932E0
2.055493333E1,9.439370728E0,1.216819611E0,-3.375480652E0
2.057504233E1,9.233698425E0,1.556014252E0,-3.292553101E0
2.059515133E1,9.053323517E0,1.475481720E0,-3.741319885E0
2.061526233E1,9.307644653E0,8.458909607E-1,-3.968846741E0
2.063537133E1,1.004171814E1,1.878593445E-1,-3.835174713E0
2.065548033E1,1.078103073E1,-1.953437805E-1,-3.259920959E0
2.067559033E1,1.122500748E1,-2.408491516E-1,-2.478396149E0
2.069569933E1,1.116947296E1,1.302291870E-2,-2.008373566E0
2.071580833E1,1.038465500E1,1.170565796E-1,-2.166744232E0
2.073591833E1,9.226363678E0,-2.986289978E-1,-3.797752533E0
2.075602733E1,1.089254883E1,-1.762734375E0,-5.282365265E0
2.077613633E1,1.249017654E1,-4.330494690E-1,-7.376360779E0
2.079624633E1,1.009440857E1,-1.482217712E0,-7.948920135E0
2.081635533E1,6.542444916E0,-3.482508087E0,-5.606141968E0
2.083646533E1,5.587430878E0,-4.537065125E0,-3.163222046E0
2.085657433E1,5.635331268E0,-3.642525330E0,-1.513802032E0
2.087668333E1,6.629414062E0,-1.222058716E0,-1.491199036E0
2.089679333E1,9.419162750E0,8.565188599E-1,-3.262166290E0
2.091690233E1,1.192315567E1,1.904489594E0,-4.966821442E0
2.093701133E1,1.158111694E1,1.115630035E0,-5.782325592E0
2.095712133E1,9.812993774E0,-3.236270142E-1,-5.146148529E0
2.097723033E1,8.167465668E0,-1.133892059E0,-3.716920624E0
2.099734033E1,7.113806763E0,-1.719624023E0,-2.543810120E0
2.101744933E1,6.571634216E0,-2.097288666E0,-1.817071381E0
2.103755833E1,7.240892487E0,-2.145638123E0,-1.573378143E0
2.105766833E1,8.320148163E0,-2.019151154E0,-1.795665894E0
2.107777733E1,9.145831146E0,-1.630409546E0,-2.389481049E0
2.109788633E1,9.660760345E0,-9.882449341E-1,-3.037633209E0
2.111799633E1,9.659562836E0,-4.819976807E-1,-3.480711823E0
2.113810533E1,9.617051239E0,-2.844085693E-3,-3.241808624E0
2.115821533E1,9.425449677E0,7.424560547E-2,-2.615960083E0
2.117832433E1,9.194629669E0,1.119671631E-1,-2.513572998E0
2.119843333E1,9.397158508E0,-4.326004028E-2,-2.661615143E0
2.121854333E1,1.023302032E1,-1.580712891E-1,-1.572330322E0
2.123865233E1,1.070334229E1,-1.796264648E-2,-6.809339905E-1
2.125876233E1,1.114462463E1,2.716850281E-1,-1.402134247E0
2.127887133E1,1.033495834E1,-9.761201477E-1,-3.971690826E0
2.129898033E1,1.375175308E1,-2.596650238E0,-4.773423615E0
2.131909033E1,1.232297424E1,-4.496050415E0,-5.496270447E0
2.133919933E1,8.912765808E0,-4.075574799E0,-5.500761108E0
2.135930833E1,6.700665894E0,-2.643502808E0,-5.497467957E0
2.137941833E1,5.519921265E0,-9.036708069E-1,-5.376070404E0
2.139952733E1,5.271138611E0,-2.005828857E-1,-4.186045074E0
2.141963733E1,7.035369873E0,-1.002764740E0,-4.060306549E0
2.143974633E1,8.755143585E0,-2.130369873E0,-4.141437836E0
2.145985533E1,9.818382568E0,-3.028352509E0,-3.375929718E0
2.147996533E1,1.006027954E1,-3.128494263E0,-3.000809784E0
2.150007433E1,9.471254425E0,-1.746118927E0,-3.382516022E0
2.152018433E1,8.615783386E0,-1.942959595E-1,-3.823498993E0
2.154029333E1,7.580685883E0,5.539979553E-1,-4.028422852E0
2.156040333E1,6.900500336E0,1.157393188E0,-4.288581848E0
2.158051233E1,6.848857727E0,1.680106201E0,-4.269421692E0
2.160062133E1,7.431895294E0,1.671424255E0,-3.849993896E0
2.162073083E1,8.267158356E0,1.177601166E0,-3.684438171E0
2.164083983E1,8.896150360E0,5.879772949E-1,-3.750450897E0
2.166094983E1,9.323960724E0,1.112187195E-1,-3.832330627E0
2.168105883E1,9.409133606E0,-2.600093079E-1,-3.753893738E0
2.170116883E1,9.486223297E0,-2.424957275E-1,-3.638932800E0
2.172127783E1,9.668993225E0,1.360670471E-1,-3.564687195E0
2.174138683E1,9.886490936E0,5.155279541E-1,-3.681893463E0
2.176149683E1,1.012838791E1,6.408174133E-1,-3.976929932E0
2.178160583E1,1.006536896E1,7.253915405E-1,-3.934717712E0
2.180171583E1,9.974507904E0,9.711804199E-1,-3.647614746E0
2.182182483E1,9.969568176E0,1.263672180E0,-3.217559052E0
2.184193483E1,9.857601013E0,1.380579071E0,-2.880460052E0
2.186204383E1,9.338181152E0,8.349636841E-1,-3.343297577E0
2.188215283E1,9.171876984E0,-6.342311096E-1,-5.086722107E0
2.190226283E1,1.157393188E1,-2.439926147E0,-5.447172546E0
2.192237183E1,1.154100037E1,-1.249601440E0,-5.930966492E0
2.194248183E1,8.437204742E0,-2.144889679E0,-5.495072937E0
2.196259083E1,6.585405579E0,-3.755240936E0,-4.527634735E0
2.198270083E1,6.755002899E0,-4.457430725E0,-2.796035614E0
2.200280983E1,7.089557190E0,-3.691473541E0,-1.659299469E0
2.202291983E1,8.676706696E0,-1.526375885E0,-2.440075836E0
2.204302883E1,1.085886887E1,1.237925720E-1,-3.946243744E0
2.206313883E1,1.149399811E1,7.595205688E-1,-4.871469727E0
2.208324783E1,1.072519684E1,3.189866638E-1,-5.218897247E0
2.210335683E1,9.262438660E0,-7.180567932E-1,-4.566104736E0
2.212346683E1,7.725584564E0,-1.494791565E0,-3.076851654E0
2.214357583E1,6.872658234E0,-1.857187958E0,-1.769170990E0
2.216368583E1,7.288343811E0,-1.547631683E0,-1.176104279E0
2.218379483E1,8.199199677E0,-1.135538635E0,-1.196162567E0
2.220390483E1,8.833730164E0,-6.623725891E-1,-1.537003784E0
2.222401383E1,9.148375854E0,-2.255809021E-1,-2.181114349E0
2.224412383E1,9.468859406E0,-2.173480225E-1,-2.692001953E0
2.226423283E1,9.871072998E0,-6.224057007E-1,-2.583777008E0
2.228434283E1,1.009410919E1,-8.752299500E-1,-2.044897614E0
2.230445183E1,1.019634659E1,-7.123686218E-1,-1.605561218E0
2.232456183E1,1.008243347E1,-6.322851562E-1,-1.225950623E0
2.234467083E1,9.843829651E0,-8.677455139E-1,-1.583856354E0
2.236478083E1,1.051847672E1,-1.298998718E0,-1.229692841E0
2.238488983E1,1.088326813E1,-1.264420624E0,-2.656974792E-1
2.240499883E1,1.090287735E1,-1.109343109E0,-1.069525909E0
2.242510883E1,1.009380981E1,-1.716630249E0,-2.886597290E0
2.244521783E1,1.301678146E1,-2.488574982E0,-4.277953949E0
2.246532783E1,1.186193298E1,-3.567980347E0,-5.639672241E0
2.248543683E1,8.115673370E0,-3.114423523E0,-5.688321075E0
2.250554683E1,6.198909302E0,-2.008074188E0,-5.816753998E0
2.252565583E1,6.048023071E0,-4.721182251E-1,-5.900280304E0
2.254576583E1,6.630761261E0,2.790197754E-1,-5.207820282E0
2.256587483E1,8.204588470E0,-2.929408264E-1,-4.715943146E0
2.258598483E1,9.459728394E0,-1.335971832E0,-4.336631927E0
2.260609383E1,9.975256348E0,-2.362986145E0,-3.565884705E0
2.262620342E1,9.710457001E0,-2.796784058E0,-2.851420441E0
2.264631242E1,9.029822388E0,-2.221230927E0,-2.747985535E0
2.266642242E1,8.225395203E0,-1.172511749E0,-2.991379395E0
2.268653142E1,7.493716736E0,-1.134640503E-1,-3.408412170E0
2.270664142E1,7.165898438E0,5.298980713E-1,-3.853736115E0
2.272675042E1,7.380701752E0,1.015188904E0,-4.090693359E0
2.274686042E1,7.791896667E0,1.142873383E0,-3.826193390E0
2.276696942E1,8.293054504E0,1.292113037E0,-3.590733032E0
2.278707942E1,8.720266113E0,1.162931671E0,-3.553759918E0
2.280718842E1,8.882079620E0,9.828561401E-1,-3.594026184E0
2.282729842E1,8.941655731E0,7.135661316E-1,-3.577111359E0
2.284740742E1,9.076525269E0,6.222560120E-1,-3.579805756E0
2.286751742E1,9.077423401E0,6.342311096E-1,-3.520678711E0
2.288762642E1,9.301208038E0,6.685098267E-1,-3.610042877E0
2.290773642E1,9.961484985E0,4.034111023E-1,-3.776646423E0
2.292784542E1,1.057101746E1,2.061213684E-1,-3.858077087E0
2.294795542E1,1.075034454E1,6.810836792E-2,-3.598516846E0
2.296806442E1,1.090542206E1,1.505868530E-1,-3.205134888E0
2.298817442E1,1.087877747E1,5.396278381E-1,-2.849923553E0
2.300828342E1,1.049886749E1,7.917036438E-1,-2.653382263E0
2.302839342E1,9.523495789E0,2.079176331E-1,-3.412004700E0
2.304850342E1,1.006521927E1,-1.058748322E0,-4.819677429E0
2.306861242E1,1.209170517E1,-7.255412292E-1,-5.351521454E0
2.308872242E1,1.111154343E1,3.053649902E-1,-6.629264374E0
2.310883142E1,8.281229095E0,-1.355581055E0,-6.807543640E0
2.312894142E1,6.561754761E0,-2.764451294E0,-5.758225708E0
2.314905042E1,6.112389221E0,-4.496050415E0,-3.096161499E0
2.316916042E1,5.686973877E0,-4.913232880E0,-1.126108246E0
2.318926942E1,6.580914917E0,-3.008294220E0,-1.390458527E0
2.320937942E1,9.409732361E0,-1.419049072E0,-2.960094452E0
2.322948842E1,1.134715347E1,-5.084925842E-1,-4.435276794E0
2.324959842E1,1.103220840E1,-1.390608215E-1,-5.044210510E0
2.326970742E1,1.004171814E1,1.107696533E-2,-4.716092834E0
2.328981742E1,8.864566040E0,-4.640350342E-1,-3.320993958E0
2.330992642E1,7.832462311E0,-8.331674194E-1,-2.058968353E0
2.333003642E1,7.489675140E0,-9.520202637E-1,-1.352437592E0
2.335014542E1,7.830067291E0,-7.357200623E-1,-1.179996185E0
2.337025542E1,8.470285950E0,-5.529501343E-1,-1.303489380E0
2.339036442E1,8.884923706E0,-3.321592712E-1,-1.744771729E0
2.341047442E1,9.248068542E0,-2.161505127E-1,-2.214045868E0
2.343058342E1,9.617500305E0,-5.944139099E-1,-2.393522644E0
2.345069342E1,9.987081757E0,-9.476792908E-1,-2.412832489E0
2.347080242E1,1.012629227E1,-1.042432251E0,-2.211800537E0
2.349091242E1,9.793534241E0,-1.107097778E0,-2.189197540E0
2.351102242E1,9.926308136E0,-1.577719116E0,-2.388433228E0
2.353113142E1,1.093386292E1,-1.612746277E0,-8.931925964E-1
2.355124142E1,1.126437561E1,-1.015338593E0,-2.811154175E-1
2.357135042E1,1.133772308E1,-6.539900208E-1,-1.379531250E0
2.359146042E1,1.091155930E1,-1.242865448E0,-3.658392334E0
2.361157021E1,1.236114487E1,-2.599194946E0,-4.420457611E0
2.363168021E1,1.210353058E1,-3.515738983E0,-4.791985016E0
2.365178921E1,8.903335419E0,-3.041375427E0,-4.893324280E0
2.367189921E1,6.507717133E0,-2.622546387E0,-4.929399261E0
2.369200821E1,5.826783142E0,-1.445244598E0,-5.475912781E0
2.371211821E1,5.653742981E0,1.237925720E-1,-5.662873993E0
2.373222721E1,6.422095184E0,5.330415344E-1,-5.274581451E0
2.375233721E1,8.521030426E0,-1.052311707E0,-5.298980713E0
2.377244621E1,9.800120544E0,-2.133064270E0,-4.386178894E0
2.379255621E1,1.032073792E1,-2.966830444E0,-3.190166016E0
2.381266521E1,9.990225220E0,-2.512974243E0,-2.619402924E0
2.383277521E1,9.164542236E0,-1.473835144E0,-2.754422150E0
2.385288421E1,8.138126678E0,-5.129832458E-1,-3.074456635E0
2.387299421E1,7.353458405E0,1.698966980E-1,-3.632346497E0
2.389310321E1,7.028933258E0,6.264472961E-1,-3.900438995E0
2.391321321E1,7.194189606E0,1.001417542E0,-3.817960510E0
2.393332321E1,7.712861023E0,1.101110229E0,-3.575913849E0
2.395343221E1,8.345146179E0,9.533674622E-1,-3.644321594E0
2.397354221E1,8.799152069E0,8.388555908E-1,-3.899091797E0
2.399365121E1,8.861572266E0,7.328759766E-1,-3.977977753E0
2.401376121E1,8.687633972E0,5.821394348E-1,-3.794160004E0
2.403387021E1,8.733139343E0,4.846920776E-1,-3.610491943E0
2.405398021E1,9.168733521E0,5.228627014E-1,-3.554059296E0
2.407408921E1,9.764195251E0,6.533912659E-1,-3.410358124E0
2.409419921E1,1.041174866E1,6.732998657E-1,-3.365900574E0
2.411430821E1,1.073298065E1,7.667056274E-1,-3.304977264E0
2.413441821E1,1.067639832E1,9.696835327E-1,-3.112477570E0
2.415452721E1,1.025053391E1,1.207239532E0,-3.049458618E0
2.417463721E1,9.511520691E0,8.433462524E-1,-3.536545715E0
2.419474621E1,9.760602722E0,-4.787045288E-1,-5.610333252E0
2.421485621E1,1.274464737E1,-1.657203827E0,-5.895041199E0
2.423496521E1,1.249676285E1,-3.878434753E-1,-6.350843353E0
2.425507521E1,9.366322632E0,-1.709295502E0,-5.751639404E0
2.427518521E1,7.157665558E0,-3.388503571E0,-5.782325592E0
2.429529421E1,6.634353790E0,-4.777614899E0,-3.761228485E0
2.431540421E1,6.427633667E0,-5.252577209E0,-1.605561218E0
2.433551321E1,6.655908966E0,-3.812721405E0,-1.123862915E0
2.435562321E1,8.628506927E0,-1.516346741E0,-2.467319183E0
2.437573221E1,1.117501144E1,5.282514954E-1,-4.234244843E0
2.439584221E1,1.125150238E1,1.042432251E0,-5.167404327E0
2.441595121E1,9.630223846E0,3.915856934E-1,-5.125790863E0
2.443606121E1,8.690927124E0,-4.995112610E-1,-3.924089813E0
2.445617021E1,7.851323090E0,-1.338516541E0,-2.616409149E0
2.447628021E1,7.239395599E0,-1.898801422E0,-1.712289276E0
2.449638921E1,7.403753815E0,-1.950593719E0,-1.341360626E0
2.451649921E1,8.110583954E0,-1.532064056E0,-1.396745453E0
2.453660921E1,8.671467590E0,-9.042695618E-1,-1.820214844E0
2.455671821E1,8.978628845E0,-6.737489319E-1,-2.222278748E0
2.457682821E1,9.395511932E0,-1.056952057E0,-2.345322876E0
2.459693721E1,1.005788452E1,-1.576820984E0,-2.283651123E0
2.461705104E1,1.047865952E1,-1.643133087E0,-2.236349487E0
2.463716004E1,9.927954712E0,-1.190773773E0,-2.283950500E0
2.465727004E1,9.455686798E0,-7.939489746E-1,-2.962040405E0
2.467737904E1,1.011042526E1,-3.427871704E-1,-1.897005157E0
2.469748904E1,1.053179901E1,3.845503235E-1,-8.916957092E-1
2.471759904E1,1.045994843E1,9.551637268E-1,-9.216334534E-1
2.473770804E1,1.057176590E1,4.830455017E-1,-2.423460388E0
2.475781804E1,1.004171814E1,-1.891616364E0,-3.606749725E0
2.477792704E1,1.293325516E1,-3.613186340E0,-3.402873688E0
2.479803704E1,1.139879608E1,-4.294569397E0,-4.627626801E0
2.481814604E1,9.008416901E0,-4.418661346E0,-5.298531647E0
2.483825604E1,6.644382935E0,-3.318748627E0,-5.409301300E0
2.485836504E1,5.404211884E0,-1.363514557E0,-5.201533356E0
2.487847504E1,5.662424927E0,2.439926147E-1,-4.267625427E0
2.489858504E1,7.627388763E0,-1.136137390E-1,-4.342170410E0
2.491869404E1,9.511371002E0,-9.303153992E-1,-4.465214539E0
2.493880404E1,1.052176987E1,-1.980531464E0,-3.783981171E0
2.495891304E1,1.030127838E1,-2.309846649E0,-3.316802673E0
2.497902304E1,9.557026062E0,-1.298399963E0,-3.429967346E0
2.499913204E1,8.694519653E0,-6.436614990E-1,-3.675606537E0
2.501924204E1,7.562573547E0,-1.466949463E-1,-3.696413269E0
2.503935204E1,6.897356873E0,3.122506714E-1,-3.804338837E0
2.505946104E1,7.003935242E0,7.141648865E-1,-3.773502960E0
2.507957104E1,7.753276978E0,7.710466003E-1,-3.485651550E0
2.509968004E1,8.576564941E0,3.992198181E-1,-3.646267548E0
2.511979004E1,9.002728729E0,1.321751404E-1,-4.059707794E0
2.513990004E1,9.246721344E0,1.023870850E-1,-4.172124023E0
2.516000904E1,9.375902710E0,3.240760803E-1,-3.967649231E0
2.518011904E1,9.062454529E0,8.753796387E-1,-3.629203033E0
2.520022804E1,9.330097961E0,1.182840271E0,-3.834575958E0
2.522033804E1,9.796528015E0,1.145867157E0,-4.122127991E0
2.524044704E1,1.007375153E1,8.315208435E-1,-3.926035767E0
2.526055704E1,1.043614792E1,3.757186890E-1,-3.164419556E0
2.528066704E1,1.055485107E1,2.200424194E-1,-2.360142059E0
2.530077604E1,1.000758911E1,2.469863892E-2,-2.273771667E0
2.532088604E1,9.452543335E0,-6.159690857E-1,-3.677103424E0
2.534099504E1,1.133562744E1,-1.666334839E0,-5.230722656E0
2.536110504E1,1.296004944E1,-8.894503784E-1,-6.363566895E0
2.538121504E1,1.016296600E1,-4.818479919E-1,-6.648574219E0
2.540132404E1,6.946305084E0,-2.160606995E0,-5.443130951E0
2.542143404E1,5.565875702E0,-3.376378784E0,-3.616329803E0
2.544154304E1,5.138215027E0,-3.559298401E0,-2.090253296E0
2.546165304E1,6.126160583E0,-1.663341064E0,-1.547781372E0
2.548176304E1,9.537566528E0,7.200027466E-2,-2.445015564E0
2.550187204E1,1.206431213E1,8.843609619E-1,-3.968547363E0
2.552198204E1,1.202449493E1,2.282752991E-1,-4.821623383E0
2.554209104E1,1.030831375E1,-2.695893860E-1,-4.507426758E0
2.556220104E1,8.585396576E0,-3.844006348E-1,-3.500021667E0
2.558231104E1,7.489824829E0,-7.197033691E-1,-2.733615417E0
2.560242004E1,7.177723846E0,-8.708889771E-1,-2.320624237E0
2.562252554E1,7.573051758E0,-7.330256653E-1,-1.913171539E0
2.564263454E1,8.196505280E0,-5.629792786E-1,-1.863175507E0
2.566274454E1,8.735534363E0,-4.140390015E-1,-2.070793762E0
2.568285354E1,9.126970367E0,-2.881507874E-1,-2.357148285E0
2.570296354E1,9.438173218E0,-3.721261597E-1,-2.348166962E0
2.572307354E1,9.779912567E0,-4.984634399E-1,-2.086511078E0
2.574318254E1,1.009380981E1,-5.469625854E-1,-2.037712555E0
2.576329254E1,1.018766464E1,-3.409909058E-1,-2.141596527E0
2.578340154E1,1.021475830E1,-1.487905884E-1,-2.301613770E0
2.580351154E1,1.034708313E1,-7.116201782E-1,-2.674488373E0
2.582362154E1,1.062475571E1,-1.993554382E0,-2.065704346E0
2.584373054E1,1.077175003E1,-2.414628754E0,-7.590715027E-1
2.586384054E1,1.058179504E1,-1.963766327E0,-4.450245667E-1
2.588394954E1,9.683812408E0,-2.583777008E0,-1.729054413E0
2.590405954E1,1.090841583E1,-2.624492340E0,-2.845283203E0
2.592416954E1,1.209799210E1,-2.666405182E0,-3.974235535E0
2.594427854E1,1.094703552E1,-2.683320007E0,-5.218747559E0
2.596438854E1,8.964109039E0,-2.145338745E0,-5.897436218E0
2.598449854E1,7.830216980E0,-1.153501282E0,-6.161936188E0
2.600460754E1,7.183112640E0,-4.700225830E-2,-6.027665405E0
2.602471754E1,6.301296387E0,6.584806824E-1,-5.807622986E0
2.604482654E1,6.183940430E0,7.768844604E-1,-5.166206818E0
2.606493654E1,6.446943512E0,-3.260220337E-1,-4.705614624E0
2.608504654E1,7.135511627E0,-1.186283112E0,-4.407734070E0
2.610515554E1,7.977510681E0,-1.568139038E0,-3.887266388E0
2.612526554E1,8.701555023E0,-1.600621490E0,-3.591331787E0
2.614537454E1,9.270521851E0,-1.870510254E0,-3.734134827E0
2.616548454E1,9.169781342E0,-1.981130219E0,-4.027075653E0
2.618559454E1,8.259673920E0,-1.119521942E0,-4.431235199E0
2.620570354E1,7.638914795E0,-9.041198730E-2,-4.837640076E0
2.622581354E1,7.939639435E0,6.066883850E-1,-4.592899017E0
2.624592254E1,8.643475800E0,4.668791199E-1,-3.902384949E0
2.626603254E1,9.085506592E0,-1.739382935E-1,-3.440744934E0
2.628614254E1,9.145681458E0,-6.239025879E-1,-3.523971863E0
2.630625154E1,9.140891418E0,-1.043180695E0,-3.675157471E0
2.632636154E1,8.948691101E0,-1.151106262E0,-3.635489960E0
2.634647154E1,8.987610168E0,-8.378077698E-1,-3.373983765E0
2.636658054E1,9.283844147E0,6.062393188E-2,-3.374283142E0
2.638669054E1,9.334738312E0,4.457730103E-1,-3.650608521E0
2.640679954E1,9.239536285E0,8.641529846E-1,-4.024980011E0
2.642690954E1,9.396859131E0,1.255439301E0,-3.919000397E0
2.644701954E1,9.792187042E0,1.361568604E0,-3.274141388E0
2.646712854E1,9.715097351E0,1.089733887E0,-2.954256592E0
2.648723854E1,9.086105347E0,3.600013733E-1,-3.771706696E0
2.650734754E1,1.014709900E1,-5.025050354E-1,-5.856271820E0
2.652745754E1,1.228570175E1,-1.845811615E0,-6.268813934E0
2.654756754E1,1.070184540E1,-2.707719269E0,-5.644911346E0
2.656767654E1,8.424780579E0,-4.246968384E0,-4.401297455E0
2.658778654E1,7.249424744E0,-5.282964020E0,-3.217858429E0
2.660789654E1,6.492448883E0,-4.380041656E0,-2.716550903E0
2.662800579E1,7.355404358E0,-2.304906921E0,-3.067121887E0
2.664811579E1,9.333840179E0,-8.249345398E-1,-4.624034271E0
2.666822579E1,1.070513855E1,1.357676697E-1,-5.539680176E0
2.668833479E1,1.027747787E1,-2.296224976E-1,-5.488336945E0
2.670844479E1,9.135802002E0,-9.440867615E-1,-4.498445435E0
2.672855379E1,8.146658936E0,-1.263522491E0,-3.462599487E0
2.674866379E1,7.426057434E0,-1.495240631E0,-2.978356476E0
2.676877379E1,7.439379730E0,-1.357377319E0,-2.653681641E0
2.678888279E1,7.822882233E0,-1.087189178E0,-2.393522644E0
2.680899279E1,8.572523346E0,-8.879534912E-1,-2.471959534E0
2.682910279E1,8.988059235E0,-8.909472656E-1,-2.623893585E0
2.684921179E1,9.246122589E0,-1.237027588E0,-2.576741638E0
2.686932179E1,9.596244507E0,-1.535806274E0,-2.299368439E0
2.688943179E1,9.796378326E0,-1.425485687E0,-2.135309601E0
2.690954079E1,9.824070740E0,-1.137634277E0,-2.074086914E0
2.692965079E1,9.805060272E0,-8.539741516E-1,-1.918859711E0
2.694976079E1,9.521849213E0,-8.135581970E-1,-2.031575317E0
2.696986979E1,9.635462952E0,-1.382075958E0,-2.145338745E0
2.698997979E1,1.046668442E1,-1.557211761E0,-1.017733612E0
2.701008979E1,1.103879471E1,-1.270707550E0,-8.083190918E-1
2.703019879E1,1.076770844E1,-2.003284149E0,-2.740950165E0
2.705030879E1,1.204410416E1,-2.866688690E0,-4.258943481E0
2.707041779E1,1.323487793E1,-3.367247772E0,-5.182971954E0
2.709052779E1,1.001462448E1,-2.487227783E0,-5.380261688E0
2.711063779E1,6.908433838E0,-2.027384033E0,-5.170996857E0
2.713074679E1,5.877228241E0,-8.946894836E-1,-5.776637421E0
2.715085679E1,5.885012054E0,3.508703613E-1,-6.124514008E0
2.717096679E1,6.358926544E0,5.478607178E-1,-5.642366638E0
2.719107579E1,8.086633759E0,-1.114432526E0,-5.170847168E0
2.721118579E1,9.335786133E0,-2.619851990E0,-4.387975159E0
2.723129579E1,9.942474518E0,-3.720064087E0,-3.238365784E0
2.725140479E1,9.704020386E0,-3.588487701E0,-2.673739929E0
2.727151479E1,9.241182861E0,-2.193987579E0,-3.102448425E0
2.729162479E1,8.312963104E0,-4.276606750E-1,-3.978726196E0
2.731173379E1,7.446564789E0,7.497908020E-1,-4.392765198E0
2.733184379E1,7.053182831E0,1.319655762E0,-4.724325714E0
2.735195379E1,7.229965210E0,1.357826385E0,-4.523742828E0
2.737206279E1,7.679779816E0,1.080303497E0,-3.864813080E0
2.739217279E1,8.214318237E0,6.462062073E-1,-3.254532166E0
2.741228279E1,8.824449463E0,3.442840576E-1,-3.188220062E0
2.743239279E1,9.168134766E0,2.466870117E-1,-3.385360107E0
2.745250179E1,9.265881500E0,2.814147949E-1,-3.543730774E0
2.747261179E1,9.117090912E0,3.838018799E-1,-3.528013458E0
2.749272179E1,9.024433594E0,6.004014587E-1,-3.500321045E0
2.751283079E1,9.163494415E0,8.660989380E-1,-3.724105682E0
2.753294079E1,9.425749054E0,8.295748901E-1,-4.259841614E0
2.755305079E1,9.957892456E0,4.971162415E-1,-4.520299988E0
2.757315979E1,1.027523254E1,1.784289551E-1,-3.678450623E0
2.759326979E1,1.067340454E1,-6.436614990E-2,-2.431244202E0
2.761337979E1,1.090587112E1,-1.534309387E-1,-1.599274292E0
2.763348917E1,1.042357407E1,-3.936813354E-2,-1.446591797E0
2.765359917E1,8.866511993E0,-1.784289551E-1,-3.084036713E0
2.767370917E1,1.032897079E1,-1.168470154E0,-5.584586792E0
2.769381817E1,1.318607941E1,-1.486408997E-1,-7.853269043E0
2.771392817E1,1.116902390E1,-1.036444702E0,-8.642427979E0
2.773403817E1,7.239844666E0,-3.291654968E0,-6.263275452E0
2.775414717E1,6.195765839E0,-4.399501190E0,-3.540287933E0
2.777425717E1,5.826483765E0,-3.907923431E0,-1.865121460E0
2.779436717E1,6.417903900E0,-1.914518738E0,-1.997895355E0
2.781447617E1,8.715326385E0,-1.981878662E-1,-3.310216370E0
2.783458617E1,1.072759186E1,1.072220306E0,-4.258644104E0
2.785469617E1,1.060769119E1,6.029461670E-1,-4.714146881E0
2.787480517E1,9.419013062E0,-6.538403320E-1,-4.660109253E0
2.789491517E1,8.672365723E0,-1.560055847E0,-3.598367157E0
2.791502517E1,7.987988892E0,-1.945354614E0,-2.539020081E0
2.793513517E1,7.566914520E0,-2.003134460E0,-2.126477966E0
2.795524417E1,7.881560211E0,-1.665736084E0,-1.910028076E0
2.797535417E1,8.443491669E0,-1.219064941E0,-2.161505127E0
2.799546417E1,8.778345337E0,-6.902146912E-1,-2.517315216E0
2.801557317E1,8.798104248E0,-2.421963501E-1,-2.793341217E0
2.803568317E1,8.872050476E0,-1.826202393E-1,-2.643652496E0
2.805579317E1,9.235943756E0,-5.360353088E-1,-2.326761475E0
2.807590217E1,9.665400696E0,-7.949967957E-1,-2.070793762E0
2.809601217E1,9.775122528E0,-8.943901062E-1,-2.039658508E0
2.811612217E1,9.395362244E0,-1.326990509E0,-2.542313232E0
2.813623117E1,9.780511322E0,-1.660047913E0,-1.620679779E0
2.815634117E1,1.131182693E1,-1.023721161E0,-4.343966675E-1
2.817645117E1,1.170461014E1,-4.361929321E-1,-4.745132446E-1
2.819656017E1,1.125659180E1,-4.308041382E-1,-2.812651062E0
2.821667017E1,1.105615860E1,-1.744023285E0,-5.029241638E0
2.823678017E1,1.284793259E1,-2.675087128E0,-5.188360748E0
2.825688917E1,1.124626328E1,-3.328628082E0,-5.596561890E0
2.827699917E1,8.182733917E0,-3.805835724E0,-5.132975922E0
2.829710917E1,6.504423981E0,-2.578837280E0,-5.763015747E0
2.831721817E1,5.790109406E0,-8.071215820E-1,-5.627397766E0
2.833732817E1,5.618117065E0,1.827699280E-1,-4.467609558E0
2.835743817E1,7.167844391E0,-3.239263916E-1,-4.437222748E0
2.837754717E1,8.987011414E0,-1.691482544E0,-4.300706635E0
2.839765717E1,1.009156448E1,-3.066373444E0,-3.372486877E0
2.841776717E1,1.034214340E1,-3.360511780E0,-3.045566711E0
2.843787717E1,9.367370453E0,-1.971550140E0,-3.267405396E0
2.845798617E1,8.200696564E0,-4.501139832E-1,-3.500321045E0
2.847809617E1,7.297025757E0,4.707710266E-1,-3.801644440E0
2.849820617E1,6.855294342E0,9.389973450E-1,-4.146377563E0
2.851831517E1,6.904242554E0,1.222358093E0,-4.296066284E0
2.853842517E1,7.471263428E0,1.114432526E0,-3.951183472E0
2.855853517E1,8.411009216E0,6.876699829E-1,-3.602708130E0
2.857864417E1,9.174122314E0,2.257305908E-1,-3.519032135E0
2.859875417E1,9.427545319E0,-1.185534668E-1,-3.480562134E0
2.861886742E1,9.330247650E0,-2.935395813E-1,-3.386108551E0
2.863897642E1,9.035360870E0,-1.920506287E-1,-3.372486877E0
2.865908642E1,8.842711487E0,9.984237671E-2,-3.461851044E0
2.867919642E1,8.901838531E0,4.074526978E-1,-3.778592377E0
2.869930542E1,9.334289246E0,5.751040649E-1,-4.120631104E0
2.871941542E1,9.869875488E0,8.693920898E-1,-4.044888611E0
2.873952542E1,1.035307068E1,1.150806885E0,-3.370989990E0
2.875963442E1,1.074256073E1,1.072369995E0,-2.566263428E0
2.877974442E1,1.087219116E1,6.815327454E-1,-2.239792328E0
2.879985442E1,9.773475952E0,1.088237000E-1,-3.031945038E0
2.881996342E1,1.010533585E1,-9.809101868E-1,-4.820425873E0
2.884007342E1,1.243823456E1,-8.487350464E-1,-5.954317932E0
2.886018342E1,1.239662109E1,1.041833496E-1,-7.026987305E0
2.888029242E1,9.409432983E0,-1.825603638E0,-6.464157715E0
2.890040242E1,7.080426178E0,-2.761008453E0,-5.308411102E0
2.892051242E1,6.477779388E0,-3.650458832E0,-2.944826202E0
2.894062142E1,5.954018555E0,-3.816613312E0,-1.643133087E0
2.896073142E1,6.711742859E0,-2.316133575E0,-1.361867981E0
2.898084142E1,9.310189362E0,-7.568261719E-1,-2.429447937E0
2.900095042E1,1.116243759E1,-9.984237671E-2,-3.942950592E0
2.902106042E1,1.058179504E1,-5.884263611E-1,-4.941973114E0
2.904117042E1,9.263636169E0,-1.270707550E0,-4.911586304E0
2.906127942E1,8.180039520E0,-1.645228729E0,-4.083208923E0
2.908138942E1,7.414830780E0,-1.867815857E0,-3.141367493E0
2.910149842E1,7.180567932E0,-1.576671295E0,-2.471959534E0
2.912160842E1,7.661517792E0,-1.016087036E0,-2.344125366E0
2.914171842E1,8.439300385E0,-6.339317322E-1,-2.527044983E0
2.916182742E1,8.931177521E0,-4.358935547E-1,-2.816992035E0
2.918193742E1,9.123826904E0,-4.522096252E-1,-2.778971100E0
2.920204742E1,9.077124023E0,-9.225315857E-1,-2.426304474E0
2.922215642E1,9.194330292E0,-1.459764404E0,-2.036515045E0
2.924226642E1,9.639953613E0,-1.426533508E0,-1.759291534E0
2.926237642E1,1.000639160E1,-9.349557495E-1,-1.737436981E0
2.928248542E1,9.841734009E0,-4.264631653E-1,-2.416275330E0
2.930259542E1,9.817185059E0,-4.061054993E-1,-2.921325073E0
2.932270542E1,1.032283356E1,-3.264710999E-1,-1.794318695E0
2.934281442E1,1.127949417E1,5.224136353E-2,-8.505313110E-1
2.936292442E1,1.167452271E1,1.231938171E-1,-1.612446899E0
2.938303442E1,1.041534119E1,-1.192420349E0,-4.048780518E0
2.940314342E1,1.265363663E1,-2.752326508E0,-4.918322296E0
2.942325342E1,1.196641571E1,-3.903283081E0,-5.116210785E0
2.944336342E1,8.834328918E0,-3.686982880E0,-4.926255798E0
2.946347242E1,6.674320679E0,-2.761756897E0,-5.241500244E0
2.948358242E1,5.938151550E0,-1.135239258E0,-5.848338318E0
2.950369242E1,6.204447784E0,7.334747314E-3,-4.985682220E0
2.952380142E1,7.626191254E0,-3.980223083E-1,-4.475243683E0
2.954391142E1,9.248367920E0,-1.314117279E0,-4.378245392E0
2.956402042E1,9.984836426E0,-2.508782959E0,-3.699856110E0
2.958413042E1,9.810449066E0,-3.043920135E0,-3.078797607E0
2.960424042E1,9.055419159E0,-2.213297424E0,-3.030597839E0
2.962434996E1,8.124804382E0,-1.151106262E0,-3.468886414E0
2.964445996E1,7.366780701E0,-4.026626587E-1,-3.765868835E0
2.966456996E1,6.975943451E0,2.980302429E-1,-4.043391724E0
2.968467896E1,7.065008240E0,9.586065674E-1,-4.089645538E0
2.970478896E1,7.466174011E0,1.235381012E0,-3.814817047E0
2.972489896E1,7.934100952E0,8.765771484E-1,-3.551514587E0
2.974500796E1,8.512049103E0,6.400689697E-1,-3.544479218E0
2.976511796E1,9.019344177E0,2.305206299E-2,-3.478316803E0
2.978522796E1,9.232351227E0,-5.384303284E-1,-3.487597504E0
2.980533696E1,9.352401581E0,-5.926176453E-1,-3.404819641E0
2.982544696E1,9.350006561E0,-2.920426941E-1,-3.289559326E0
2.984555596E1,9.555529175E0,1.306782532E-1,-3.413651276E0
2.986566596E1,1.012763947E1,4.116439819E-1,-3.764222260E0
2.988577596E1,1.044198578E1,5.081932068E-1,-3.982318726E0
2.990588496E1,1.039932449E1,6.358776855E-1,-3.670517120E0
2.992599496E1,1.047806076E1,9.466314697E-1,-2.958298187E0
2.994610496E1,1.059451859E1,1.006656647E0,-2.307152252E0
2.996621396E1,1.015009277E1,6.276448059E-1,-2.227068787E0
2.998632396E1,9.062903595E0,-4.141886902E-1,-3.963607635E0
3.000643296E1,1.142035126E1,-1.924697571E0,-4.820126495E0
3.002654296E1,1.230531097E1,-4.098477173E-1,-7.049889679E0
3.004665296E1,9.533375244E0,-1.579066315E0,-6.817273407E0
3.006676196E1,7.406597900E0,-3.277434540E0,-5.282065887E0
3.008687196E1,7.038812714E0,-4.419559479E0,-3.112327881E0
3.010698196E1,6.825955353E0,-4.070186005E0,-1.724114685E0
3.012709096E1,7.837551727E0,-1.917512512E0,-2.220931549E0
3.014720096E1,9.958191833E0,-2.905458069E-1,-3.914509735E0
3.016730996E1,1.047641418E1,4.125421143E-1,-5.037773895E0
3.018741996E1,9.576186218E0,-5.658233643E-2,-4.809797974E0
3.020752996E1,8.706345062E0,-6.071374512E-1,-4.220623169E0
3.022763896E1,7.921976166E0,-1.296454010E0,-3.218008118E0
3.024774896E1,7.279512177E0,-1.979932709E0,-2.119741974E0
3.026785896E1,7.376809845E0,-2.048490143E0,-1.407373352E0
3.028796796E1,8.101003876E0,-1.700613556E0,-1.265318756E0
3.030807796E1,8.918453979E0,-1.187480621E0,-1.687291260E0
3.032818696E1,9.414821777E0,-5.677693176E-1,-2.268981628E0
3.034829696E1,9.633666687E0,-2.420466614E-1,-2.468067627E0
3.036840696E1,9.754465485E0,-4.058061218E-1,-2.305355988E0
3.038851596E1,9.964329071E0,-6.240522766E-1,-2.134561157E0
3.040862596E1,1.000938538E1,-5.882766724E-1,-1.878593445E0
3.042873596E1,9.953850861E0,-4.079017639E-1,-1.793420563E0
3.044884496E1,1.002510269E1,-5.795947266E-1,-1.960922241E0
3.046895496E1,1.082054855E1,-1.011446686E0,-1.471440125E0
3.048906396E1,1.103415436E1,-1.102457428E0,-6.707551575E-1
3.050917396E1,1.096305222E1,-7.026388550E-1,-9.328601074E-1
3.052928396E1,9.859846344E0,-1.312919769E0,-2.944377136E0
3.054939296E1,1.176298874E1,-2.113155670E0,-4.155658264E0
3.056950296E1,1.141376495E1,-3.122207336E0,-5.213358765E0
3.058961296E1,8.373287659E0,-2.965632935E0,-5.701343994E0
3.060972196E1,6.440806274E0,-2.485730896E0,-5.723647614E0
3.062982829E1,5.808670807E0,-1.575773163E0,-5.679788818E0
3.064993729E1,6.892117767E0,-9.369017029E-1,-4.648882599E0
3.067004729E1,8.713679810E0,-1.287921753E0,-4.338428192E0
3.069015729E1,1.006282425E1,-1.753902740E0,-4.041146393E0
3.071026629E1,1.083821182E1,-2.333946533E0,-3.446133728E0
3.073037629E1,1.031699570E1,-2.298170929E0,-3.179238739E0
3.075048529E1,9.179960175E0,-1.521436157E0,-2.962339783E0
3.077059529E1,7.836204529E0,-5.269042969E-1,-2.853815460E0
3.079070529E1,6.952741699E0,1.016386414E-1,-3.096011810E0
3.081081429E1,6.702013092E0,4.667294312E-1,-3.545826416E0
3.083092429E1,6.968758392E0,6.905140686E-1,-3.841761017E0
3.085103329E1,7.468119965E0,6.524931335E-1,-3.614533539E0
3.087114329E1,8.131540375E0,7.361691284E-1,-3.432811432E0
3.089125329E1,8.794062653E0,9.921368408E-1,-3.755240936E0
3.091136229E1,9.253607025E0,9.213340759E-1,-3.879482574E0
3.093147229E1,9.293573914E0,5.881269836E-1,-3.529959412E0
3.095158229E1,9.273066559E0,4.632865906E-1,-3.049757996E0
3.097169129E1,9.371711426E0,7.099736023E-1,-2.924767914E0
3.099180129E1,9.520052948E0,1.272952881E0,-3.463497620E0
3.101191029E1,9.902807007E0,1.639690247E0,-4.261488190E0
3.103202029E1,1.059571609E1,1.869163055E0,-4.151616669E0
3.105213029E1,1.087937622E1,1.472787323E0,-3.103645935E0
3.107223929E1,1.105181763E1,9.848020935E-1,-2.348466339E0
3.109234929E1,1.074480606E1,3.710783386E-1,-2.220183105E0
3.111245829E1,9.774972839E0,-6.849755859E-1,-3.518433380E0
3.113256829E1,1.112995514E1,-1.855691071E0,-4.742587738E0
3.115267829E1,1.221100708E1,-3.185375977E-1,-6.416407013E0
3.117278729E1,9.383087769E0,-5.493576050E-1,-6.968159637E0
3.119289729E1,7.001540222E0,-2.960393829E0,-5.012177124E0
3.121300629E1,6.837182007E0,-4.216431885E0,-3.132386169E0
3.123311629E1,7.317832489E0,-3.691922607E0,-1.946552124E0
3.125322629E1,8.624465332E0,-1.809586945E0,-1.876946869E0
3.127333529E1,1.032507889E1,-4.305047607E-1,-2.971470795E0
3.129344529E1,1.064376617E1,7.027885437E-1,-4.107757874E0
3.131355429E1,9.487121429E0,8.955876160E-1,-4.703668671E0
3.133366429E1,8.168962555E0,6.469546509E-1,-4.523144073E0
3.135377429E1,7.142846375E0,-3.129991150E-1,-3.625760193E0
3.137388329E1,6.913223877E0,-1.401086426E0,-2.422113190E0
3.139399329E1,7.208559723E0,-1.779948578E0,-1.405277710E0
3.141410329E1,8.223598938E0,-1.587598572E0,-1.151705017E0
3.143421229E1,9.105115814E0,-1.135838013E0,-1.665736084E0
3.145432229E1,9.579329681E0,-7.035369873E-1,-2.303709412E0
3.147443129E1,9.714498596E0,-3.047662354E-1,-2.782713318E0
3.149454129E1,9.531878357E0,-3.275189209E-1,-3.033741302E0
3.151465129E1,9.620194702E0,-6.477030945E-1,-2.803070984E0
3.153476029E1,1.007300308E1,-5.513035583E-1,-2.337539063E0
3.155487029E1,1.039393570E1,-6.415658569E-1,-2.002386017E0
3.157497929E1,1.077564194E1,-1.193617859E0,-1.970801697E0
3.159508929E1,1.129925308E1,-1.890269165E0,-1.725761261E0
3.161519929E1,1.131526978E1,-1.712888031E0,-7.494914246E-1
3.163531154E1,1.070304291E1,-9.237290955E-1,-6.810836792E-2
3.165542154E1,1.054572006E1,1.068777466E-1,-5.399272156E-1
3.167553154E1,9.640702057E0,-1.072669373E0,-3.355422363E0
3.169564054E1,1.221280334E1,-2.332898712E0,-4.165687408E0
3.171575054E1,1.219274506E1,-3.992048492E0,-5.400170288E0
3.173585954E1,8.972042542E0,-3.594026184E0,-6.082750854E0
3.175596954E1,5.893095245E0,-2.295177155E0,-6.630012817E0
3.177607954E1,5.344935150E0,-2.448907471E-1,-6.686595154E0
3.179618854E1,5.775888977E0,8.978329468E-1,-5.165757751E0
3.181629854E1,7.751929779E0,-3.984713745E-1,-4.441713409E0
3.183640854E1,9.347312164E0,-1.870959320E0,-3.869902496E0
3.185651754E1,1.020757324E1,-3.379222870E0,-2.899919586E0
3.187662754E1,1.033151550E1,-4.112847290E0,-2.431992645E0
3.189673654E1,9.254056091E0,-2.839595032E0,-2.663561096E0
3.191684654E1,7.866890717E0,-1.107097778E0,-2.834505615E0
3.193695654E1,6.926246796E0,1.139131165E-1,-3.169808350E0
3.195706554E1,6.650370483E0,1.259031830E0,-3.671864319E0
3.197717554E1,7.044051819E0,2.088457031E0,-3.834126892E0
3.199728554E1,7.712861023E0,2.373614044E0,-3.592379608E0
3.201739454E1,8.471184082E0,1.974394226E0,-3.432362366E0
3.203750454E1,9.134903870E0,1.456171875E0,-3.599864044E0
3.205761354E1,9.508227539E0,7.899073792E-1,-3.708088989E0
3.207772354E1,9.397308197E0,-4.146377563E-2,-3.644471283E0
3.209783354E1,9.151818695E0,-6.677613831E-1,-3.263214111E0
3.211794254E1,9.018745422E0,-5.685177612E-1,-3.210972748E0
3.213805254E1,9.126670990E0,3.957769775E-1,-3.942651215E0
3.215816254E1,9.828411713E0,1.739083557E0,-4.252357178E0
3.217827154E1,1.080872314E1,2.455194397E0,-3.765569458E0
3.219838154E1,1.139999359E1,1.980381775E0,-3.044818268E0
3.221849054E1,1.147738266E1,9.761201477E-1,-2.364632721E0
3.223860054E1,1.056053925E1,-9.430389404E-3,-2.467917938E0
3.225871054E1,9.907147980E0,-1.315913544E0,-4.431684265E0
3.227881954E1,1.145178589E1,-2.458936615E0,-5.588329010E0
3.229892954E1,1.151839737E1,-8.951385498E-2,-6.701414337E0
3.231903954E1,8.771010590E0,-1.744921417E0,-6.141877899E0
3.233914854E1,6.912176056E0,-3.932173004E0,-4.627926178E0
3.235925854E1,6.656657410E0,-5.265300751E0,-2.709216156E0
3.237936854E1,7.046147461E0,-4.859644318E0,-1.612596588E0
3.239947754E1,8.395740967E0,-2.856809235E0,-2.217189331E0
3.241958754E1,1.031534912E1,-1.139430542E0,-3.648662567E0
3.243969654E1,1.058778259E1,2.432441711E-1,-4.662653961E0
3.245980654E1,9.448352051E0,6.746470642E-1,-4.954097900E0
3.247991654E1,8.483159180E0,3.864962769E-1,-4.498295746E0
3.250002554E1,7.731871490E0,-3.104544067E-1,-3.510499878E0
3.252013554E1,7.286397858E0,-1.449884949E0,-2.479593658E0
3.254024554E1,7.339237976E0,-2.083367615E0,-1.807191925E0
3.256035454E1,7.911947021E0,-2.130519562E0,-1.598825226E0
3.258046454E1,8.563092957E0,-1.729802856E0,-1.786085815E0
3.260057454E1,9.294621735E0,-1.187181244E0,-2.140698395E0
3.262068054E1,9.676926727E0,-7.388635254E-1,-2.607727203E0
3.264079054E1,9.787696381E0,-5.387297058E-1,-2.911146240E0
3.266089954E1,9.964029694E0,-3.644920349E-1,-2.791544952E0
3.268100954E1,1.025517426E1,-1.950444031E-1,-2.265389099E0
3.270111954E1,1.058314224E1,-3.055146790E-1,-1.881736908E0
3.272122854E1,1.088416626E1,-7.140151978E-1,-1.595232697E0
3.274133854E1,1.066277664E1,-1.146316223E0,-1.249601440E0
3.276144854E1,9.987231445E0,-8.170010376E-1,-9.614506531E-1
3.278155754E1,9.079668732E0,-9.720785522E-1,-1.805395660E0
3.280166754E1,9.973460083E0,-2.012415161E0,-4.351750488E0
3.282177754E1,1.249825974E1,-3.482957153E0,-4.419110413E0
3.284188654E1,1.071367081E1,-3.621868286E0,-6.362968140E0
3.286199654E1,7.484585724E0,-2.764900360E0,-6.359824677E0
3.288210654E1,5.701643372E0,-1.497935028E0,-5.893993378E0
3.290221554E1,5.910908203E0,-2.734812927E-1,-4.724026337E0
3.292232554E1,7.613467712E0,-2.185455322E-1,-4.299359436E0
3.294243454E1,9.701924744E0,-9.044192505E-1,-4.171225891E0
3.296254454E1,1.102083206E1,-1.803898773E0,-4.009113007E0
3.298265454E1,1.100481537E1,-2.230511627E0,-4.440665588E0
3.300276354E1,9.583371277E0,-1.803449707E0,-4.302802277E0
3.302287354E1,7.971672821E0,-1.023571472E0,-3.505111084E0
3.304298354E1,6.741081848E0,-3.314108276E-1,-3.544778595E0
3.306309254E1,6.200106812E0,1.190025330E-1,-3.892655182E0
3.308320254E1,6.500232697E0,2.472857666E-1,-3.996389465E0
3.310331254E1,7.595505066E0,-1.067280579E-1,-3.879332886E0
3.312342154E1,8.965605927E0,-5.655239868E-1,-3.812122650E0
3.314353154E1,9.583221588E0,-6.435118103E-1,-3.687581635E0
3.316364154E1,9.364676056E0,-4.766088867E-1,-3.491190033E0
3.318375054E1,8.816066895E0,-1.502874756E-1,-3.472928009E0
3.320386054E1,8.805588684E0,3.356021118E-1,-3.514840851E0
3.322397054E1,8.832083588E0,8.622070313E-1,-3.704945526E0
3.324407954E1,8.997789001E0,1.072669373E0,-3.988306274E0
3.326418954E1,9.361682281E0,9.985734558E-1,-4.301904144E0
3.328429854E1,9.769584045E0,9.301657104E-1,-4.120481415E0
3.330440854E1,1.035726196E1,7.321275330E-1,-3.456312561E0
3.332451854E1,1.045366150E1,3.095562744E-1,-2.809657288E0
3.334462754E1,1.014994308E1,-2.531236267E-1,-3.716172180E0
3.336473754E1,1.228480362E1,-2.066003723E0,-5.088368683E0
3.338484754E1,1.262429764E1,-1.836680603E0,-5.808221741E0
3.340495654E1,9.801617432E0,-1.733694763E0,-5.360053711E0
3.342506654E1,7.265441437E0,-3.076252899E0,-4.627327423E0
3.344517654E1,6.178851013E0,-3.440595245E0,-3.951931915E0
3.346528554E1,5.703140259E0,-2.999761963E0,-3.013683014E0
3.348539554E1,6.220913544E0,-1.714235229E0,-2.536175995E0
3.350550554E1,8.519832916E0,-6.150709534E-1,-3.488645325E0
3.352561454E1,1.080063995E1,-6.956034851E-1,-4.954097900E0
3.354572454E1,1.113040421E1,-1.186582489E0,-5.122946777E0
3.356583454E1,9.864935760E0,-1.364263000E0,-4.450694733E0
3.358594354E1,8.993597717E0,-1.477128296E0,-3.635340271E0
3.360605354E1,8.235574036E0,-1.633403320E0,-2.921774139E0
3.362616692E1,7.784262543E0,-1.575174408E0,-2.500999146E0
3.364627592E1,8.023614807E0,-1.511257324E0,-2.383643188E0
3.366638592E1,8.624465332E0,-1.273252258E0,-2.442620544E0
3.368649492E1,8.891210632E0,-1.002615051E0,-2.530936890E0
3.370660492E1,8.969647522E0,-9.569599915E-1,-2.653681641E0
3.372671492E1,9.346114655E0,-1.047821045E0,-2.499502258E0
3.374682392E1,9.651629333E0,-1.057999878E0,-2.394420776E0
3.376693392E1,9.604926453E0,-1.021176453E0,-2.441123657E0
3.378704392E1,9.364526367E0,-8.945397949E-1,-2.216291199E0
3.380715292E1,9.218280487E0,-9.578581238E-1,-2.223775635E0
3.382726292E1,9.182953949E0,-9.464817810E-1,-2.011816406E0
3.384737292E1,9.123826904E0,-8.973838806E-1,-3.082839203E0
3.386748192E1,8.677455139E0,-2.102078705E0,-5.874084778E0
3.388759192E1,1.116677856E1,-3.314856720E0,-7.005282440E0
3.390770192E1,1.040171951E1,-4.405488739E0,-7.383396149E0
3.392781092E1,7.948321381E0,-4.203109589E0,-6.325246582E0
3.394792092E1,7.040908356E0,-3.490441589E0,-5.256768494E0
3.396803092E1,6.942113800E0,-1.889371033E0,-4.787793732E0
3.398813992E1,7.377707977E0,-1.446891174E0,-4.629123688E0
3.400824992E1,8.049361267E0,-1.418749695E0,-4.745880890E0
3.402835992E1,8.447682953E0,-1.924398193E0,-4.619842987E0
3.404846892E1,8.809480591E0,-2.493963776E0,-4.391567688E0
3.406857892E1,8.804540863E0,-2.458337860E0,-4.421206055E0
3.408868792E1,8.727002106E0,-2.081421661E0,-4.797822876E0
3.410879792E1,8.606802063E0,-1.381926270E0,-5.292693787E0
3.412890792E1,8.631949768E0,-9.328601074E-1,-5.539829865E0
3.414901692E1,8.722212067E0,-1.055904236E0,-5.183121643E0
3.416912692E1,8.644822998E0,-1.394051056E0,-4.522545319E0
3.418923692E1,8.670419769E0,-1.480571136E0,-4.106260986E0
3.420934592E1,8.778944092E0,-1.383273468E0,-3.820056152E0
3.422945592E1,8.904981995E0,-1.225351868E0,-3.691772919E0
3.424956592E1,8.870852966E0,-8.906478882E-1,-3.826941833E0
3.426967492E1,8.684939575E0,-6.215075684E-1,-4.107907562E0
3.428978492E1,8.510701904E0,-4.493655396E-1,-4.492158508E0
3.430989392E1,8.706644440E0,-5.939648438E-1,-4.672234039E0
3.433000392E1,8.811875610E0,-7.192543030E-1,-4.591252441E0
3.435011392E1,8.432414703E0,-6.210585022E-1,-4.739593964E0
3.437022292E1,8.077802124E0,-6.825805664E-2,-5.004542999E0
3.439033292E1,8.169561310E0,4.481680298E-1,-5.052293701E0
3.441044292E1,8.265811157E0,3.020718384E-1,-4.796026611E0
3.443055192E1,8.193212128E0,-3.360511780E-1,-4.542753296E0
3.445066192E1,7.904312897E0,-1.483415222E0,-4.654271393E0
3.447077192E1,8.145012360E0,-2.609074402E0,-4.787494354E0
3.449088092E1,9.656569061E0,-3.494183807E0,-4.394112396E0
3.451099092E1,1.127275818E1,-2.613714752E0,-2.826123047E0
3.453109992E1,1.048165329E1,-4.915777588E-1,-2.081271973E0
3.455120992E1,9.554331665E0,-4.954696655E-1,-2.363435211E0
3.457131992E1,9.380093994E0,-9.018745422E-1,-2.937491455E0
3.459142892E1,8.822503510E0,-1.660646667E0,-3.103047180E0
3.461153892E1,8.415350189E0,-2.252515869E0,-2.648442535E0
3.463164967E1,8.656049652E0,-2.297871552E0,-2.234852600E0
3.465175867E1,8.637188873E0,-2.268083496E0,-1.710493011E0
3.467186867E1,8.396788788E0,-1.919757843E0,-1.622925110E0
3.469197767E1,8.469986572E0,-1.223705292E0,-2.195185089E0
3.471208767E1,8.790919189E0,-5.788462830E-1,-2.874622192E0
3.473219767E1,9.064550171E0,-1.978884888E-1,-3.369343414E0
3.475230667E1,9.315129089E0,-3.049159241E-1,-3.772754517E0
3.477241667E1,9.956395569E0,-6.999444580E-1,-4.386478271E0
3.479252667E1,1.129566055E1,-1.139580231E0,-4.785398712E0
3.481263567E1,1.146570694E1,-1.509461060E0,-4.818629608E0
3.483274567E1,9.794432373E0,-1.441502380E0,-3.816912689E0
3.485285567E1,8.602910156E0,-1.033450928E0,-2.836750946E0
3.487296467E1,7.614066467E0,-7.264393616E-1,-2.383194122E0
3.489307467E1,7.365283813E0,-4.719685364E-1,-2.465672607E0
3.491318367E1,8.451125793E0,-2.469863892E-1,-3.031645660E0
3.493329367E1,9.149723053E0,-5.625302124E-1,-3.615431671E0
3.495340367E1,9.512418823E0,-1.181343384E0,-3.973936157E0
3.497351267E1,9.748777313E0,-1.416055298E0,-4.154161377E0
3.499362267E1,9.529782715E0,-1.074016571E0,-4.041146393E0
3.501373267E1,8.990304565E0,-6.560856628E-1,-3.772904205E0
3.503384167E1,8.703950043E0,-2.606080627E-1,-3.565285950E0
3.505395167E1,8.584199066E0,-9.430389404E-2,-3.423680420E0
3.507406067E1,8.716673584E0,-3.604504395E-1,-3.430715790E0
3.509417067E1,8.931177521E0,-6.866221619E-1,-3.532504120E0
3.511428067E1,9.170230408E0,-8.988807678E-1,-3.589535522E0
3.513438967E1,9.357940063E0,-9.659413147E-1,-3.530109100E0
3.515449967E1,9.343719635E0,-8.171507263E-1,-3.435206451E0
3.517460867E1,9.210646362E0,-6.764433289E-1,-3.418591003E0
3.519471867E1,9.146130524E0,-5.436694336E-1,-3.381168823E0
3.521482867E1,9.136251068E0,-4.412823486E-1,-3.342249756E0
3.523493767E1,9.176966400E0,-4.511618042E-1,-3.314108276E0
3.525504767E1,9.217082977E0,-5.857319641E-1,-3.282074890E0
3.527515767E1,9.247769165E0,-7.131170654E-1,-3.270099792E0
3.529526667E1,9.241182861E0,-8.445437622E-1,-3.293151855E0
3.531537667E1,9.216933289E0,-8.307723999E-1,-3.359463959E0
3.533548567E1,9.161099396E0,-7.364685059E-1,-3.373085632E0
3.535559567E1,9.170080719E0,-6.894662476E-1,-3.363056488E0
3.537570567E1,9.180708618E0,-6.264472961E-1,-3.298989716E0
3.539581467E1,9.225315857E0,-5.879772949E-1,-3.254831543E0
3.541592467E1,9.217232666E0,-5.933660889E-1,-3.258274384E0
3.543603467E1,9.217082977E0,-6.512956238E-1,-3.308569794E0
3.545614367E1,9.190588074E0,-6.933581543E-1,-3.345542908E0
3.547625367E1,9.185049591E0,-7.102729797E-1,-3.347788239E0
3.549636267E1,9.172176361E0,-6.607260132E-1,-3.334465942E0
3.551647267E1,9.145082703E0,-6.741979980E-1,-3.357218628E0
3.553658267E1,9.162296906E0,-6.950047302E-1,-3.353326721E0
3.555669167E1,9.163045349E0,-7.147636414E-1,-3.352428589E0
3.557680167E1,9.190438385E0,-7.210505676E-1,-3.381318512E0
3.559691067E1,9.202563171E0,-7.337741089E-1,-3.378474426E0
3.561702067E1,9.190288696E0,-7.059320068E-1,-3.355122986E0
3.563712608E1,9.138346710E0,-6.506968689E-1,-3.356170807E0
3.565723508E1,9.134005737E0,-5.646258545E-1,-3.370690613E0
3.567734508E1,9.146878967E0,-5.147795105E-1,-3.415746918E0
3.569745408E1,9.127269745E0,-5.319937134E-1,-3.400328979E0
3.571756408E1,9.168284454E0,-5.528004456E-1,-3.357518005E0
3.573767408E1,9.195677490E0,-5.554948425E-1,-3.278931427E0
3.575778308E1,9.198671265E0,-5.140310669E-1,-3.256777496E0
3.577789308E1,9.199419708E0,-4.902305603E-1,-3.300037537E0
3.579800308E1,9.219477997E0,-4.996609497E-1,-3.322341156E0
3.581811208E1,9.230554962E0,-5.605842590E-1,-3.275189209E0
3.583822208E1,9.220974884E0,-6.225553894E-1,-3.222648468E0
3.585833108E1,9.187594299E0,-6.330335999E-1,-3.227438507E0
3.587844108E1,9.163494415E0,-6.397695923E-1,-3.214864655E0
3.589855108E1,9.192084961E0,-6.152206421E-1,-3.200943604E0
3.591866008E1,9.244326324E0,-5.894741821E-1,-3.215014343E0
3.593877008E1,9.251361694E0,-6.200106812E-1,-3.268752594E0
3.595887908E1,9.238338776E0,-6.459068298E-1,-3.232527924E0
3.597898908E1,9.213340759E0,-6.177653503E-1,-3.194956055E0
3.599909908E1,9.206155701E0,-5.915698242E-1,-3.187920685E0
3.601920808E1,9.213640137E0,-5.539979553E-1,-3.199147339E0
3.603931808E1,9.216933289E0,-5.587879944E-1,-3.262914734E0
3.605942708E1,9.217981110E0,-5.423222351E-1,-3.274141388E0
3.607953708E1,9.239985352E0,-5.924679565E-1,-3.272794189E0
3.609964708E1,9.232949982E0,-6.030958557E-1,-3.234773254E0
3.611975608E1,9.211694183E0,-5.786965942E-1,-3.186723175E0
3.613986608E1,9.194629669E0,-5.659730530E-1,-3.191363525E0
3.615997508E1,9.203461304E0,-5.429209900E-1,-3.216211853E0
3.618008508E1,9.222172394E0,-5.533992004E-1,-3.247796173E0
3.620019508E1,9.207203522E0,-5.288502502E-1,-3.271896057E0
3.622030408E1,9.191486206E0,-5.354365540E-1,-3.294948120E0
3.624041408E1,9.175170135E0,-5.536985779E-1,-3.257975006E0
3.626052308E1,9.177565155E0,-5.438191223E-1,-3.251987457E0
3.628063308E1,9.179810486E0,-5.081932068E-1,-3.238964539E0
3.630074308E1,9.218879242E0,-4.628375244E-1,-3.225193176E0
3.632085208E1,9.212592316E0,-4.349954224E-1,-3.220403137E0
3.634096208E1,9.232351227E0,-4.504133606E-1,-3.212619324E0
3.636107108E1,9.270821228E0,-4.700225830E-1,-3.228186951E0
3.638118108E1,9.279353485E0,-4.960684204E-1,-3.214864655E0
3.640129108E1,9.266031189E0,-5.046006775E-1,-3.174448700E0
3.642140008E1,9.253607025E0,-4.836442566E-1,-3.165317688E0
3.644151008E1,9.204958191E0,-4.381388855E-1,-3.182831268E0
3.646161908E1,9.212742004E0,-4.218228149E-1,-3.165916443E0
3.648172908E1,9.229058075E0,-4.340972900E-1,-3.209475861E0
3.650183908E1,9.227561188E0,-4.828958130E-1,-3.229234772E0
3.652194808E1,9.206006012E0,-5.343887329E-1,-3.201093292E0
3.654205808E1,9.244476013E0,-5.433700562E-1,-3.195554810E0
3.656216708E1,9.272617493E0,-5.565426636E-1,-3.197500763E0
3.658227708E1,9.238787842E0,-5.435197449E-1,-3.226240997E0
3.660238708E1,9.229207764E0,-5.177732849E-1,-3.166814575E0
3.662249617E1,9.228758698E0,-5.370831299E-1,-3.174149323E0
3.664260617E1,9.246571655E0,-5.580395508E-1,-3.221301270E0
3.666271517E1,9.226962433E0,-5.477110291E-1,-3.252286835E0
3.668282517E1,9.175020447E0,-5.060975647E-1,-3.271896057E0
3.670293517E1,9.180708618E0,-4.694238281E-1,-3.274291077E0
3.672304417E1,9.178912354E0,-4.312532043E-1,-3.254232788E0
3.674315417E1,9.189689941E0,-4.360432434E-1,-3.249143372E0
3.676326317E1,9.203161926E0,-4.451742554E-1,-3.272494812E0
3.678337317E1,9.203012238E0,-4.525090027E-1,-3.266207886E0
3.680348317E1,9.214837646E0,-4.622387695E-1,-3.232677612E0
3.682359217E1,9.217382355E0,-4.564009094E-1,-3.242557068E0
3.684370217E1,9.218130798E0,-4.719685364E-1,-3.235671387E0
3.686381117E1,9.222022705E0,-5.134323120E-1,-3.216211853E0
3.688392117E1,9.224417725E0,-5.165757751E-1,-3.209775238E0
3.690403117E1,9.218879242E0,-5.132826233E-1,-3.213667145E0
3.692414017E1,9.218130798E0,-4.989125061E-1,-3.201542358E0
3.694425017E1,9.222920837E0,-4.757107544E-1,-3.180585938E0
3.696435917E1,9.255702667E0,-4.707710266E-1,-3.182082825E0
3.698446917E1,9.261390839E0,-4.808001709E-1,-3.184328156E0
3.700457817E1,9.256600800E0,-4.619393921E-1,-3.195255432E0
3.702468817E1,9.237590332E0,-4.519102478E-1,-3.201692047E0
3.704479817E1,9.223070526E0,-4.634362793E-1,-3.203488312E0
3.706490717E1,9.222771149E0,-4.722679138E-1,-3.226839752E0
3.708501717E1,9.213490448E0,-4.727169800E-1,-3.222947845E0
3.710512617E1,9.215586090E0,-4.773573303E-1,-3.247945862E0
3.712523617E1,9.201066284E0,-4.956193542E-1,-3.243455200E0
3.714534617E1,9.193432159E0,-5.236111450E-1,-3.226989441E0
3.716545517E1,9.218280487E0,-5.468128967E-1,-3.196303253E0
3.718556517E1,9.239835663E0,-5.710624695E-1,-3.186872864E0
3.720567417E1,9.254954224E0,-5.739065552E-1,-3.223247223E0
3.722578417E1,9.219028931E0,-5.495072937E-1,-3.217708740E0
3.724589417E1,9.199569397E0,-5.273533630E-1,-3.226839752E0
3.726600317E1,9.211544495E0,-5.035528564E-1,-3.235372009E0
3.728611317E1,9.216633911E0,-4.900808716E-1,-3.216062164E0
3.730622217E1,9.224118347E0,-5.171745300E-1,-3.247646484E0
3.732633217E1,9.220675507E0,-5.337899780E-1,-3.244652710E0
3.734644117E1,9.214388580E0,-5.096900940E-1,-3.235671387E0
3.736655117E1,9.223070526E0,-4.933740234E-1,-3.202889557E0
3.738666117E1,9.244026947E0,-4.691244507E-1,-3.215313721E0
3.740677017E1,9.208251343E0,-5.011578369E-1,-3.242108002E0
3.742688017E1,9.224567413E0,-5.249583435E-1,-3.226690063E0
3.744698917E1,9.236392822E0,-4.881349182E-1,-3.204386444E0
3.746709917E1,9.220226440E0,-4.909790039E-1,-3.196003876E0
3.748720917E1,9.248367920E0,-5.206173706E-1,-3.171155548E0
3.750731817E1,9.257349243E0,-5.450166321E-1,-3.177292786E0
3.752742817E1,9.263037415E0,-4.779560852E-1,-3.179538116E0
3.754753717E1,9.287436676E0,-4.583468628E-1,-3.223546600E0
3.756764717E1,9.201814728E0,-4.652325439E-1,-3.234623566E0
3.758775617E1,9.210796051E0,-4.587959290E-1,-3.254532166E0
3.760786617E1,9.216035156E0,-4.498146057E-1,-3.239263916E0
3.762797596E1,9.197024689E0,-4.620890808E-1,-3.219954071E0
3.764808496E1,9.225615234E0,-4.852908325E-1,-3.206332397E0
3.766819496E1,9.230105896E0,-4.803511047E-1,-3.200943604E0
3.768830396E1,9.243428192E0,-4.703219604E-1,-3.233276367E0
3.770841396E1,9.213939514E0,-4.731660461E-1,-3.237916718E0
3.772852396E1,9.252409515E0,-4.751119995E-1,-3.230581970E0
3.774863296E1,9.260792084E0,-4.861889648E-1,-3.203338623E0
3.776874296E1,9.223669281E0,-5.060975647E-1,-3.204536133E0
3.778885196E1,9.256600800E0,-5.291496277E-1,-3.196602631E0
3.780896196E1,9.252708893E0,-5.287005615E-1,-3.257525940E0
3.782907096E1,9.214538269E0,-5.316943359E-1,-3.309916992E0
3.784918096E1,9.175918579E0,-5.062472534E-1,-3.284769287E0
3.786929096E1,9.138795776E0,-4.662803650E-1,-3.302731934E0
3.788939996E1,9.167236633E0,-4.132905579E-1,-3.317700806E0
3.790950996E1,9.195677490E0,-4.198768616E-1,-3.308869171E0
3.792961896E1,9.195827179E0,-4.522096252E-1,-3.308869171E0
3.794972896E1,9.209748230E0,-4.772076416E-1,-3.330723724E0
3.796983796E1,9.195976868E0,-4.842430115E-1,-3.352727966E0
3.798994796E1,9.172176361E0,-5.077441406E-1,-3.317102051E0
3.801005796E1,9.182953949E0,-5.072950745E-1,-3.288810883E0
3.803016696E1,9.182504883E0,-5.171745300E-1,-3.269800415E0
3.805027696E1,9.186845856E0,-5.162763977E-1,-3.278931427E0
3.807038596E1,9.208850098E0,-4.971162415E-1,-3.335813141E0
3.809049596E1,9.184001770E0,-4.911286926E-1,-3.354224854E0
3.811060596E1,9.182355194E0,-5.059478760E-1,-3.338357849E0
3.813071496E1,9.191785583E0,-5.089416504E-1,-3.331023102E0
3.815082496E1,9.193581848E0,-5.158273315E-1,-3.329526215E0
3.817093396E1,9.190139008E0,-5.162763977E-1,-3.300785980E0
3.819104396E1,9.185648346E0,-4.944218445E-1,-3.280727692E0
3.821115296E1,9.189689941E0,-4.742138672E-1,-3.311114502E0
3.823126296E1,9.196875000E0,-4.793032837E-1,-3.303480377E0
3.825137296E1,9.196875000E0,-4.954696655E-1,-3.329675903E0
3.827148196E1,9.198970642E0,-5.279521179E-1,-3.330873413E0
3.829159196E1,9.185199280E0,-5.273533630E-1,-3.316203918E0
3.831170096E1,9.205257568E0,-4.992118835E-1,-3.305576019E0
3.833181096E1,9.191336517E0,-4.900808716E-1,-3.311563568E0
3.835191996E1,9.186696167E0,-4.906796265E-1,-3.317251740E0
3.837202996E1,9.175020447E0,-4.972659302E-1,-3.327131195E0
3.839213996E1,9.193132782E0,-5.273533630E-1,-3.328029327E0
3.841224896E1,9.200467529E0,-5.553451538E-1,-3.331921234E0
3.843235896E1,9.178014221E0,-5.662724304E-1,-3.337010651E0
3.845246796E1,9.182504883E0,-5.673202515E-1,-3.337459717E0
3.847257796E1,9.199270020E0,-5.496569824E-1,-3.323688354E0
3.849268696E1,9.196575623E0,-5.258564758E-1,-3.380270691E0
3.851279696E1,9.175619202E0,-4.998106384E-1,-3.375630341E0
3.853290696E1,9.151070251E0,-4.945715332E-1,-3.397933960E0
3.855301596E1,9.182654572E0,-4.959187317E-1,-3.376079407E0
3.857312596E1,9.206006012E0,-5.215155029E-1,-3.340752869E0
3.859323496E1,9.192983093E0,-5.381309509E-1,-3.368295593E0
3.861334496E1,9.166338501E0,-5.263055420E-1,-3.404819641E0
3.863345533E1,9.158255310E0,-5.304968262E-1,-3.414250031E0
3.865356433E1,9.144633636E0,-5.586383057E-1,-3.403622131E0
3.867367433E1,9.151369629E0,-5.685177612E-1,-3.374133453E0
3.869378333E1,9.171128540E0,-5.683680725E-1,-3.387904816E0
3.871389333E1,9.182355194E0,-5.783972168E-1,-3.359164581E0
3.873400233E1,9.166937256E0,-5.384303284E-1,-3.360661469E0
3.875411233E1,9.157955933E0,-5.258564758E-1,-3.387755127E0
3.877422233E1,9.172326050E0,-5.185217285E-1,-3.387755127E0
3.879433133E1,9.191486206E0,-5.309458923E-1,-3.384911041E0
3.881444133E1,9.197922821E0,-5.712121582E-1,-3.357218628E0
3.883455033E1,9.187444611E0,-5.468128967E-1,-3.325783997E0
3.885466033E1,9.198521576E0,-5.366340637E-1,-3.319946136E0
3.887477033E1,9.209448853E0,-5.023553467E-1,-3.319048004E0
3.889487933E1,9.204509125E0,-5.040019226E-1,-3.316802673E0
3.891498933E1,9.203461304E0,-4.733157349E-1,-3.310216370E0
3.893509833E1,9.189540253E0,-4.692741394E-1,-3.321143646E0
3.895520833E1,9.201365662E0,-4.893324280E-1,-3.296295319E0
3.897531733E1,9.188342743E0,-4.939727783E-1,-3.286864929E0
3.899542733E1,9.189989319E0,-4.909790039E-1,-3.301235046E0
3.901553733E1,9.191186829E0,-4.748126221E-1,-3.332969055E0
3.903564633E1,9.194929047E0,-4.572990417E-1,-3.352877655E0
3.905575633E1,9.204060059E0,-4.462220764E-1,-3.356619873E0
3.907586533E1,9.202563171E0,-4.830455017E-1,-3.354823608E0
3.909597533E1,9.196725311E0,-5.008584595E-1,-3.322939911E0
3.911608533E1,9.167685699E0,-5.158273315E-1,-3.272045746E0
3.913619433E1,9.189390564E0,-5.173242188E-1,-3.290158081E0
3.915630433E1,9.202114105E0,-5.104385376E-1,-3.322790222E0
3.917641333E1,9.175768890E0,-5.093907166E-1,-3.357817383E0
3.919652333E1,9.146729279E0,-4.751119995E-1,-3.347638550E0
3.921663233E1,9.149423676E0,-4.619393921E-1,-3.356170807E0
3.923674233E1,9.192683716E0,-4.748126221E-1,-3.311862946E0
3.925685233E1,9.189240875E0,-4.903802490E-1,-3.302731934E0
3.927696133E1,9.173523560E0,-4.863386536E-1,-3.367547150E0
3.929707133E1,9.184151459E0,-4.818479919E-1,-3.391946411E0
3.931718033E1,9.179211731E0,-4.673281860E-1,-3.377875671E0
3.933729033E1,9.166338501E0,-4.513114929E-1,-3.352278900E0
3.935740033E1,9.173224182E0,-4.610412598E-1,-3.348536682E0
3.937750933E1,9.194629669E0,-4.867877197E-1,-3.372486877E0
3.939761933E1,9.188941498E0,-4.887336731E-1,-3.338657227E0
3.941772833E1,9.188043365E0,-4.706213379E-1,-3.338357849E0
3.943783833E1,9.181007996E0,-4.537065125E-1,-3.336860962E0
3.945794733E1,9.175170135E0,-4.628375244E-1,-3.341052246E0
3.947805733E1,9.184151459E0,-4.757107544E-1,-3.370690613E0
3.949816733E1,9.176068268E0,-4.995112610E-1,-3.386707306E0
3.951827633E1,9.174571381E0,-4.915777588E-1,-3.384911041E0
3.953838633E1,9.164093170E0,-4.863386536E-1,-3.398981781E0
3.955849533E1,9.164841614E0,-4.767585754E-1,-3.404220886E0
3.957860533E1,9.154962158E0,-5.005590820E-1,-3.408112793E0
3.959871533E1,9.149573364E0,-5.044509888E-1,-3.390150146E0
3.961882433E1,9.160650330E0,-5.059478760E-1,-3.390299835E0
3.963893354E1,9.147477722E0,-5.162763977E-1,-3.396586761E0
3.965904254E1,9.165140991E0,-5.123844910E-1,-3.387755127E0
3.967915254E1,9.183253326E0,-5.198689270E-1,-3.385509796E0
3.969926154E1,9.182504883E0,-5.099894714E-1,-3.354374542E0
3.971937154E1,9.181906128E0,-4.842430115E-1,-3.351979523E0
3.973948154E1,9.186247101E0,-4.935237122E-1,-3.337609406E0
3.975959054E1,9.196425934E0,-4.775070190E-1,-3.328628082E0
3.977970054E1,9.185947723E0,-4.590953064E-1,-3.330723724E0
3.979980954E1,9.179211731E0,-4.758604431E-1,-3.335064697E0
3.981991954E1,9.173673248E0,-4.884342957E-1,-3.338357849E0
3.984002954E1,9.166488190E0,-4.921765137E-1,-3.320395203E0
3.986013854E1,9.200317841E0,-5.089416504E-1,-3.335214386E0
3.988024854E1,9.209299164E0,-5.089416504E-1,-3.347488861E0
3.990035754E1,9.216783600E0,-4.920268250E-1,-3.350931702E0
3.992046754E1,9.171727295E0,-4.577481079E-1,-3.348087616E0
3.994057654E1,9.172176361E0,-4.354444885E-1,-3.345991974E0
3.996068654E1,9.197922821E0,-4.912783813E-1,-3.316952362E0
3.998079654E1,9.191785583E0,-5.279521179E-1,-3.312312012E0
4.000090554E1,9.173373871E0,-5.303471375E-1,-3.358116760E0
4.002101554E1,9.175469513E0,-5.044509888E-1,-3.377576294E0
4.004112454E1,9.173523560E0,-4.808001709E-1,-3.373834076E0
4.006123454E1,9.178313599E0,-4.544549561E-1,-3.363206177E0
4.008134454E1,9.173373871E0,-4.989125061E-1,-3.364553375E0
4.010145354E1,9.179511108E0,-5.330415344E-1,-3.354075165E0
4.012156354E1,9.166488190E0,-5.397775269E-1,-3.352727966E0
4.014167254E1,9.143585815E0,-5.292993164E-1,-3.371289368E0
4.016178254E1,9.142837372E0,-5.276527405E-1,-3.350931702E0
4.018189154E1,9.162296906E0,-4.969665527E-1,-3.360960846E0
4.020200154E1,9.179810486E0,-4.897814941E-1,-3.384012909E0
4.022211154E1,9.178014221E0,-4.888833618E-1,-3.395538940E0
4.024222054E1,9.181906128E0,-5.096900940E-1,-3.369044037E0
4.026233054E1,9.181756439E0,-5.137316895E-1,-3.351231079E0
4.028243954E1,9.180708618E0,-5.141807556E-1,-3.335513763E0
4.030254954E1,9.186247101E0,-4.959187317E-1,-3.359913025E0
4.032265954E1,9.186396790E0,-4.897814941E-1,-3.378025360E0
4.034276854E1,9.188043365E0,-4.888833618E-1,-3.392694855E0
4.036287854E1,9.182055817E0,-5.168751526E-1,-3.398233337E0
4.038298754E1,9.159752197E0,-5.354365540E-1,-3.390449524E0
4.040309754E1,9.151519318E0,-5.236111450E-1,-3.394790497E0
4.042320654E1,9.169481964E0,-4.896318054E-1,-3.372037811E0
4.044331654E1,9.191037140E0,-4.710704041E-1,-3.364553375E0
4.046342654E1,9.195827179E0,-4.522096252E-1,-3.384461975E0
4.048353554E1,9.170679474E0,-4.445755005E-1,-3.396137695E0
4.050364554E1,9.159901886E0,-4.495152283E-1,-3.352578278E0
4.052375454E1,9.163045349E0,-4.743635559E-1,-3.337459717E0
4.054386454E1,9.176217957E0,-5.116360474E-1,-3.339405670E0
4.056397454E1,9.170380096E0,-5.522016907E-1,-3.313060455E0
4.058408354E1,9.194180603E0,-5.361849976E-1,-3.326682129E0
4.060419354E1,9.218280487E0,-5.159770203E-1,-3.327280884E0
4.062430254E1,9.198371887E0,-4.805007935E-1,-3.383264465E0
4.064441292E1,9.168733521E0,-4.769082642E-1,-3.410657501E0
4.066452192E1,9.167835388E0,-5.066963196E-1,-3.405119019E0
4.068463192E1,9.180558929E0,-4.760101318E-1,-3.338657227E0
4.070474192E1,9.174421692E0,-4.565505981E-1,-3.304079132E0
4.072485092E1,9.176068268E0,-4.358935547E-1,-3.342100067E0
4.074496092E1,9.180409241E0,-4.475692749E-1,-3.394790497E0
4.076506992E1,9.183702393E0,-4.650828552E-1,-3.392994232E0
4.078517992E1,9.181307373E0,-4.959187317E-1,-3.393742676E0
4.080528892E1,9.196725311E0,-5.191204834E-1,-3.373385010E0
4.082539892E1,9.166637878E0,-5.099894714E-1,-3.350782013E0
4.084550892E1,9.152716827E0,-4.951702881E-1,-3.352578278E0
4.086561792E1,9.160800018E0,-4.757107544E-1,-3.371439056E0
4.088572792E1,9.175020447E0,-4.541555786E-1,-3.381318512E0
4.090583692E1,9.181157684E0,-4.623884583E-1,-3.387006683E0
4.092594692E1,9.177116089E0,-4.755610657E-1,-3.370391235E0
4.094605692E1,9.176667023E0,-4.697232056E-1,-3.365900574E0
4.096616592E1,9.173822937E0,-4.516108704E-1,-3.361110535E0
4.098627592E1,9.180109863E0,-4.549040222E-1,-3.349434814E0
4.100638492E1,9.184450836E0,-4.465214539E-1,-3.359613647E0
4.102649492E1,9.179062042E0,-4.596940613E-1,-3.356919250E0
4.104660492E1,9.169781342E0,-4.683760071E-1,-3.353476410E0
4.106671392E1,9.183253326E0,-4.758604431E-1,-3.355272675E0
4.108682392E1,9.179511108E0,-4.864883423E-1,-3.363655243E0
4.110693292E1,9.182355194E0,-4.757107544E-1,-3.347788239E0
4.112704292E1,9.189689941E0,-4.704716492E-1,-3.356619873E0
4.114715192E1,9.170380096E0,-4.625381470E-1,-3.359463959E0
4.116726192E1,9.197324066E0,-4.523593140E-1,-3.353027344E0
4.118737192E1,9.186396790E0,-4.290078735E-1,-3.326682129E0
4.120748092E1,9.177116089E0,-4.367916870E-1,-3.332969055E0
4.122759092E1,9.160949707E0,-4.337979126E-1,-3.320245514E0
4.124769992E1,9.172026672E0,-4.412823486E-1,-3.329825592E0
4.126780992E1,9.207353210E0,-4.538562012E-1,-3.341501312E0
4.128791992E1,9.220376129E0,-4.809498596E-1,-3.328029327E0
4.130802892E1,9.203161926E0,-4.546046448E-1,-3.369493103E0
4.132813892E1,9.198970642E0,-4.153862000E-1,-3.320844269E0
4.134824792E1,9.168134766E0,-4.095483398E-1,-3.342399445E0
4.136835792E1,9.176217957E0,-4.284091187E-1,-3.366199951E0
4.138846792E1,9.182654572E0,-4.465214539E-1,-3.369343414E0
4.140857692E1,9.164542236E0,-4.484674072E-1,-3.382216644E0
4.142868692E1,9.166188812E0,-4.388873291E-1,-3.394491119E0
4.144879592E1,9.160800018E0,-4.296066284E-1,-3.377127228E0
4.146890592E1,9.168284454E0,-4.435276794E-1,-3.363655243E0
4.148901592E1,9.178313599E0,-4.502636719E-1,-3.377127228E0
4.150912492E1,9.188642120E0,-4.540058899E-1,-3.399430847E0
4.152923492E1,9.195677490E0,-4.564009094E-1,-3.424129486E0
4.154934392E1,9.173373871E0,-4.333488464E-1,-3.411256256E0
4.156945392E1,9.159901886E0,-4.278103638E-1,-3.400328979E0
4.158956392E1,9.154962158E0,-4.056564331E-1,-3.365750885E0
4.160967292E1,9.147028656E0,-4.002676392E-1,-3.371738434E0
4.162978321E1,9.159452820E0,-3.812571716E-1,-3.395688629E0
4.164989221E1,9.174122314E0,-4.469705200E-1,-3.388802948E0
4.167000221E1,9.170380096E0,-4.474195862E-1,-3.373085632E0
4.169011221E1,9.179810486E0,-4.502636719E-1,-3.394640808E0
4.171022121E1,9.179960175E0,-4.318519592E-1,-3.387306061E0
4.173033121E1,9.134754181E0,-4.204756165E-1,-3.379222870E0
4.175044121E1,9.158404999E0,-3.936813354E-1,-3.399879913E0
4.177055021E1,9.173224182E0,-4.131408691E-1,-3.372636566E0
4.179066021E1,9.156009979E0,-4.352947998E-1,-3.371888123E0
4.181076921E1,9.157955933E0,-4.385879517E-1,-3.369792480E0
4.183087921E1,9.172924805E0,-4.203259277E-1,-3.371139679E0
4.185098921E1,9.166637878E0,-4.162843323E-1,-3.386557617E0
4.187109821E1,9.168134766E0,-4.314028931E-1,-3.364403687E0
4.189120821E1,9.187294922E0,-4.426295471E-1,-3.401376801E0
4.191131721E1,9.171427917E0,-4.746629333E-1,-3.394640808E0
4.193142721E1,9.170230408E0,-4.572990417E-1,-3.387156372E0
4.195153721E1,9.209448853E0,-4.351451111E-1,-3.387156372E0
4.197164621E1,9.166488190E0,-3.878434753E-1,-3.374732208E0
4.199175621E1,9.137598267E0,-3.951782227E-1,-3.392994232E0
4.201186621E1,9.182504883E0,-4.176315308E-1,-3.404669952E0
4.203197521E1,9.192683716E0,-3.933819580E-1,-3.415297852E0
4.205208521E1,9.167835388E0,-3.746708679E-1,-3.420986023E0
4.207219421E1,9.161249084E0,-3.680845642E-1,-3.428021393E0
4.209230421E1,9.188492432E0,-3.713777161E-1,-3.423081665E0
4.211241421E1,9.173373871E0,-3.900888062E-1,-3.394940186E0
4.213252321E1,9.167985077E0,-3.926335144E-1,-3.400628357E0
4.215263321E1,9.176068268E0,-4.068539429E-1,-3.402873688E0
4.217274321E1,9.168883209E0,-4.213737488E-1,-3.416046295E0
4.219285221E1,9.150321808E0,-4.234693909E-1,-3.435356140E0
4.221296221E1,9.153465271E0,-4.367916870E-1,-3.429817657E0
4.223307221E1,9.160650330E0,-4.237687683E-1,-3.418591003E0
4.225318121E1,9.156758423E0,-4.358935547E-1,-3.412004700E0
4.227329121E1,9.148375854E0,-4.228706360E-1,-3.403921509E0
4.229340121E1,9.163195038E0,-4.230203247E-1,-3.419040070E0
4.231351021E1,9.169931030E0,-4.191284180E-1,-3.419638824E0
4.233362021E1,9.190288696E0,-4.354444885E-1,-3.423081665E0
4.235372921E1,9.175918579E0,-4.198768616E-1,-3.407214661E0
4.237383921E1,9.162895660E0,-4.168830872E-1,-3.403921509E0
4.239394921E1,9.165889435E0,-4.228706360E-1,-3.412154388E0
4.241405821E1,9.157656555E0,-4.035607910E-1,-3.395089874E0
4.243416821E1,9.169182587E0,-4.099974060E-1,-3.404520264E0
4.245427821E1,9.174571381E0,-4.254153442E-1,-3.441194000E0
4.247438721E1,9.175469513E0,-4.462220764E-1,-3.416495361E0
4.249449721E1,9.154213715E0,-4.430786133E-1,-3.372337189E0
4.251460721E1,9.164542236E0,-4.558021545E-1,-3.398981781E0
4.253471621E1,9.175020447E0,-4.451742554E-1,-3.383264465E0
4.255482621E1,9.188642120E0,-4.340972900E-1,-3.423530731E0
4.257493521E1,9.179361420E0,-4.197271729E-1,-3.434907074E0
4.259504521E1,9.149573364E0,-4.293072510E-1,-3.440295868E0
4.261515521E1,9.152866516E0,-4.596940613E-1,-3.448977814E0
4.263526433E1,9.153016205E0,-4.836442566E-1,-3.409759369E0
4.265537433E1,9.141639862E0,-4.834945679E-1,-3.416794739E0
4.267548433E1,9.164691925E0,-4.719685364E-1,-3.430865479E0
4.269559333E1,9.172775116E0,-4.412823486E-1,-3.420986023E0
4.271570333E1,9.166937256E0,-4.339476013E-1,-3.418890381E0
4.273581333E1,9.175619202E0,-4.403842163E-1,-3.409459991E0
4.275592233E1,9.163943481E0,-4.592449951E-1,-3.404370575E0
4.277603233E1,9.169332275E0,-4.604425049E-1,-3.395538940E0
4.279614233E1,9.165739746E0,-4.643344116E-1,-3.401825867E0
4.281625133E1,9.163644104E0,-4.668791199E-1,-3.404520264E0
4.283636133E1,9.184151459E0,-4.599934387E-1,-3.403472443E0
4.285647133E1,9.174421692E0,-4.282594299E-1,-3.402424622E0
4.287658033E1,9.178313599E0,-4.333488464E-1,-3.395239563E0
4.289669033E1,9.164691925E0,-4.296066284E-1,-3.372337189E0
4.291680033E1,9.167685699E0,-4.248165894E-1,-3.365002441E0
4.293690933E1,9.167685699E0,-4.323010254E-1,-3.375181274E0
4.295701933E1,9.177714844E0,-4.710704041E-1,-3.369642792E0
4.297712833E1,9.186696167E0,-4.499642944E-1,-3.348237305E0
4.299723833E1,9.184001770E0,-4.381388855E-1,-3.349135437E0
4.301734833E1,9.192084961E0,-4.231700134E-1,-3.353476410E0
4.303745733E1,9.160949707E0,-4.406835938E-1,-3.370091858E0
4.305756733E1,9.178313599E0,-4.296066284E-1,-3.365900574E0
4.307767733E1,9.194929047E0,-4.164340210E-1,-3.352129211E0
4.309778633E1,9.178912354E0,-3.984713745E-1,-3.327879639E0
4.311789633E1,9.170230408E0,-4.119433594E-1,-3.321443024E0
4.313800633E1,9.177415466E0,-4.415817261E-1,-3.326233063E0
4.315811533E1,9.189839630E0,-4.499642944E-1,-3.334316254E0
4.317822533E1,9.197623444E0,-4.340972900E-1,-3.377276917E0
4.319833533E1,9.195078735E0,-4.421804810E-1,-3.371738434E0
4.321844433E1,9.161997528E0,-4.352947998E-1,-3.354524231E0
4.323855433E1,9.162147217E0,-4.351451111E-1,-3.334765320E0
4.325866433E1,9.186696167E0,-4.469705200E-1,-3.327430573E0
4.327877333E1,9.162446594E0,-4.399351501E-1,-3.369343414E0
4.329888333E1,9.182055817E0,-4.251159668E-1,-3.394491119E0
4.331899233E1,9.184750214E0,-4.385879517E-1,-3.373235321E0
4.333910233E1,9.191935272E0,-4.276606750E-1,-3.364104309E0
4.335921233E1,9.171727295E0,-4.438270569E-1,-3.359763336E0
4.337932133E1,9.178762665E0,-4.623884583E-1,-3.354673920E0
4.339943133E1,9.161398773E0,-4.620890808E-1,-3.365601196E0
4.341954133E1,9.167685699E0,-4.448748779E-1,-3.381019135E0
4.343965033E1,9.167236633E0,-4.450245667E-1,-3.378324738E0
4.345976033E1,9.178612976E0,-4.427792358E-1,-3.366199951E0
4.347987033E1,9.188193054E0,-4.525090027E-1,-3.356619873E0
4.349997933E1,9.175319824E0,-4.520599365E-1,-3.359913025E0
4.352008933E1,9.182055817E0,-4.327500916E-1,-3.355272675E0
4.354019933E1,9.179511108E0,-4.315525818E-1,-3.362607422E0
4.356030833E1,9.183552704E0,-4.439767456E-1,-3.356320496E0
4.358041833E1,9.190288696E0,-4.505630493E-1,-3.363206177E0
4.360052833E1,9.177415466E0,-4.529580688E-1,-3.361409912E0
4.362063733E1,9.169931030E0,-4.441264343E-1,-3.370391235E0
4.364075067E1,9.170529785E0,-4.408332825E-1,-3.356021118E0
4.366085967E1,9.180109863E0,-4.457730103E-1,-3.354374542E0
4.368096967E1,9.199419708E0,-4.399351501E-1,-3.348087616E0
4.370107967E1,9.193731537E0,-4.282594299E-1,-3.344794464E0
4.372118867E1,9.172026672E0,-4.297563171E-1,-3.346141663E0
4.374129867E1,9.169631653E0,-4.333488464E-1,-3.353775787E0
4.376140867E1,9.177565155E0,-4.514611816E-1,-3.359763336E0
4.378151767E1,9.186546478E0,-4.546046448E-1,-3.368145905E0
4.380162767E1,9.162147217E0,-4.793032837E-1,-3.326981506E0
4.382173767E1,9.192833405E0,-4.647834778E-1,-3.325634308E0
4.384184667E1,9.221124573E0,-4.572990417E-1,-3.329975281E0
4.386195667E1,9.220076752E0,-4.540058899E-1,-3.376678162E0
4.388206667E1,9.181756439E0,-4.363426208E-1,-3.364253998E0
4.390217567E1,9.168583832E0,-4.134402466E-1,-3.366798706E0
4.392228567E1,9.186396790E0,-4.320016479E-1,-3.346740417E0
4.394239567E1,9.194629669E0,-4.448748779E-1,-3.308569794E0
4.396250467E1,9.174870758E0,-4.376898193E-1,-3.344944153E0
4.398261467E1,9.183552704E0,-4.698728943E-1,-3.378474426E0
4.400272367E1,9.203461304E0,-4.701722717E-1,-3.359613647E0
4.402283367E1,9.180558929E0,-4.836442566E-1,-3.348985748E0
4.404294367E1,9.188642120E0,-4.912783813E-1,-3.330723724E0
4.406305267E1,9.191935272E0,-4.727169800E-1,-3.317551117E0
4.408316267E1,9.192983093E0,-4.752616882E-1,-3.303031311E0
4.410327267E1,9.196276245E0,-4.414320374E-1,-3.330574036E0
4.412338167E1,9.198820953E0,-4.549040222E-1,-3.334166565E0
4.414349167E1,9.202114105E0,-4.546046448E-1,-3.345243530E0
4.416360167E1,9.175619202E0,-4.584965515E-1,-3.338357849E0
4.418371067E1,9.183103638E0,-4.373904419E-1,-3.374283142E0
4.420382067E1,9.181756439E0,-4.183799744E-1,-3.349883881E0
4.422393067E1,9.200018463E0,-4.068539429E-1,-3.360212402E0
4.424403967E1,9.187444611E0,-4.276606750E-1,-3.354224854E0
4.426414967E1,9.181307373E0,-4.444258118E-1,-3.349135437E0
4.428425967E1,9.184600525E0,-4.489164734E-1,-3.353177032E0
4.430436867E1,9.178762665E0,-4.632865906E-1,-3.369343414E0
4.432447867E1,9.186396790E0,-4.445755005E-1,-3.353476410E0
4.434458867E1,9.170080719E0,-4.580474854E-1,-3.347339172E0
4.436469767E1,9.176367645E0,-4.489164734E-1,-3.339854736E0
4.438480767E1,9.190139008E0,-4.439767456E-1,-3.339405670E0
4.440491767E1,9.185199280E0,-4.348457336E-1,-3.352278900E0
4.442502667E1,9.192234650E0,-4.526586914E-1,-3.359014893E0
4.444513667E1,9.179960175E0,-4.471202087E-1,-3.352877655E0
4.446524667E1,9.171427917E0,-4.327500916E-1,-3.348536682E0
4.448535567E1,9.176667023E0,-4.418811035E-1,-3.366798706E0
4.450546567E1,9.187294922E0,-4.323010254E-1,-3.373085632E0
4.452557567E1,9.173373871E0,-4.408332825E-1,-3.390150146E0
4.454568467E1,9.185199280E0,-4.432283020E-1,-3.392096100E0
4.456579467E1,9.175918579E0,-4.456233215E-1,-3.411555634E0
4.458590467E1,9.167985077E0,-4.754113770E-1,-3.481460266E0
4.460601367E1,9.140592041E0,-5.221142578E-1,-3.516637115E0
4.462612367E1,9.129365387E0,-5.620811462E-1,-3.539539490E0
4.464623067E1,9.145082703E0,-6.083349609E-1,-3.621568909E0
4.466633967E1,9.060508575E0,-6.656657410E-1,-3.690725098E0
4.468644967E1,9.001531219E0,-6.918612671E-1,-3.695964203E0
4.470655967E1,8.945697327E0,-7.249424744E-1,-3.742667084E0
4.472666867E1,8.940907288E0,-7.307803345E-1,-3.768862610E0
4.474677867E1,8.888516235E0,-7.518864441E-1,-3.789968719E0
4.476688867E1,8.854536896E0,-7.620652771E-1,-3.882626038E0
4.478699767E1,8.850495300E0,-7.885601807E-1,-3.938609619E0
4.480710767E1,8.888366547E0,-7.795788574E-1,-3.927532654E0
4.482721767E1,8.874595184E0,-8.631051636E-1,-3.935915222E0
4.484732667E1,8.834179230E0,-9.653425598E-1,-3.932472382E0
4.486743667E1,8.765172729E0,-1.038989410E0,-3.951482849E0
4.488754667E1,8.671916656E0,-1.099164276E0,-3.980073395E0
4.490765567E1,8.663534088E0,-1.059796143E0,-3.945046234E0
4.492776567E1,8.590336304E0,-1.130299530E0,-4.004921722E0
4.494787567E1,8.599916382E0,-1.223555603E0,-4.110152893E0
4.496798467E1,8.621022491E0,-1.272952881E0,-4.097878418E0
4.498809467E1,8.506510620E0,-1.396895142E0,-4.017794952E0
4.500820467E1,8.404422913E0,-1.432521057E0,-4.057013397E0
4.502831367E1,8.261320496E0,-1.420695648E0,-4.096980286E0
4.504842367E1,8.124055939E0,-1.511856079E0,-4.175117798E0
4.506853367E1,8.064180450E0,-1.527124329E0,-4.167184296E0
4.508864267E1,7.901618500E0,-1.559606781E0,-4.283342743E0
4.510875267E1,7.754773865E0,-1.739233246E0,-4.408033447E0
4.512886267E1,7.789052582E0,-1.887574768E0,-4.355343018E0
4.514897167E1,7.694598999E0,-1.978884888E0,-4.454436951E0
4.516908167E1,7.596702576E0,-2.016307068E0,-4.567002869E0
4.518919167E1,7.479346619E0,-2.008972321E0,-4.621639252E0
4.520930167E1,7.280110931E0,-2.075733490E0,-4.708608398E0
4.522941067E1,7.110214233E0,-2.087409210E0,-4.713847504E0
4.524952067E1,7.033423920E0,-2.101330261E0,-4.556824036E0
4.526963067E1,6.955136719E0,-2.145338745E0,-4.639601898E0
4.528973967E1,6.773414612E0,-2.242037659E0,-4.741689606E0
4.530984967E1,6.899602203E0,-2.236349487E0,-4.738546143E0
4.532995967E1,6.996600494E0,-2.381397858E0,-4.729564819E0
4.535006867E1,6.957980804E0,-2.383044434E0,-4.764591980E0
4.537017867E1,6.772067413E0,-2.477947083E0,-4.862787781E0
4.539028867E1,6.607709198E0,-2.516117706E0,-4.762047272E0
4.541039767E1,6.527026978E0,-2.665357361E0,-4.572840729E0
4.543050767E1,6.716233521E0,-2.750530243E0,-4.379442902E0
4.545061767E1,6.658303986E0,-2.730921021E0,-4.563560028E0
4.547072667E1,6.268215179E0,-2.697241058E0,-5.251679077E0
4.549083667E1,6.478677521E0,-2.627486115E0,-5.818400574E0
4.551094667E1,7.179819489E0,-2.805915070E0,-6.021228790E0
4.553105567E1,7.605683899E0,-3.272943878E0,-6.313570862E0
4.555116567E1,7.628137207E0,-3.736230469E0,-6.507866821E0
4.557127567E1,7.299121399E0,-3.886368256E0,-6.518494720E0
4.559138467E1,6.842870178E0,-3.569327545E0,-6.473737793E0
4.561149467E1,6.591842194E0,-2.866988068E0,-6.511309662E0
4.563160417E1,6.767876129E0,-2.256258087E0,-6.437363434E0
4.565171317E1,7.213499451E0,-2.050136719E0,-6.356681213E0
4.567182317E1,7.321275330E0,-2.067051544E0,-6.658902740E0
4.569193317E1,8.082592163E0,-2.828218689E0,-7.433242493E0
4.571204217E1,8.397088165E0,-3.035537567E0,-8.134085083E0
4.573215217E1,9.103319550E0,-3.517834625E0,-8.581804047E0
4.575226217E1,8.689729614E0,-2.878364410E0,-9.093889160E0
4.577237117E1,9.474996643E0,-2.318678284E0,-9.089847565E0
4.579248117E1,1.001387604E1,-1.434017944E0,-9.206155701E0
4.581259117E1,8.723409576E0,-1.696871338E0,-9.407487030E0
4.583270017E1,8.243507538E0,-2.085612946E0,-8.418044586E0
4.585281017E1,8.251740417E0,-1.586401062E0,-6.967560883E0
4.587292017E1,8.271649017E0,-1.166075134E0,-6.454278259E0
4.589302917E1,8.370144196E0,-1.005459137E0,-6.582262115E0
4.591313917E1,8.711883545E0,-8.038284302E-1,-6.220614166E0
4.593324917E1,8.572822723E0,-2.854563904E-1,-5.624853058E0
4.595335817E1,8.307873688E0,2.920426941E-1,-5.080435181E0
4.597346817E1,8.232729950E0,6.864724731E-1,-4.486919403E0
4.599357817E1,8.586444397E0,8.747808838E-1,-4.167783051E0
4.601368717E1,8.681496735E0,7.586224365E-1,-4.046984253E0
4.603379717E1,8.971892853E0,6.421646118E-1,-3.902684326E0
4.605390717E1,9.110055542E0,6.089337158E-1,-3.652105408E0
4.607401617E1,9.450597382E0,7.789801025E-1,-3.385360107E0
4.609412617E1,9.397906952E0,8.352630615E-1,-3.278632050E0
4.611423617E1,9.388925629E0,8.307723999E-1,-3.163371735E0
4.613434517E1,9.476194153E0,6.866221619E-1,-2.870879974E0
4.615445517E1,9.545350342E0,7.382647705E-1,-2.265389099E0
4.617456517E1,9.561217346E0,9.801617432E-1,-1.379980316E0
4.619467417E1,9.800719299E0,1.458566895E0,-5.760021973E-1
4.621478417E1,9.922565918E0,2.113305359E0,-5.258564758E-1
4.623489417E1,9.601034546E0,2.115401001E0,-1.042881317E0
4.625500317E1,9.234746246E0,1.643432465E0,-1.311123505E0
4.627511317E1,9.058862000E0,1.033151550E0,-1.018182678E0
4.629522317E1,9.157357178E0,9.291178894E-1,-7.417076111E-1
4.631533217E1,9.323062592E0,7.869136047E-1,-1.223705292E0
4.633544217E1,9.302854614E0,5.054988098E-1,-2.409988403E0
4.635555217E1,9.124126282E0,1.434017944E-1,-3.207978973E0
4.637566117E1,9.181906128E0,-2.185455322E-1,-3.218457184E0
4.639577117E1,9.338630219E0,-2.254312134E-1,-2.946173401E0
4.641588117E1,9.441616058E0,7.634124756E-2,-2.702929230E0
4.643599017E1,9.602082367E0,4.346960449E-1,-2.449655914E0
4.645610017E1,9.632169800E0,7.617658997E-1,-2.188299408E0
4.647621017E1,9.525292053E0,1.007105713E0,-1.959575043E0
4.649631917E1,9.490863647E0,1.034049683E0,-1.809586945E0
4.651642917E1,9.514963531E0,9.193881226E-1,-1.773961029E0
4.653653917E1,9.526489563E0,8.286767578E-1,-1.798060913E0
4.655664817E1,9.499844971E0,7.533833313E-1,-1.856589203E0
4.657675817E1,9.440418549E0,7.237449646E-1,-1.920506287E0
4.659686817E1,9.467961273E0,7.551795959E-1,-2.035916290E0
4.661697717E1,9.548793182E0,8.009843445E-1,-2.121987305E0
4.663709142E1,9.644444275E0,9.175918579E-1,-2.158361664E0
4.665720142E1,9.711504822E0,1.072669373E0,-2.133363647E0
4.667731042E1,9.657167816E0,1.149908752E0,-2.107916565E0
4.669742042E1,9.553583221E0,1.191671906E0,-2.087259521E0
4.671752942E1,9.467063141E0,1.218316498E0,-2.032772827E0
4.673763942E1,9.427844696E0,1.236877899E0,-2.037413177E0
4.675774942E1,9.396260376E0,1.242117004E0,-2.037113800E0
4.677785842E1,9.404642944E0,1.201102295E0,-2.071392517E0
4.679796842E1,9.447603607E0,1.182391205E0,-2.138153687E0
4.681807842E1,9.505982208E0,1.204395447E0,-2.193837891E0
4.683818742E1,9.536818085E0,1.212628326E0,-2.133513336E0
4.685829742E1,9.533824310E0,1.179098053E0,-2.058070221E0
4.687840742E1,9.534123688E0,1.146914978E0,-1.969454498E0
4.689851642E1,9.498198395E0,1.177601166E0,-1.851799164E0
4.691862642E1,9.457333374E0,1.217418365E0,-1.745370483E0
4.693873642E1,9.550439758E0,1.202599182E0,-1.732497253E0
4.695884542E1,9.601782990E0,1.116528168E0,-1.744771729E0
4.697895542E1,9.617350616E0,1.079105988E0,-1.671424255E0
4.699906542E1,9.573791199E0,1.064735870E0,-1.587448883E0
4.701917442E1,9.557624817E0,1.067430267E0,-1.501976624E0
4.703928442E1,9.583221588E0,1.052012329E0,-1.463506622E0
4.705939442E1,9.580078125E0,1.027762756E0,-1.491648102E0
4.707950342E1,9.570797424E0,1.013841705E0,-1.552721100E0
4.709961342E1,9.586963806E0,9.642947388E-1,-1.589245148E0
4.711972342E1,9.584568787E0,9.380992126E-1,-1.599423981E0
4.713983242E1,9.570947113E0,9.244775391E-1,-1.549128571E0
4.715994242E1,9.585466919E0,9.505233765E-1,-1.481169891E0
4.718005242E1,9.576784973E0,9.827064514E-1,-1.448837128E0
4.720016242E1,9.560618591E0,1.020428009E0,-1.435514832E0
4.722027142E1,9.566157074E0,1.050964508E0,-1.458716583E0
4.724038142E1,9.584269409E0,1.067729645E0,-1.466201019E0
4.726049142E1,9.607171783E0,1.069376221E0,-1.510957947E0
4.728060042E1,9.621841278E0,1.061442719E0,-1.505419464E0
4.730071042E1,9.622739410E0,1.076112213E0,-1.506916351E0
4.732082042E1,9.616602173E0,1.102906494E0,-1.512903900E0
4.734092942E1,9.614207153E0,1.092577972E0,-1.528770905E0
4.736103942E1,9.615105286E0,1.087338867E0,-1.532064056E0
4.738114942E1,9.603279877E0,1.061891785E0,-1.526974640E0
4.740125842E1,9.569300537E0,1.054557037E0,-1.518442383E0
4.742136842E1,9.567653961E0,1.078357544E0,-1.505419464E0
4.744147842E1,9.576934662E0,1.089584198E0,-1.514251099E0
4.746158742E1,9.589658203E0,1.089284821E0,-1.538500671E0
4.748169742E1,9.592352600E0,1.088835754E0,-1.535506897E0
4.750180742E1,9.612111511E0,1.099912720E0,-1.515149231E0
4.752191742E1,9.642049255E0,1.131497040E0,-1.502276001E0
4.754202642E1,9.617200928E0,1.115480347E0,-1.520987091E0
4.756213642E1,9.599687347E0,1.101559296E0,-1.507215729E0
4.758224642E1,9.591753845E0,1.080902252E0,-1.509161682E0
4.760235542E1,9.614656219E0,1.078058167E0,-1.545536041E0
4.762246542E1,9.624385986E0,1.074016571E0,-1.588047638E0
4.764257096E1,9.580676880E0,1.074166260E0,-1.551822968E0
4.766267996E1,9.571695557E0,1.096469879E0,-1.506167908E0
4.768278996E1,9.566157074E0,1.105151825E0,-1.460213470E0
4.770289996E1,9.595795441E0,1.118773499E0,-1.468446350E0
4.772300996E1,9.616602173E0,1.107247467E0,-1.449286194E0
4.774311896E1,9.605225830E0,1.086889801E0,-1.480421448E0
4.776322896E1,9.587562561E0,1.069825287E0,-1.487905884E0
4.778333896E1,9.581575012E0,1.065933380E0,-1.510957947E0
4.780344796E1,9.567354584E0,1.074615326E0,-1.483864288E0
4.782355796E1,9.579629059E0,1.056952057E0,-1.472637634E0
4.784366796E1,9.586664429E0,1.065783691E0,-1.498683472E0
4.786377796E1,9.586963806E0,1.059646454E0,-1.526675262E0
4.788388696E1,9.587412872E0,1.066681824E0,-1.564845886E0
4.790399696E1,9.582173767E0,1.078956299E0,-1.604513397E0
4.792410696E1,9.593101044E0,1.060843964E0,-1.623673553E0
4.794421696E1,9.606722717E0,1.077609100E0,-1.647923126E0
4.796432596E1,9.599986725E0,1.071022797E0,-1.653311920E0
4.798443596E1,9.597741394E0,1.073717194E0,-1.632954254E0
4.800454596E1,9.600136414E0,1.075064392E0,-1.630559235E0
4.802465496E1,9.590107269E0,1.067579956E0,-1.630858612E0
4.804476496E1,9.596843262E0,1.041833496E0,-1.634750519E0
4.806487496E1,9.596244507E0,1.010099487E0,-1.643881531E0
4.808498496E1,9.589358826E0,1.034498749E0,-1.648671570E0
4.810509396E1,9.596992950E0,1.057401123E0,-1.631307678E0
4.812520396E1,9.580377502E0,1.091081085E0,-1.644031219E0
4.814531396E1,9.569599915E0,1.109792175E0,-1.675465851E0
4.816542396E1,9.542057190E0,1.087488556E0,-1.657503204E0
4.818553296E1,9.559421082E0,1.088686066E0,-1.684297485E0
4.820564296E1,9.580227814E0,1.052910461E0,-1.718875580E0
4.822575296E1,9.573342133E0,1.030756531E0,-1.710043945E0
4.824586296E1,9.582024078E0,1.024469604E0,-1.702110443E0
4.826597196E1,9.611213379E0,1.023721161E0,-1.732646942E0
4.828608196E1,9.625733185E0,1.024170227E0,-1.781146088E0
4.830619196E1,9.584718475E0,9.958790588E-1,-1.759740601E0
4.832630196E1,9.563312988E0,9.885443115E-1,-1.700613556E0
4.834641096E1,9.552984467E0,1.007105713E0,-1.647324371E0
4.836652096E1,9.549990692E0,1.042432251E0,-1.641336823E0
4.838663096E1,9.560768280E0,1.061592407E0,-1.656156006E0
4.840674096E1,9.554631042E0,1.041534119E0,-1.692230988E0
4.842684996E1,9.542955322E0,1.027463379E0,-1.717378693E0
4.844695996E1,9.565109253E0,1.022673340E0,-1.718426514E0
4.846706996E1,9.551637268E0,1.023272095E0,-1.715432739E0
4.848717996E1,9.567204895E0,1.026864624E0,-1.699715424E0
4.850728896E1,9.580527191E0,1.009650421E0,-1.729353790E0
4.852739896E1,9.585616608E0,1.005459137E0,-1.746717682E0
4.854750896E1,9.570498047E0,1.004710693E0,-1.764979706E0
4.856761896E1,9.553134155E0,1.007105713E0,-1.750908966E0
4.858772796E1,9.562265167E0,1.007854156E0,-1.760339355E0
4.860783796E1,9.568103027E0,1.015637970E0,-1.777254181E0
4.862794796E1,9.566007385E0,1.014889526E0,-1.770368500E0
4.864805833E1,9.549691315E0,1.022373962E0,-1.746867371E0
4.866816733E1,9.554481354E0,1.027014313E0,-1.747316437E0
4.868827733E1,9.561217346E0,1.028810577E0,-1.763333130E0
4.870838733E1,9.556277618E0,1.034947815E0,-1.778302002E0
4.872849733E1,9.576635284E0,1.023870850E0,-1.787732391E0
4.874860633E1,9.582772522E0,1.000220032E0,-1.803150330E0
4.876871633E1,9.581125946E0,1.001417542E0,-1.828447723E0
4.878882633E1,9.556427307E0,9.952803040E-1,-1.787433014E0
4.880893633E1,9.553583221E0,1.006506958E0,-1.748813324E0
4.882904533E1,9.560618591E0,9.909393311E-1,-1.766626282E0
4.884915533E1,9.554032288E0,9.767189026E-1,-1.774410095E0
4.886926533E1,9.544901276E0,9.936337280E-1,-1.772015076E0
4.888937533E1,9.559121704E0,9.894424438E-1,-1.783092041E0
4.890948433E1,9.574240265E0,9.818083191E-1,-1.822011108E0
4.892959433E1,9.555678864E0,9.551637268E-1,-1.848056946E0
4.894970433E1,9.558522949E0,9.638456726E-1,-1.828597412E0
4.896981433E1,9.580676880E0,9.812095642E-1,-1.822160797E0
4.898992433E1,9.607171783E0,9.885443115E-1,-1.817520447E0
4.901003333E1,9.569749603E0,1.016236725E0,-1.799408112E0
4.903014333E1,9.522897034E0,1.004261627E0,-1.819616089E0
4.905025333E1,9.503587189E0,9.997709656E-1,-1.844165039E0
4.907036333E1,9.523196411E0,9.848020935E-1,-1.873504028E0
4.909047233E1,9.552535400E0,9.608518982E-1,-1.868264923E0
4.911058233E1,9.548194427E0,9.455836487E-1,-1.875599670E0
4.913069233E1,9.558672638E0,9.348060608E-1,-1.874402161E0
4.915080233E1,9.557924194E0,9.388476562E-1,-1.896855469E0
4.917091133E1,9.564360809E0,9.358538818E-1,-1.911225586E0
4.919102133E1,9.533824310E0,9.386979675E-1,-1.907333679E0
4.921113133E1,9.548493805E0,9.294172668E-1,-1.903741150E0
4.923124133E1,9.557325439E0,9.434880066E-1,-1.896256714E0
4.925135033E1,9.556127930E0,9.470805359E-1,-1.889071655E0
4.927146033E1,9.563013611E0,9.671388245E-1,-1.860331421E0
4.929157033E1,9.540111237E0,9.762698364E-1,-1.847607880E0
4.931168033E1,9.528585205E0,9.641450500E-1,-1.849104767E0
4.933179033E1,9.546547852E0,9.565109253E-1,-1.832339630E0
4.935189933E1,9.571246490E0,9.539662170E-1,-1.859732666E0
4.937200933E1,9.575437775E0,9.581575012E-1,-1.908531189E0
4.939211933E1,9.556277618E0,9.663903809E-1,-1.894909515E0
4.941222933E1,9.541458435E0,9.806108093E-1,-1.848506012E0
4.943233833E1,9.544901276E0,9.605525208E-1,-1.875000916E0
4.945244833E1,9.556576996E0,9.342073059E-1,-1.894011383E0
4.947255833E1,9.532926178E0,9.578581238E-1,-1.889371033E0
4.949266833E1,9.537865906E0,9.678872681E-1,-1.897454224E0
4.951277833E1,9.577533417E0,9.642947388E-1,-1.915566559E0
4.953288733E1,9.571246490E0,9.232800293E-1,-1.902393951E0
4.955299733E1,9.548194427E0,9.434880066E-1,-1.872156830E0
4.957310733E1,9.528136139E0,9.560618591E-1,-1.850601654E0
4.959321733E1,9.552984467E0,9.788145447E-1,-1.851499786E0
4.961332633E1,9.569150848E0,9.849517822E-1,-1.857487335E0
4.963343633E1,9.557325439E0,9.656419373E-1,-1.848506012E0
4.965354929E1,9.525292053E0,9.651928711E-1,-1.861977997E0
4.967365929E1,9.530381470E0,9.683363342E-1,-1.855092316E0
4.969376929E1,9.527537384E0,9.776170349E-1,-1.848805389E0
4.971387829E1,9.539512482E0,9.601034546E-1,-1.857337646E0
4.973398829E1,9.556427307E0,9.475296021E-1,-1.870360565E0
4.975409829E1,9.565408630E0,9.372010803E-1,-1.891915741E0
4.977420829E1,9.551337891E0,9.394464111E-1,-1.853296051E0
4.979431829E1,9.542506256E0,9.428892517E-1,-1.855092316E0
4.981442729E1,9.545500031E0,9.550140381E-1,-1.856738892E0
4.983453729E1,9.555678864E0,9.669891357E-1,-1.855391693E0
4.985464729E1,9.575737152E0,9.734257507E-1,-1.847308502E0
4.987475729E1,9.568552094E0,9.550140381E-1,-1.852098541E0
4.989486629E1,9.556427307E0,9.598040771E-1,-1.836979980E0
4.991497629E1,9.552086334E0,9.645941162E-1,-1.826651459E0
4.993508629E1,9.549691315E0,9.794132996E-1,-1.822310486E0
4.995519629E1,9.550888824E0,9.641450500E-1,-1.824855194E0
4.997530629E1,9.557325439E0,9.650431824E-1,-1.860630798E0
4.999541529E1,9.554181976E0,9.577084351E-1,-1.855242004E0
5.001552529E1,9.559870148E0,9.729766846E-1,-1.812580719E0
5.003563529E1,9.556576996E0,9.648934937E-1,-1.837728424E0
5.005574529E1,9.569450226E0,9.668394470E-1,-1.804796906E0
5.007585529E1,9.542655945E0,9.794132996E-1,-1.796713715E0
5.009596429E1,9.550589447E0,9.765692139E-1,-1.829345856E0
5.011607429E1,9.587712250E0,9.494755554E-1,-1.869612122E0
5.013618429E1,9.556127930E0,9.514215088E-1,-1.874102783E0
5.015629429E1,9.545500031E0,9.723779297E-1,-1.817670135E0
5.017640429E1,9.566456451E0,9.868977356E-1,-1.801054688E0
5.019651429E1,9.583970032E0,9.919871521E-1,-1.792971497E0
5.021662329E1,9.587712250E0,9.843530273E-1,-1.792672119E0
5.023673329E1,9.558822327E0,9.794132996E-1,-1.822460175E0
5.025684329E1,9.525591431E0,9.611512756E-1,-1.815724182E0
5.027695329E1,9.530231781E0,9.740245056E-1,-1.804946594E0
5.029706329E1,9.524842987E0,9.816586304E-1,-1.783840485E0
5.031717229E1,9.542955322E0,9.852511597E-1,-1.770368500E0
5.033728229E1,9.577832794E0,9.644444275E-1,-1.784439240E0
5.035739229E1,9.580676880E0,9.611512756E-1,-1.797761536E0
5.037750229E1,9.575587463E0,9.656419373E-1,-1.795665894E0
5.039761229E1,9.559720459E0,9.723779297E-1,-1.780996399E0
5.041772129E1,9.574539642E0,9.840536499E-1,-1.778302002E0
5.043783129E1,9.583221588E0,9.800120544E-1,-1.789229279E0
5.045794129E1,9.574389954E0,9.907896423E-1,-1.779948578E0
5.047805129E1,9.556876373E0,9.779164124E-1,-1.790127411E0
5.049816129E1,9.548044739E0,9.651928711E-1,-1.773511963E0
5.051827029E1,9.547595673E0,9.693841553E-1,-1.771566010E0
5.053838029E1,9.556277618E0,9.801617432E-1,-1.774559784E0
5.055849029E1,9.558522949E0,9.842033386E-1,-1.789378967E0
5.057860029E1,9.559570770E0,9.824070740E-1,-1.814826050E0
5.059871029E1,9.590855713E0,9.672885132E-1,-1.799408112E0
5.061882029E1,9.587712250E0,9.568103027E-1,-1.800006866E0
5.063892917E1,9.568252716E0,9.610015869E-1,-1.788780212E0
5.065903917E1,9.554780731E0,9.713301086E-1,-1.743574219E0
5.067914917E1,9.565258942E0,9.824070740E-1,-1.762285309E0
5.069925917E1,9.563312988E0,9.578581238E-1,-1.792821808E0
5.071936917E1,9.559121704E0,9.803114319E-1,-1.774859161E0
5.073947917E1,9.563013611E0,9.880952454E-1,-1.786684570E0
5.075958817E1,9.606123962E0,9.891430664E-1,-1.841171265E0
5.077969817E1,9.579629059E0,9.574090576E-1,-1.869312744E0
5.079980817E1,9.566905518E0,9.789642334E-1,-1.816622314E0
5.081991817E1,9.556427307E0,9.735754395E-1,-1.780697021E0
5.084002817E1,9.576335907E0,1.004710693E0,-1.733096008E0
5.086013717E1,9.567204895E0,1.022224274E0,-1.723964996E0
5.088024717E1,9.562414856E0,1.020128632E0,-1.754351807E0
5.090035717E1,9.545649719E0,9.948312378E-1,-1.788480835E0
5.092046717E1,9.538614349E0,9.964778137E-1,-1.798360291E0
5.094057717E1,9.534722443E0,9.954299927E-1,-1.764380951E0
5.096068717E1,9.553882599E0,9.906399536E-1,-1.747615814E0
5.098079617E1,9.575886841E0,9.848020935E-1,-1.750459900E0
5.100090617E1,9.591753845E0,9.813592529E-1,-1.770069122E0
5.102101617E1,9.575886841E0,9.895921326E-1,-1.759740601E0
5.104112617E1,9.552984467E0,9.982740784E-1,-1.740281067E0
5.106123617E1,9.553433533E0,9.954299927E-1,-1.750160522E0
5.108134617E1,9.572743378E0,9.951306152E-1,-1.758692780E0
5.110145617E1,9.571994934E0,1.003213806E0,-1.746268616E0
5.112156517E1,9.568701782E0,9.967771912E-1,-1.743274841E0
5.114167517E1,9.561516724E0,9.967771912E-1,-1.744921417E0
5.116178517E1,9.576934662E0,9.786648560E-1,-1.761836243E0
5.118189517E1,9.586814117E0,9.765692139E-1,-1.770069122E0
5.120200517E1,9.560019836E0,9.877958679E-1,-1.756447449E0
5.122211517E1,9.554331665E0,9.976753235E-1,-1.751358032E0
5.124222517E1,9.562863922E0,9.815089417E-1,-1.739682312E0
5.126233417E1,9.563762054E0,9.816586304E-1,-1.742376709E0
5.128244417E1,9.578880615E0,9.843530273E-1,-1.745370483E0
5.130255417E1,9.581575012E0,9.846524048E-1,-1.751956787E0
5.132266417E1,9.580527191E0,9.942324829E-1,-1.735790405E0
5.134277417E1,9.575288086E0,9.901908875E-1,-1.732497253E0
5.136288417E1,9.565408630E0,9.936337280E-1,-1.741628265E0
5.138299417E1,9.560768280E0,9.827064514E-1,-1.729503479E0
5.140310317E1,9.566456451E0,9.833052063E-1,-1.738784180E0
5.142321317E1,9.576036530E0,9.978250122E-1,-1.741777954E0
5.144332317E1,9.566905518E0,9.940827942E-1,-1.741777954E0
5.146343317E1,9.577533417E0,1.003662872E0,-1.737436981E0
5.148354317E1,9.564360809E0,1.002465363E0,-1.743574219E0
5.150365317E1,9.569001160E0,9.922865295E-1,-1.738335114E0
5.152376317E1,9.579479370E0,9.782157898E-1,-1.733245697E0
5.154387317E1,9.577832794E0,9.770182800E-1,-1.761985931E0
5.156398317E1,9.560618591E0,9.831555176E-1,-1.751507721E0
5.158409217E1,9.572144623E0,1.002764740E0,-1.725910950E0
5.160420217E1,9.571096802E0,9.897418213E-1,-1.742975464E0
5.162431217E1,9.587712250E0,9.797126770E-1,-1.757794647E0
5.164441917E1,9.572743378E0,9.999206543E-1,-1.716031494E0
5.166452917E1,9.566007385E0,9.937834167E-1,-1.751208344E0
5.168463917E1,9.630223846E0,9.937834167E-1,-1.807640991E0
5.170474917E1,9.575587463E0,9.539662170E-1,-1.796863403E0
5.172485917E1,9.558822327E0,9.698332214E-1,-1.737287292E0
5.174496917E1,9.550140381E0,9.892927551E-1,-1.695224762E0
5.176507817E1,9.585466919E0,9.976753235E-1,-1.682950287E0
5.178518817E1,9.575138397E0,1.027164001E0,-1.700014801E0
5.180529817E1,9.562863922E0,1.008452911E0,-1.736538849E0
5.182540817E1,9.544901276E0,9.895921326E-1,-1.746717682E0
5.184551817E1,9.543554077E0,1.005309448E0,-1.728455658E0
5.186562817E1,9.549841003E0,1.013242950E0,-1.724713440E0
5.188573817E1,9.571845245E0,9.876461792E-1,-1.695524139E0
5.190584817E1,9.583820343E0,9.804611206E-1,-1.720522156E0
5.192595817E1,9.601782990E0,9.616003418E-1,-1.737886047E0
5.194606817E1,9.589807892E0,9.795629883E-1,-1.742676086E0
5.196617817E1,9.569300537E0,9.970765686E-1,-1.738035736E0
5.198628817E1,9.571096802E0,9.913883972E-1,-1.727707214E0
5.200639717E1,9.577832794E0,9.886940002E-1,-1.715582428E0
5.202650717E1,9.584119720E0,9.954299927E-1,-1.713187408E0
5.204661717E1,9.574839020E0,9.925859070E-1,-1.719174957E0
5.206672717E1,9.573940887E0,9.966275024E-1,-1.737736359E0
5.208683717E1,9.582622833E0,9.873468018E-1,-1.714534607E0
5.210694717E1,9.583221588E0,9.892927551E-1,-1.719923401E0
5.212705717E1,9.567653961E0,1.001866608E0,-1.706152039E0
5.214716717E1,9.570048981E0,1.009051666E0,-1.717378693E0
5.216727717E1,9.576635284E0,9.873468018E-1,-1.723515930E0
5.218738717E1,9.583371277E0,9.831555176E-1,-1.708397369E0
5.220749717E1,9.577533417E0,9.930349731E-1,-1.722019043E0
5.222760717E1,9.579329681E0,1.001866608E0,-1.718276825E0
5.224771717E1,9.581724701E0,9.764195251E-1,-1.719025269E0
5.226782717E1,9.582323456E0,9.785151672E-1,-1.713636475E0
5.228793717E1,9.585317230E0,9.918374634E-1,-1.719474335E0
5.230804717E1,9.574240265E0,1.009800110E0,-1.708397369E0
5.232815617E1,9.574389954E0,9.970765686E-1,-1.697470093E0
5.234826617E1,9.577683105E0,9.897418213E-1,-1.704206085E0
5.236837617E1,9.580826569E0,1.005459137E0,-1.703607330E0
5.238848617E1,9.587263184E0,9.988728333E-1,-1.700912933E0
5.240859617E1,9.577832794E0,9.934840393E-1,-1.701511688E0
5.242870617E1,9.574689331E0,9.951306152E-1,-1.708097992E0
5.244881617E1,9.575737152E0,9.898915100E-1,-1.735041962E0
5.246892617E1,9.584419098E0,9.779164124E-1,-1.717827759E0
5.248903617E1,9.582473145E0,9.702822876E-1,-1.736389160E0
5.250914617E1,9.576934662E0,9.701325989E-1,-1.736688538E0
5.252925617E1,9.561217346E0,9.740245056E-1,-1.732646942E0
5.254936617E1,9.570797424E0,9.834548950E-1,-1.692081299E0
5.256947617E1,9.584269409E0,9.684860229E-1,-1.733994141E0
5.258958617E1,9.567204895E0,9.672885132E-1,-1.725012817E0
5.260969617E1,9.570797424E0,9.948312378E-1,-1.729054413E0
5.262980617E1,9.583371277E0,9.955796814E-1,-1.759141846E0
5.264991542E1,9.628577271E0,9.710307312E-1,-1.796564026E0
5.267002542E1,9.577383728E0,9.401948547E-1,-1.825603638E0
5.269013542E1,9.560468903E0,9.611512756E-1,-1.769470367E0
5.271024542E1,9.547595673E0,9.830058289E-1,-1.725012817E0
5.273035542E1,9.573940887E0,1.010698242E0,-1.717977448E0
5.275046542E1,9.573641510E0,1.025218048E0,-1.728904724E0
5.277057542E1,9.552236023E0,9.946815491E-1,-1.745669861E0
5.279068542E1,9.536668396E0,9.786648560E-1,-1.765129395E0
5.281079542E1,9.549841003E0,9.809101868E-1,-1.761836243E0
5.283090542E1,9.548643494E0,9.985734558E-1,-1.770069122E0
5.285101542E1,9.558672638E0,9.756710815E-1,-1.759890289E0
5.287112542E1,9.580976257E0,9.650431824E-1,-1.761237488E0
5.289123542E1,9.593400421E0,9.521699524E-1,-1.784738617E0
5.291134542E1,9.588161316E0,9.607022095E-1,-1.798060913E0
5.293145542E1,9.561217346E0,9.672885132E-1,-1.779050446E0
5.295156542E1,9.556427307E0,9.575587463E-1,-1.773062897E0
5.297167542E1,9.581575012E0,9.524693298E-1,-1.789678345E0
5.299178542E1,9.568552094E0,9.383985901E-1,-1.790576477E0
5.301189542E1,9.559271393E0,9.547146606E-1,-1.791624298E0
5.303200542E1,9.573192444E0,9.562115479E-1,-1.808090057E0
5.305211542E1,9.584419098E0,9.566606140E-1,-1.789378967E0
5.307222542E1,9.567204895E0,9.743238831E-1,-1.779499512E0
5.309233542E1,9.552834778E0,9.770182800E-1,-1.784738617E0
5.311244542E1,9.549242249E0,9.629475403E-1,-1.796414337E0
5.313255542E1,9.560917969E0,9.601034546E-1,-1.814826050E0
5.315266542E1,9.563163300E0,9.686357117E-1,-1.824106750E0
5.317277542E1,9.554930420E0,9.734257507E-1,-1.834734650E0
5.319288542E1,9.559121704E0,9.650431824E-1,-1.838476868E0
5.321299542E1,9.571845245E0,9.602531433E-1,-1.831890564E0
5.323310542E1,9.576335907E0,9.445358276E-1,-1.811981964E0
5.325321542E1,9.574689331E0,9.437873840E-1,-1.809586945E0
5.327332542E1,9.556127930E0,9.511221313E-1,-1.813628540E0
5.329343542E1,9.548643494E0,9.690847778E-1,-1.829495544E0
5.331354542E1,9.552834778E0,9.737251282E-1,-1.828298035E0
5.333365542E1,9.548344116E0,9.518705750E-1,-1.839375000E0
5.335376542E1,9.547146606E0,9.277706909E-1,-1.814975739E0
5.337387542E1,9.580826569E0,9.198371887E-1,-1.813927917E0
5.339398542E1,9.575288086E0,9.241781616E-1,-1.830992432E0
5.341409542E1,9.557325439E0,9.380992126E-1,-1.853296051E0
5.343420542E1,9.558672638E0,9.403445435E-1,-1.846709747E0
5.345431542E1,9.562564545E0,9.478289795E-1,-1.843865662E0
5.347442542E1,9.548942871E0,9.354048157E-1,-1.875449982E0
5.349453542E1,9.547296295E0,8.996292114E-1,-1.862576752E0
5.351464542E1,9.537117462E0,9.288185120E-1,-1.852397919E0
5.353475542E1,9.564660187E0,9.430389404E-1,-1.859283600E0
5.355486642E1,9.601483612E0,9.430389404E-1,-1.907782745E0
5.357497642E1,9.580676880E0,8.900491333E-1,-1.910177765E0
5.359508642E1,9.546398163E0,8.966354370E-1,-1.863175507E0
5.361519642E1,9.532477112E0,8.916957092E-1,-1.876647491E0
5.363530642E1,9.563612366E0,8.958869934E-1,-1.877096558E0
5.365541754E1,9.556726685E0,9.255253601E-1,-1.862277374E0
5.367552754E1,9.540410614E0,9.404942322E-1,-1.852846985E0
5.369563754E1,9.524543610E0,9.333091736E-1,-1.912572784E0
5.371574754E1,9.526190186E0,9.273216248E-1,-1.899849243E0
5.373585754E1,9.554032288E0,9.237290955E-1,-1.872007141E0
5.375596754E1,9.555080109E0,9.193881226E-1,-1.861229553E0
5.377607754E1,9.558073883E0,9.181906128E-1,-1.878892822E0
5.379618754E1,9.570498047E0,9.211843872E-1,-1.875749359E0
5.381629754E1,9.568252716E0,9.336085510E-1,-1.865420837E0
5.383640754E1,9.554780731E0,9.208850098E-1,-1.853745117E0
5.385651754E1,9.546697540E0,9.280700684E-1,-1.858385468E0
5.387662754E1,9.562714233E0,9.318122864E-1,-1.862277374E0
5.389673754E1,9.554631042E0,9.445358276E-1,-1.873953094E0
5.391684854E1,9.558522949E0,9.261241150E-1,-1.867067413E0
5.393695854E1,9.560917969E0,9.217831421E-1,-1.860930176E0
5.395706854E1,9.566606140E0,9.129515076E-1,-1.855840759E0
5.397717854E1,9.560768280E0,9.243278503E-1,-1.851799164E0
5.399728854E1,9.561516724E0,9.256750488E-1,-1.844314728E0
5.401739854E1,9.555229797E0,9.312135315E-1,-1.850152588E0
5.403750854E1,9.555529175E0,9.289682007E-1,-1.849254456E0
5.405761854E1,9.561067657E0,9.273216248E-1,-1.833686829E0
5.407772854E1,9.554631042E0,9.333091736E-1,-1.831740875E0
5.409783854E1,9.560319214E0,9.412426758E-1,-1.820963287E0
5.411794854E1,9.554032288E0,9.422904968E-1,-1.827848969E0
5.413805854E1,9.564360809E0,9.413923645E-1,-1.834584961E0
5.415816854E1,9.567953339E0,9.395960999E-1,-1.823058929E0
5.417827854E1,9.576186218E0,9.265731812E-1,-1.826052704E0
5.419838954E1,9.568552094E0,9.349557495E-1,-1.836530914E0
5.421849954E1,9.553882599E0,9.517208862E-1,-1.834584961E0
5.423860954E1,9.551936646E0,9.638456726E-1,-1.803749084E0
5.425871954E1,9.552685089E0,9.614506531E-1,-1.811981964E0
5.427882954E1,9.569450226E0,9.407936096E-1,-1.816622314E0
5.429893954E1,9.564061432E0,9.511221313E-1,-1.795665894E0
5.431904954E1,9.569899292E0,9.493258667E-1,-1.814077606E0
5.433915954E1,9.598639526E0,9.415420532E-1,-1.848356323E0
5.435926954E1,9.593101044E0,9.187893677E-1,-1.856140137E0
5.437937954E1,9.570797424E0,9.074130249E-1,-1.826501770E0
5.439948954E1,9.536369019E0,9.208850098E-1,-1.786684570E0
5.441959954E1,9.562714233E0,9.380992126E-1,-1.764979706E0
5.443970954E1,9.570947113E0,9.611512756E-1,-1.757195892E0
5.445982054E1,9.559421082E0,9.662406921E-1,-1.756447449E0
5.447993054E1,9.535321198E0,9.580078125E-1,-1.793869629E0
5.450004054E1,9.538464661E0,9.592053223E-1,-1.789678345E0
5.452015054E1,9.563911743E0,9.761201477E-1,-1.760938110E0
5.454026054E1,9.564809875E0,9.553134155E-1,-1.748214569E0
5.456037054E1,9.573042755E0,9.322613525E-1,-1.751358032E0
5.458048054E1,9.597142639E0,9.333091736E-1,-1.759890289E0
5.460059054E1,9.596843262E0,9.369017029E-1,-1.771116943E0
5.462070054E1,9.570198669E0,9.375004578E-1,-1.765428772E0
5.464081033E1,9.565258942E0,9.369017029E-1,-1.770817566E0
5.466092033E1,9.560468903E0,9.505233765E-1,-1.769021301E0
5.468103133E1,9.574689331E0,9.572593689E-1,-1.771715698E0
5.470114133E1,9.563911743E0,9.641450500E-1,-1.750160522E0
5.472125133E1,9.559121704E0,9.702822876E-1,-1.748813324E0
5.474136133E1,9.566306763E0,9.750723267E-1,-1.738784180E0
5.476147133E1,9.579629059E0,9.666897583E-1,-1.731898499E0
5.478158133E1,9.585167542E0,9.521699524E-1,-1.739233246E0
5.480169133E1,9.579778748E0,9.541159058E-1,-1.747017059E0
5.482180133E1,9.572294312E0,9.544152832E-1,-1.738335114E0
5.484191133E1,9.575288086E0,9.620494080E-1,-1.746717682E0
5.486202133E1,9.570498047E0,9.449848938E-1,-1.731299744E0
5.488213133E1,9.579030304E0,9.343569946E-1,-1.729353790E0
5.490224133E1,9.575737152E0,9.370513916E-1,-1.728605347E0
5.492235233E1,9.585766296E0,9.385482788E-1,-1.726360016E0
5.494246233E1,9.574689331E0,9.366023254E-1,-1.740879822E0
5.496257233E1,9.566157074E0,9.449848938E-1,-1.730700989E0
5.498268233E1,9.575288086E0,9.551637268E-1,-1.690734100E0
5.500279233E1,9.574539642E0,9.586065674E-1,-1.708247681E0
5.502290233E1,9.575587463E0,9.624984741E-1,-1.712738342E0
5.504301233E1,9.568103027E0,9.675878906E-1,-1.717827759E0
5.506312233E1,9.592651978E0,9.752220154E-1,-1.739682312E0
5.508323233E1,9.631421356E0,9.599537659E-1,-1.804946594E0
5.510334233E1,9.605225830E0,9.261241150E-1,-1.811832275E0
5.512345233E1,9.554331665E0,9.461824036E-1,-1.769620056E0
5.514356233E1,9.543853455E0,9.443861389E-1,-1.711840210E0
5.516367333E1,9.570048981E0,9.574090576E-1,-1.670975189E0
5.518378333E1,9.599088593E0,9.765692139E-1,-1.637594604E0
5.520389333E1,9.594747620E0,9.815089417E-1,-1.635498962E0
5.522400333E1,9.574839020E0,9.532177734E-1,-1.661694489E0
5.524411333E1,9.561666412E0,9.472302246E-1,-1.677262115E0
5.526422333E1,9.560468903E0,9.638456726E-1,-1.697021027E0
5.528433333E1,9.571246490E0,9.497749329E-1,-1.689237213E0
5.530444333E1,9.580826569E0,9.422904968E-1,-1.684447174E0
5.532455333E1,9.592053223E0,9.409432983E-1,-1.704056396E0
5.534466333E1,9.590406647E0,9.604028320E-1,-1.701661377E0
5.536477333E1,9.574090576E0,9.719288635E-1,-1.701062622E0
5.538488333E1,9.577234039E0,9.665400696E-1,-1.697021027E0
5.540499333E1,9.592801666E0,9.671388245E-1,-1.706152039E0
5.542510333E1,9.585915985E0,9.680369568E-1,-1.701212311E0
5.544521433E1,9.580227814E0,9.764195251E-1,-1.699565735E0
5.546532433E1,9.577832794E0,9.645941162E-1,-1.705403595E0
5.548543433E1,9.586215363E0,9.581575012E-1,-1.691332855E0
5.550554433E1,9.589658203E0,9.633966064E-1,-1.669777679E0
5.552565433E1,9.592801666E0,9.758207703E-1,-1.676813049E0
5.554576433E1,9.584718475E0,9.635462952E-1,-1.690135345E0
5.556587433E1,9.587861938E0,9.571096802E-1,-1.678160248E0
5.558598433E1,9.588011627E0,9.681866455E-1,-1.657802582E0
5.560609433E1,9.577234039E0,9.586065674E-1,-1.648671570E0
5.562620433E1,9.576934662E0,9.560618591E-1,-1.647024994E0
5.564631458E1,9.599088593E0,9.553134155E-1,-1.643582153E0
5.566642458E1,9.594448242E0,9.535171509E-1,-1.665287018E0
5.568653458E1,9.584269409E0,9.538165283E-1,-1.673669586E0
5.570664458E1,9.585017853E0,9.818083191E-1,-1.655257874E0
5.572675558E1,9.602381744E0,9.861492920E-1,-1.635498962E0
5.574686558E1,9.591753845E0,9.792636108E-1,-1.640438690E0
5.576697558E1,9.573791199E0,1.004561005E0,-1.618135071E0
5.578708558E1,9.583221588E0,1.007255402E0,-1.624571686E0
5.580719558E1,9.628427582E0,9.758207703E-1,-1.670675812E0
5.582730558E1,9.642049255E0,9.463320923E-1,-1.713786163E0
5.584741558E1,9.582323456E0,9.478289795E-1,-1.693129120E0
5.586752558E1,9.561965790E0,9.657916260E-1,-1.651066589E0
5.588763558E1,9.575587463E0,9.828561401E-1,-1.619781647E0
5.590774558E1,9.600136414E0,9.982740784E-1,-1.578168182E0
5.592785558E1,9.599088593E0,1.010698242E0,-1.573827209E0
5.594796558E1,9.579629059E0,1.001118164E0,-1.593286743E0
5.596807558E1,9.580527191E0,9.764195251E-1,-1.610800323E0
5.598818558E1,9.587412872E0,9.931846619E-1,-1.612297211E0
5.600829558E1,9.577383728E0,9.845027161E-1,-1.610650635E0
5.602840658E1,9.583371277E0,9.725276184E-1,-1.608854370E0
5.604851658E1,9.598190460E0,9.714797974E-1,-1.629511414E0
5.606862658E1,9.595496063E0,9.690847778E-1,-1.647474060E0
5.608873658E1,9.580527191E0,9.644444275E-1,-1.666035461E0
5.610884658E1,9.580826569E0,9.750723267E-1,-1.662742310E0
5.612895658E1,9.587113495E0,9.753717041E-1,-1.676813049E0
5.614906658E1,9.582473145E0,9.713301086E-1,-1.672023010E0
5.616917658E1,9.588460693E0,9.610015869E-1,-1.665287018E0
5.618928658E1,9.597292328E0,9.705816650E-1,-1.678759003E0
5.620939658E1,9.597142639E0,9.608518982E-1,-1.687890015E0
5.622950658E1,9.595945129E0,9.500743103E-1,-1.678908691E0
5.624961658E1,9.591304779E0,9.654922485E-1,-1.661245422E0
5.626972658E1,9.580227814E0,9.707313538E-1,-1.664089508E0
5.628983658E1,9.579629059E0,9.705816650E-1,-1.668280792E0
5.630994658E1,9.581275635E0,9.610015869E-1,-1.669927368E0
5.633005658E1,9.582473145E0,9.616003418E-1,-1.652114410E0
5.635016658E1,9.585317230E0,9.523196411E-1,-1.663939819E0
5.637027758E1,9.575437775E0,9.529183960E-1,-1.659748535E0
5.639038758E1,9.586814117E0,9.512718201E-1,-1.678908691E0
5.641049758E1,9.589807892E0,9.469308472E-1,-1.668729858E0
5.643060758E1,9.596094818E0,9.442364502E-1,-1.689237213E0
5.645071758E1,9.581575012E0,9.406439209E-1,-1.684447174E0
5.647082758E1,9.579778748E0,9.627978516E-1,-1.667232971E0
5.649093758E1,9.586365051E0,9.461824036E-1,-1.682201843E0
5.651104758E1,9.580676880E0,9.621990967E-1,-1.662442932E0
5.653115758E1,9.574689331E0,9.710307312E-1,-1.673070831E0
5.655126758E1,9.604477386E0,9.749226379E-1,-1.728006592E0
5.657137758E1,9.633067932E0,9.125024414E-1,-1.792522430E0
5.659148758E1,9.590406647E0,8.804690552E-1,-1.781744843E0
5.661159758E1,9.568851471E0,8.870553589E-1,-1.713935852E0
5.663170758E1,9.570947113E0,9.027726746E-1,-1.656006317E0
5.665181683E1,9.585915985E0,9.614506531E-1,-1.637744293E0
5.667192683E1,9.575437775E0,9.830058289E-1,-1.628463593E0
5.669203683E1,9.557325439E0,9.753717041E-1,-1.657952271E0
5.671214683E1,9.557175751E0,9.536668396E-1,-1.675914917E0
5.673225683E1,9.551786957E0,9.517208862E-1,-1.702709198E0
5.675236683E1,9.568252716E0,9.616003418E-1,-1.701511688E0
5.677247683E1,9.574839020E0,9.502239990E-1,-1.694925385E0
5.679258783E1,9.595496063E0,9.111552429E-1,-1.693428497E0
5.681269783E1,9.607920227E0,9.223818970E-1,-1.712289276E0
5.683280783E1,9.584419098E0,9.352551270E-1,-1.708097992E0
5.685291783E1,9.566905518E0,9.457333374E-1,-1.713636475E0
5.687302783E1,9.576934662E0,9.476792908E-1,-1.735491028E0
5.689313783E1,9.584568787E0,9.454339600E-1,-1.723815308E0
5.691324783E1,9.585317230E0,9.369017029E-1,-1.735790405E0
5.693335783E1,9.579179993E0,9.386979675E-1,-1.741628265E0
5.695346783E1,9.579479370E0,9.223818970E-1,-1.752854919E0
5.697357783E1,9.583221588E0,9.325607300E-1,-1.755699005E0
5.699368783E1,9.571396179E0,9.246272278E-1,-1.767374725E0
5.701379783E1,9.559720459E0,9.439370728E-1,-1.772464142E0
5.703390783E1,9.574389954E0,9.295669556E-1,-1.776505737E0
5.705401783E1,9.574389954E0,9.208850098E-1,-1.779948578E0
5.707412783E1,9.567055206E0,9.249266052E-1,-1.789378967E0
5.709423783E1,9.575886841E0,9.276210022E-1,-1.771116943E0
5.711434783E1,9.581275635E0,9.184899902E-1,-1.763782196E0
5.713445783E1,9.569150848E0,9.234297180E-1,-1.765877838E0
5.715456783E1,9.576934662E0,9.131011963E-1,-1.757495270E0
5.717467783E1,9.574539642E0,9.145980835E-1,-1.771865387E0
5.719478783E1,9.568552094E0,9.235794067E-1,-1.768422546E0
5.721489783E1,9.565708008E0,9.238787842E-1,-1.744023285E0
5.723500783E1,9.568103027E0,9.581575012E-1,-1.718725891E0
5.725511783E1,9.580227814E0,9.157955933E-1,-1.755848694E0
5.727522783E1,9.589358826E0,9.261241150E-1,-1.751956787E0
5.729533783E1,9.564959564E0,9.369017029E-1,-1.750160522E0
5.731544783E1,9.577383728E0,9.401948547E-1,-1.753154297E0
5.733555783E1,9.615704041E0,9.090596008E-1,-1.807341614E0
5.735566783E1,9.593101044E0,8.955876160E-1,-1.782792664E0
5.737577783E1,9.571545868E0,9.087602234E-1,-1.747316437E0
5.739588783E1,9.557624817E0,9.150471497E-1,-1.732946320E0
5.741599783E1,9.579179993E0,9.318122864E-1,-1.738484802E0
5.743610783E1,9.566007385E0,9.538165283E-1,-1.735940094E0
5.745621783E1,9.553583221E0,9.623487854E-1,-1.738784180E0
5.747632783E1,9.543254700E0,9.482780457E-1,-1.761387177E0
5.749643783E1,9.562863922E0,9.449848938E-1,-1.755848694E0
5.751654783E1,9.575437775E0,9.491761780E-1,-1.744023285E0
5.753665783E1,9.583820343E0,9.222322083E-1,-1.736987915E0
5.755676783E1,9.594448242E0,9.202862549E-1,-1.736838226E0
5.757687783E1,9.586814117E0,9.201365662E-1,-1.724863129E0
5.759698783E1,9.574839020E0,9.316625977E-1,-1.729204102E0
5.761709783E1,9.560618591E0,9.333091736E-1,-1.740430756E0
5.763720783E1,9.569300537E0,9.222322083E-1,-1.746418304E0
5.765731842E1,9.583221588E0,9.394464111E-1,-1.760039978E0
5.767742842E1,9.585766296E0,9.458830261E-1,-1.762734375E0
5.769753842E1,9.582473145E0,9.349557495E-1,-1.750908966E0
5.771764842E1,9.570198669E0,9.282197571E-1,-1.738784180E0
5.773775842E1,9.566755829E0,9.283694458E-1,-1.729353790E0
5.775786842E1,9.570348358E0,9.467811584E-1,-1.727407837E0
5.777797842E1,9.581125946E0,9.485774231E-1,-1.738933868E0
5.779808842E1,9.581125946E0,9.422904968E-1,-1.756896515E0
5.781819842E1,9.586514740E0,9.339079285E-1,-1.744921417E0
5.783830842E1,9.572144623E0,9.315129089E-1,-1.734742584E0
5.785841842E1,9.571096802E0,9.386979675E-1,-1.739682312E0
5.787852942E1,9.571396179E0,9.503736877E-1,-1.750759277E0
5.789863842E1,9.569001160E0,9.499246216E-1,-1.747765503E0
5.791874942E1,9.570797424E0,9.536668396E-1,-1.753154297E0
5.793885942E1,9.575737152E0,9.391470337E-1,-1.757944336E0
5.795896942E1,9.581724701E0,9.223818970E-1,-1.735491028E0
5.797907942E1,9.580527191E0,9.303153992E-1,-1.747466125E0
5.799918942E1,9.573491821E0,9.211843872E-1,-1.732946320E0
5.801929942E1,9.571246490E0,9.343569946E-1,-1.721869354E0
5.803940942E1,9.580676880E0,9.460327148E-1,-1.716929626E0
5.805951942E1,9.588011627E0,9.276210022E-1,-1.751507721E0
5.807962942E1,9.579030304E0,9.413923645E-1,-1.711540833E0
5.809973942E1,9.562414856E0,9.502239990E-1,-1.723815308E0
5.811984942E1,9.585317230E0,9.506730652E-1,-1.733994141E0
5.813995942E1,9.617350616E0,9.114546204E-1,-1.791474609E0
5.816006942E1,9.589807892E0,9.062155151E-1,-1.779200134E0
5.818017942E1,9.559870148E0,9.229806519E-1,-1.747466125E0
5.820028942E1,9.568851471E0,9.539662170E-1,-1.716929626E0
5.822039942E1,9.583670654E0,9.680369568E-1,-1.698068848E0
5.824050942E1,9.573192444E0,9.689350891E-1,-1.693877563E0
5.826061942E1,9.555978241E0,9.595046997E-1,-1.714235229E0
5.828072942E1,9.553433533E0,9.581575012E-1,-1.738784180E0
5.830083942E1,9.570647736E0,9.677375793E-1,-1.740281067E0
5.832094942E1,9.581125946E0,9.578581238E-1,-1.720222778E0
5.834105942E1,9.585317230E0,9.455836487E-1,-1.714983673E0
5.836116942E1,9.581874390E0,9.419911194E-1,-1.707199860E0
5.838127942E1,9.591304779E0,9.443861389E-1,-1.721270599E0
5.840138942E1,9.582173767E0,9.363029480E-1,-1.712289276E0
5.842149942E1,9.568851471E0,9.439370728E-1,-1.700014801E0
5.844160942E1,9.579030304E0,9.494755554E-1,-1.712588654E0
5.846171942E1,9.586664429E0,9.524693298E-1,-1.718725891E0
5.848182942E1,9.585616608E0,9.626481628E-1,-1.717827759E0
5.850193942E1,9.580078125E0,9.568103027E-1,-1.716330872E0
5.852204942E1,9.584718475E0,9.527687073E-1,-1.707050171E0
5.854215942E1,9.588760071E0,9.571096802E-1,-1.690734100E0
5.856226942E1,9.577234039E0,9.624984741E-1,-1.693877563E0
5.858237942E1,9.573491821E0,9.644444275E-1,-1.710493011E0
5.860248942E1,9.580976257E0,9.530680847E-1,-1.717229004E0
5.862259942E1,9.580377502E0,9.455836487E-1,-1.717827759E0
5.864270942E1,9.581874390E0,9.553134155E-1,-1.704206085E0
5.866281883E1,9.573940887E0,9.627978516E-1,-1.711241455E0
5.868292883E1,9.580078125E0,9.580078125E-1,-1.713486786E0
5.870303883E1,9.590556335E0,9.548643494E-1,-1.708846436E0
5.872314883E1,9.595346375E0,9.434880066E-1,-1.693877563E0
5.874325883E1,9.585915985E0,9.583071899E-1,-1.698817291E0
5.876336883E1,9.573940887E0,9.517208862E-1,-1.695524139E0
5.878347883E1,9.580078125E0,9.574090576E-1,-1.684896240E0
5.880358883E1,9.586814117E0,9.557624817E-1,-1.685345306E0
5.882369883E1,9.579479370E0,9.689350891E-1,-1.702858887E0
5.884380883E1,9.578581238E0,9.650431824E-1,-1.693428497E0
5.886391883E1,9.579629059E0,9.470805359E-1,-1.705702972E0
5.888402883E1,9.579329681E0,9.598040771E-1,-1.700912933E0
5.890413883E1,9.586365051E0,9.425898743E-1,-1.691183167E0
5.892424883E1,9.590855713E0,9.550140381E-1,-1.701661377E0
5.894435883E1,9.578431549E0,9.496252441E-1,-1.705852661E0
5.896446883E1,9.574988708E0,9.728269958E-1,-1.689985657E0
5.898457883E1,9.590406647E0,9.711804199E-1,-1.675914917E0
5.900468883E1,9.577832794E0,9.464817810E-1,-1.703008575E0
5.902479883E1,9.592502289E0,9.605525208E-1,-1.678459625E0
5.904490883E1,9.574539642E0,9.607022095E-1,-1.679956512E0
5.906501883E1,9.612410889E0,9.750723267E-1,-1.720821533E0
5.908512883E1,9.630672913E0,9.261241150E-1,-1.763033752E0
5.910523883E1,9.584868164E0,9.258247375E-1,-1.728755035E0
5.912534883E1,9.557624817E0,9.373507690E-1,-1.697021027E0
5.914545883E1,9.570647736E0,9.611512756E-1,-1.655557251E0
5.916556883E1,9.584868164E0,9.922865295E-1,-1.635199585E0
5.918567883E1,9.577383728E0,9.845027161E-1,-1.646875305E0
5.920578883E1,9.561067657E0,9.891430664E-1,-1.684147797E0
5.922589883E1,9.558223572E0,9.620494080E-1,-1.667981415E0
5.924600883E1,9.580826569E0,9.663903809E-1,-1.678609314E0
5.926611883E1,9.568252716E0,9.696835327E-1,-1.675016785E0
5.928622883E1,9.597741394E0,9.530680847E-1,-1.667382660E0
5.930633983E1,9.588460693E0,9.542655945E-1,-1.677561493E0
5.932644983E1,9.586215363E0,9.632469177E-1,-1.690135345E0
5.934655983E1,9.577683105E0,9.665400696E-1,-1.686991882E0
5.936666983E1,9.566306763E0,9.648934937E-1,-1.678160248E0
5.938677983E1,9.578431549E0,9.651928711E-1,-1.682950287E0
5.940688983E1,9.597741394E0,9.662406921E-1,-1.686542816E0
5.942699983E1,9.593400421E0,9.623487854E-1,-1.680255890E0
5.944710983E1,9.591454468E0,9.744735718E-1,-1.697170715E0
5.946721983E1,9.586514740E0,9.698332214E-1,-1.687890015E0
5.948732983E1,9.580527191E0,9.728269958E-1,-1.674418030E0
5.950743983E1,9.584119720E0,9.666897583E-1,-1.666933594E0
5.952754983E1,9.585017853E0,9.696835327E-1,-1.680405579E0
5.954765983E1,9.588311005E0,9.663903809E-1,-1.682650909E0
5.956776983E1,9.581874390E0,9.545649719E-1,-1.680106201E0
5.958787983E1,9.578281860E0,9.575587463E-1,-1.683099976E0
5.960798983E1,9.586065674E0,9.559121704E-1,-1.695374451E0
5.962809983E1,9.582323456E0,9.671388245E-1,-1.692530365E0
5.964821079E1,9.588760071E0,9.671388245E-1,-1.688638458E0
5.966832079E1,9.582173767E0,9.656419373E-1,-1.679507446E0
5.968843079E1,9.577683105E0,9.568103027E-1,-1.682800598E0
5.970854079E1,9.588909760E0,9.696835327E-1,-1.680704956E0
5.972865079E1,9.582024078E0,9.792636108E-1,-1.678010559E0
5.974876079E1,9.575737152E0,9.723779297E-1,-1.683698730E0
5.976887079E1,9.573791199E0,9.589059448E-1,-1.689536591E0
5.978898079E1,9.594897308E0,9.635462952E-1,-1.691931610E0
5.980909179E1,9.595346375E0,9.491761780E-1,-1.701960754E0
5.982920179E1,9.567653961E0,9.621990967E-1,-1.700912933E0
5.984931179E1,9.561516724E0,9.749226379E-1,-1.692680054E0
5.986942179E1,9.596394196E0,9.699829102E-1,-1.688788147E0
5.988953179E1,9.588311005E0,9.430389404E-1,-1.741478577E0
5.990964179E1,9.581125946E0,9.500743103E-1,-1.698517914E0
5.992975179E1,9.572743378E0,9.693841553E-1,-1.700613556E0
5.994986179E1,9.592951355E0,9.798623657E-1,-1.728605347E0
5.996997179E1,9.622290344E0,9.379495239E-1,-1.779649200E0
5.999008179E1,9.586365051E0,9.134005737E-1,-1.777254181E0
6.001019179E1,9.552685089E0,9.148974609E-1,-1.718875580E0
6.003030179E1,9.565708008E0,9.440867615E-1,-1.700314178E0
6.005041179E1,9.596094818E0,9.801617432E-1,-1.709445190E0
6.007052179E1,9.589059448E0,9.707313538E-1,-1.706451416E0
6.009063179E1,9.560468903E0,9.702822876E-1,-1.733096008E0
6.011074279E1,9.553283844E0,9.623487854E-1,-1.752106476E0
6.013085279E1,9.568402405E0,9.547146606E-1,-1.746418304E0
6.015096279E1,9.567803650E0,9.571096802E-1,-1.727707214E0
6.017107279E1,9.576934662E0,9.497749329E-1,-1.740430756E0
6.019118279E1,9.577832794E0,9.291178894E-1,-1.740281067E0
6.021129279E1,9.585616608E0,9.394464111E-1,-1.754950562E0
6.023140279E1,9.583371277E0,9.319619751E-1,-1.753902740E0
6.025151279E1,9.573342133E0,9.294172668E-1,-1.754651184E0
6.027162279E1,9.562714233E0,9.383985901E-1,-1.764979706E0
6.029173279E1,9.588161316E0,9.327104187E-1,-1.759141846E0
6.031184279E1,9.577234039E0,9.352551270E-1,-1.769021301E0
6.033195379E1,9.575587463E0,9.333091736E-1,-1.766476593E0
6.035206379E1,9.574839020E0,9.238787842E-1,-1.764081573E0
6.037217379E1,9.572743378E0,9.348060608E-1,-1.769769745E0
6.039228379E1,9.573791199E0,9.285191345E-1,-1.763183441E0
6.041239379E1,9.574689331E0,9.325607300E-1,-1.780697021E0
6.043250379E1,9.580078125E0,9.256750488E-1,-1.780547333E0
6.045261379E1,9.570048981E0,9.241781616E-1,-1.805545349E0
6.047272379E1,9.561666412E0,9.327104187E-1,-1.793121185E0
6.049283379E1,9.566007385E0,9.318122864E-1,-1.802401886E0
6.051294479E1,9.566905518E0,9.244775391E-1,-1.795516205E0
6.053305479E1,9.566007385E0,9.184899902E-1,-1.815125427E0
6.055316479E1,9.568552094E0,9.235794067E-1,-1.807790680E0
6.057327479E1,9.572294312E0,9.219328308E-1,-1.805994415E0
6.059338479E1,9.575288086E0,9.168434143E-1,-1.797162781E0
6.061349479E1,9.569749603E0,9.388476562E-1,-1.813029785E0
6.063360479E1,9.567803650E0,9.285191345E-1,-1.811832275E0
6.065371433E1,9.561965790E0,9.286688232E-1,-1.787732391E0
6.067382533E1,9.560618591E0,9.226812744E-1,-1.821711731E0
6.069393533E1,9.572743378E0,9.144483948E-1,-1.815873871E0
6.071404533E1,9.567055206E0,9.183403015E-1,-1.806742859E0
6.073415533E1,9.570498047E0,9.312135315E-1,-1.816921692E0
6.075426533E1,9.586514740E0,9.214837646E-1,-1.837429047E0
6.077437533E1,9.590256958E0,9.072633362E-1,-1.874252472E0
6.079448533E1,9.569001160E0,8.922944641E-1,-1.845661926E0
6.081459533E1,9.553134155E0,8.839118958E-1,-1.821861420E0
6.083470633E1,9.561217346E0,9.071136475E-1,-1.833088074E0
6.085481633E1,9.559870148E0,9.398954773E-1,-1.826801147E0
6.087492633E1,9.540111237E0,9.261241150E-1,-1.812131653E0
6.089503633E1,9.530830536E0,9.207353210E-1,-1.832189941E0
6.091514633E1,9.552236023E0,9.187893677E-1,-1.839824066E0
6.093525633E1,9.560019836E0,9.351054382E-1,-1.830842743E0
6.095536633E1,9.564360809E0,9.232800293E-1,-1.808389435E0
6.097547733E1,9.569749603E0,9.116043091E-1,-1.791923676E0
6.099558733E1,9.588161316E0,8.954379272E-1,-1.802102509E0
6.101569733E1,9.577383728E0,8.993298340E-1,-1.826801147E0
6.103580733E1,9.564360809E0,9.186396790E-1,-1.808090057E0
6.105591733E1,9.559121704E0,9.282197571E-1,-1.789378967E0
6.107602733E1,9.549541626E0,9.313632202E-1,-1.779798889E0
6.109613833E1,9.566905518E0,9.391470337E-1,-1.787283325E0
6.111624833E1,9.563312988E0,9.144483948E-1,-1.803749084E0
6.113635833E1,9.574389954E0,9.136999512E-1,-1.813329163E0
6.115646833E1,9.571695557E0,9.090596008E-1,-1.807940369E0
6.117657833E1,9.573192444E0,9.339079285E-1,-1.804048462E0
6.119668833E1,9.566755829E0,9.264234924E-1,-1.793121185E0
6.121679833E1,9.577234039E0,9.345066833E-1,-1.787433014E0
6.123690933E1,9.568851471E0,9.355545044E-1,-1.789079590E0
6.125701933E1,9.562414856E0,9.494755554E-1,-1.773811340E0
6.127712933E1,9.561965790E0,9.479786682E-1,-1.760938110E0
6.129723933E1,9.575288086E0,9.403445435E-1,-1.755100250E0
6.131734933E1,9.586664429E0,9.360035706E-1,-1.777852936E0
6.133745933E1,9.587861938E0,9.316625977E-1,-1.785636749E0
6.135757033E1,9.565258942E0,9.202862549E-1,-1.777403870E0
6.137768033E1,9.569001160E0,9.345066833E-1,-1.750010834E0
6.139779033E1,9.570947113E0,9.425898743E-1,-1.754351807E0
6.141790033E1,9.566157074E0,9.352551270E-1,-1.778152313E0
6.143801033E1,9.571695557E0,9.518705750E-1,-1.746118927E0
6.145812033E1,9.568252716E0,9.391470337E-1,-1.748064880E0
6.147823133E1,9.604327698E0,9.403445435E-1,-1.745520172E0
6.149834133E1,9.613758087E0,9.193881226E-1,-1.790426788E0
6.151845133E1,9.579329681E0,9.330097961E-1,-1.780846710E0
6.153856133E1,9.563013611E0,9.271719360E-1,-1.742526398E0
6.155867133E1,9.569300537E0,9.562115479E-1,-1.723515930E0
6.157878133E1,9.586963806E0,9.650431824E-1,-1.704505463E0
6.159889233E1,9.577383728E0,9.702822876E-1,-1.695224762E0
6.161900233E1,9.571545868E0,9.645941162E-1,-1.716480560E0
6.163911233E1,9.558522949E0,9.539662170E-1,-1.735191650E0
6.165922196E1,9.576186218E0,9.683363342E-1,-1.726809082E0
6.167933196E1,9.578581238E0,9.557624817E-1,-1.700763245E0
6.169944196E1,9.591155090E0,9.475296021E-1,-1.697320404E0
6.171955296E1,9.590406647E0,9.472302246E-1,-1.694176941E0
6.173966296E1,9.599986725E0,9.445358276E-1,-1.709295502E0
6.175977296E1,9.582922211E0,9.401948547E-1,-1.697919159E0
6.177988296E1,9.571396179E0,9.580078125E-1,-1.681902466E0
6.179999296E1,9.581425323E0,9.542655945E-1,-1.680405579E0
6.182010296E1,9.591005402E0,9.735754395E-1,-1.682950287E0
6.184021396E1,9.600435791E0,9.653425598E-1,-1.685045929E0
6.186032396E1,9.579629059E0,9.611512756E-1,-1.696871338E0
6.188043396E1,9.582772522E0,9.547146606E-1,-1.686243439E0
6.190054396E1,9.593400421E0,9.566606140E-1,-1.680704956E0
6.192065396E1,9.582772522E0,9.695338440E-1,-1.687740326E0
6.194076396E1,9.579179993E0,9.693841553E-1,-1.667083282E0
6.196087496E1,9.582922211E0,9.644444275E-1,-1.676962738E0
6.198098496E1,9.585317230E0,9.728269958E-1,-1.675016785E0
6.200109496E1,9.585616608E0,9.529183960E-1,-1.672322388E0
6.202120496E1,9.594298553E0,9.589059448E-1,-1.678010559E0
6.204131496E1,9.591155090E0,9.512718201E-1,-1.675166473E0
6.206142496E1,9.586963806E0,9.584568787E-1,-1.685494995E0
6.208153596E1,9.584718475E0,9.713301086E-1,-1.642833710E0
6.210164596E1,9.604776764E0,9.777667236E-1,-1.625469818E0
6.212175596E1,9.591304779E0,9.659413147E-1,-1.647324371E0
6.214186596E1,9.583071899E0,9.824070740E-1,-1.657652893E0
6.216197596E1,9.576784973E0,9.780661011E-1,-1.653162231E0
6.218208596E1,9.586814117E0,9.785151672E-1,-1.660347290E0
6.220219696E1,9.633367310E0,9.725276184E-1,-1.683848419E0
6.222230696E1,9.597442017E0,9.382489014E-1,-1.718276825E0
6.224241696E1,9.568851471E0,9.482780457E-1,-1.668430481E0
6.226252696E1,9.578880615E0,9.636959839E-1,-1.634151764E0
6.228263696E1,9.599387970E0,9.963281250E-1,-1.629212036E0
6.230274696E1,9.589807892E0,9.903405762E-1,-1.614392853E0
6.232285796E1,9.578581238E0,9.857002258E-1,-1.637295227E0
6.234296796E1,9.570348358E0,9.753717041E-1,-1.673220520E0
6.236307796E1,9.578132172E0,9.746232605E-1,-1.664837952E0
6.238318796E1,9.583221588E0,9.839039612E-1,-1.637594604E0
6.240329796E1,9.576186218E0,9.815089417E-1,-1.612596588E0
6.242340896E1,9.593550110E0,9.934840393E-1,-1.623374176E0
6.244351896E1,9.609117737E0,9.765692139E-1,-1.635948029E0
6.246362896E1,9.604627075E0,9.675878906E-1,-1.653311920E0
6.248373896E1,9.586664429E0,9.756710815E-1,-1.641935577E0
6.250384896E1,9.590107269E0,9.716294861E-1,-1.628912659E0
6.252395896E1,9.600585480E0,9.898915100E-1,-1.626517639E0
6.254406996E1,9.595795441E0,9.936337280E-1,-1.631607056E0
6.256417996E1,9.590256958E0,9.800120544E-1,-1.635349274E0
6.258428996E1,9.595795441E0,9.792636108E-1,-1.634301453E0
6.260439996E1,9.592502289E0,9.762698364E-1,-1.630409546E0
6.262450996E1,9.593400421E0,9.798623657E-1,-1.625170441E0
6.264462096E1,9.587861938E0,9.907896423E-1,-1.623823242E0
6.266473092E1,9.597591705E0,9.957293701E-1,-1.620530090E0
6.268484092E1,9.585466919E0,9.843530273E-1,-1.620530090E0
6.270495092E1,9.587712250E0,9.868977356E-1,-1.621877289E0
6.272506092E1,9.598639526E0,9.933343506E-1,-1.614243164E0
6.274517192E1,9.587263184E0,9.945318604E-1,-1.606159973E0
6.276528192E1,9.589957581E0,9.972262573E-1,-1.625469818E0
6.278539192E1,9.593400421E0,9.834548950E-1,-1.632654877E0
6.280550192E1,9.604776764E0,9.845027161E-1,-1.626817017E0
6.282561192E1,9.597891083E0,9.773176575E-1,-1.607058105E0
6.284572192E1,9.592801666E0,9.877958679E-1,-1.617835693E0
6.286583292E1,9.595645752E0,1.002315674E0,-1.617087250E0
6.288594292E1,9.589957581E0,9.952803040E-1,-1.607207794E0
6.290605292E1,9.588161316E0,1.003213806E0,-1.615440674E0
6.292616292E1,9.589059448E0,9.963281250E-1,-1.599274292E0
6.294627292E1,9.596094818E0,1.000968475E0,-1.583556976E0
6.296638392E1,9.607920227E0,9.865983582E-1,-1.598076782E0
6.298649392E1,9.602082367E0,9.900411987E-1,-1.602866821E0
6.300660392E1,9.613009644E0,9.970765686E-1,-1.591939545E0
6.302671392E1,9.592502289E0,9.824070740E-1,-1.624721375E0
6.304682392E1,9.580227814E0,9.888436890E-1,-1.615590363E0
6.306693492E1,9.585915985E0,1.000818787E0,-1.590143280E0
6.308704492E1,9.608369293E0,9.948312378E-1,-1.620979156E0
6.310715492E1,9.642498322E0,9.607022095E-1,-1.675914917E0
6.312726492E1,9.603878632E0,9.418414307E-1,-1.654359741E0
6.314737492E1,9.573342133E0,9.572593689E-1,-1.609602814E0
6.316748592E1,9.558822327E0,9.912387085E-1,-1.563498688E0
6.318759592E1,9.607022095E0,1.008602600E0,-1.517693939E0
6.320770592E1,9.601333923E0,1.022373962E0,-1.537602539E0
6.322781592E1,9.600136414E0,1.021176453E0,-1.555565186E0
6.324792592E1,9.587412872E0,9.997709656E-1,-1.581161957E0
6.326803692E1,9.566306763E0,9.910890198E-1,-1.583706665E0
6.328814692E1,9.561816101E0,1.001716919E0,-1.588347015E0
6.330825692E1,9.578132172E0,1.012195129E0,-1.564845886E0
6.332836692E1,9.606423340E0,1.000968475E0,-1.579066315E0
6.334847792E1,9.634115753E0,1.010847931E0,-1.604064331E0
6.336858792E1,9.620344391E0,1.015637970E0,-1.632056122E0
6.338869792E1,9.587263184E0,1.018182678E0,-1.646575928E0
6.340880792E1,9.574839020E0,9.910890198E-1,-1.645528107E0
6.342891792E1,9.571246490E0,9.614506531E-1,-1.605561218E0
6.344902892E1,9.575138397E0,9.548643494E-1,-1.599723358E0
6.346913892E1,9.586215363E0,9.708810425E-1,-1.608105927E0
6.348924892E1,9.589807892E0,9.740245056E-1,-1.627116394E0
6.350935892E1,9.609716492E0,9.566606140E-1,-1.631756744E0
6.352946892E1,9.616003418E0,9.511221313E-1,-1.640588379E0
6.354957992E1,9.601782990E0,9.627978516E-1,-1.660946045E0
6.356968992E1,9.585017853E0,9.616003418E-1,-1.663041687E0
6.358979992E1,9.574539642E0,9.759704590E-1,-1.661694489E0
6.360990992E1,9.580676880E0,9.773176575E-1,-1.657203827E0
6.363001992E1,9.588760071E0,9.660910034E-1,-1.655257874E0
6.365013167E1,9.579778748E0,9.616003418E-1,-1.632205811E0
6.367024167E1,9.588909760E0,9.364526367E-1,-1.644929352E0
6.369035167E1,9.607171783E0,9.372010803E-1,-1.662592621E0
6.371046167E1,9.597142639E0,9.342073059E-1,-1.668729858E0
6.373057167E1,9.595046997E0,9.337582397E-1,-1.673070831E0
6.375068267E1,9.589658203E0,9.300160217E-1,-1.664688263E0
6.377079267E1,9.589358826E0,9.301657104E-1,-1.681902466E0
6.379090267E1,9.591304779E0,9.153465271E-1,-1.676663361E0
6.381101267E1,9.589358826E0,9.385482788E-1,-1.682052155E0
6.383112267E1,9.581125946E0,9.451345825E-1,-1.694925385E0
6.385123367E1,9.576635284E0,9.627978516E-1,-1.704954529E0
6.387134367E1,9.582024078E0,9.678872681E-1,-1.699416046E0
6.389145367E1,9.582772522E0,9.711804199E-1,-1.713187408E0
6.391156367E1,9.583520966E0,9.559121704E-1,-1.723815308E0
6.393167367E1,9.575886841E0,9.657916260E-1,-1.732946320E0
6.395178467E1,9.581575012E0,9.795629883E-1,-1.720821533E0
6.397189467E1,9.586514740E0,9.743238831E-1,-1.728605347E0
6.399200467E1,9.587861938E0,9.535171509E-1,-1.758094025E0
6.401211467E1,9.588161316E0,9.476792908E-1,-1.718576202E0
6.403222567E1,9.569749603E0,9.464817810E-1,-1.716779938E0
6.405233567E1,9.601932678E0,9.361532593E-1,-1.736389160E0
6.407244567E1,9.620045013E0,9.005273438E-1,-1.776805115E0
6.409255567E1,9.588311005E0,8.942404175E-1,-1.736838226E0
6.411266567E1,9.565558319E0,8.984317017E-1,-1.695374451E0
6.413277667E1,9.583071899E0,9.330097961E-1,-1.684297485E0
6.415288667E1,9.588311005E0,9.437873840E-1,-1.688788147E0
6.417299667E1,9.577533417E0,9.496252441E-1,-1.699715424E0
6.419310667E1,9.554631042E0,9.440867615E-1,-1.725761261E0
6.421321667E1,9.555978241E0,9.330097961E-1,-1.747915192E0
6.423332767E1,9.561965790E0,9.428892517E-1,-1.760489044E0
6.425343767E1,9.570198669E0,9.280700684E-1,-1.738035736E0
6.427354767E1,9.575886841E0,9.205856323E-1,-1.730251923E0
6.429365767E1,9.591604156E0,9.228309631E-1,-1.744023285E0
6.431376867E1,9.592651978E0,9.148974609E-1,-1.763931885E0
6.433387867E1,9.579928436E0,9.139993286E-1,-1.772314453E0
6.435398867E1,9.562115479E0,9.141490173E-1,-1.795965271E0
6.437409867E1,9.568103027E0,9.336085510E-1,-1.794019318E0
6.439420867E1,9.568701782E0,9.273216248E-1,-1.788031769E0
6.441431967E1,9.578730927E0,9.207353210E-1,-1.789678345E0
6.443442967E1,9.571545868E0,9.205856323E-1,-1.787732391E0
6.445453967E1,9.564510498E0,9.187893677E-1,-1.783541107E0
6.447464967E1,9.571845245E0,9.096583557E-1,-1.781744843E0
6.449476067E1,9.576784973E0,9.101074219E-1,-1.774410095E0
6.451487067E1,9.573342133E0,9.134005737E-1,-1.794767761E0
6.453498067E1,9.567354584E0,9.229806519E-1,-1.797611847E0
6.455509067E1,9.551487579E0,9.214837646E-1,-1.807940369E0
6.457520067E1,9.562564545E0,9.122030640E-1,-1.825154572E0
6.459531167E1,9.566755829E0,8.915460205E-1,-1.822609863E0
6.461542167E1,9.569899292E0,8.704399109E-1,-1.843566284E0
6.463553167E1,9.576934662E0,8.541238403E-1,-1.843566284E0
6.465564083E1,9.583221588E0,8.473878479E-1,-1.847757568E0
6.467575183E1,9.570498047E0,8.699908447E-1,-1.837279358E0
6.469586183E1,9.549242249E0,8.789721680E-1,-1.849254456E0
6.471597183E1,9.551188202E0,8.931925964E-1,-1.838177490E0
6.473608183E1,9.564660187E0,9.015751648E-1,-1.829345856E0
6.475619183E1,9.572444000E0,9.264234924E-1,-1.818268890E0
6.477630283E1,9.573042755E0,9.434880066E-1,-1.831291809E0
6.479641283E1,9.577084351E0,9.539662170E-1,-1.822160797E0
6.481652283E1,9.571096802E0,9.509724426E-1,-1.804796906E0
6.483663283E1,9.556576996E0,9.598040771E-1,-1.770967255E0
6.485674383E1,9.568252716E0,9.232800293E-1,-1.806144104E0
6.487685383E1,9.569450226E0,9.253756714E-1,-1.809437256E0
6.489696383E1,9.554631042E0,9.229806519E-1,-1.802850952E0
6.491707383E1,9.565708008E0,9.291178894E-1,-1.803449707E0
6.493718383E1,9.602232056E0,8.991801453E-1,-1.801054688E0
6.495729483E1,9.605225830E0,8.553213501E-1,-1.814676361E0
6.497740483E1,9.571845245E0,8.734336853E-1,-1.771116943E0
6.499751483E1,9.552535400E0,8.921447754E-1,-1.755399628E0
6.501762483E1,9.574240265E0,9.226812744E-1,-1.744921417E0
6.503773583E1,9.581575012E0,9.336085510E-1,-1.739532623E0
6.505784583E1,9.562714233E0,9.345066833E-1,-1.750609589E0
6.507795583E1,9.564061432E0,9.162446594E-1,-1.786684570E0
6.509806583E1,9.568103027E0,9.030720520E-1,-1.789079590E0
6.511817583E1,9.556576996E0,9.113049316E-1,-1.774410095E0
6.513828683E1,9.553882599E0,9.153465271E-1,-1.748963013E0
6.515839683E1,9.547445984E0,9.174421692E-1,-1.741328888E0
6.517850683E1,9.555678864E0,9.246272278E-1,-1.769021301E0
6.519861683E1,9.581125946E0,9.316625977E-1,-1.781894531E0
6.521872783E1,9.582473145E0,9.240284729E-1,-1.789079590E0
6.523883783E1,9.590406647E0,9.315129089E-1,-1.776505737E0
6.525894783E1,9.602980499E0,9.500743103E-1,-1.769470367E0
6.527905783E1,9.586664429E0,9.473799133E-1,-1.762734375E0
6.529916783E1,9.557774506E0,9.419911194E-1,-1.763482819E0
6.531927883E1,9.555379486E0,9.116043091E-1,-1.753902740E0
6.533938883E1,9.559121704E0,9.114546204E-1,-1.763333130E0
6.535949883E1,9.580676880E0,9.262738037E-1,-1.772164764E0
6.537960883E1,9.582772522E0,9.663903809E-1,-1.762285309E0
6.539971983E1,9.583970032E0,9.695338440E-1,-1.782343597E0
6.541982983E1,9.574689331E0,9.611512756E-1,-1.789828033E0
6.543993983E1,9.563312988E0,9.421408081E-1,-1.764680328E0
6.546004983E1,9.576485596E0,9.560618591E-1,-1.761836243E0
6.548015983E1,9.577383728E0,9.639953613E-1,-1.746567993E0
6.550027083E1,9.564061432E0,9.627978516E-1,-1.733245697E0
6.552038083E1,9.572444000E0,9.614506531E-1,-1.739981689E0
6.554049083E1,9.574090576E0,9.550140381E-1,-1.735191650E0
6.556060083E1,9.571246490E0,9.467811584E-1,-1.743424530E0
6.558071083E1,9.570048981E0,9.379495239E-1,-1.735940094E0
6.560082183E1,9.573342133E0,9.084608459E-1,-1.701362000E0
6.562093183E1,9.589059448E0,8.806187439E-1,-1.711690521E0
6.564104183E1,9.604776764E0,8.434959412E-1,-1.729653168E0
6.566115154E1,9.599238281E0,8.535250854E-1,-1.723964996E0
6.568126154E1,9.580976257E0,8.909472656E-1,-1.675465851E0
6.570137254E1,9.579629059E0,8.970845032E-1,-1.692829742E0
6.572148254E1,9.576335907E0,9.065148926E-1,-1.730251923E0
6.574159254E1,9.561516724E0,9.342073059E-1,-1.735041962E0
6.576170254E1,9.563013611E0,9.397457886E-1,-1.745370483E0
6.578181254E1,9.592801666E0,9.580078125E-1,-1.776206360E0
6.580192354E1,9.596992950E0,9.366023254E-1,-1.816472626E0
6.582203354E1,9.577234039E0,9.274713135E-1,-1.778751068E0
6.584214354E1,9.559570770E0,9.592053223E-1,-1.740131378E0
6.586225354E1,9.565708008E0,9.765692139E-1,-1.707349548E0
6.588236354E1,9.589807892E0,9.948312378E-1,-1.704655151E0
6.590247454E1,9.578281860E0,9.825567627E-1,-1.733245697E0
6.592258454E1,9.568552094E0,9.707313538E-1,-1.740131378E0
6.594269454E1,9.567653961E0,9.529183960E-1,-1.737886047E0
6.596280454E1,9.564510498E0,9.385482788E-1,-1.720372467E0
6.598291454E1,9.572294312E0,9.500743103E-1,-1.693877563E0
6.600302554E1,9.574539642E0,9.434880066E-1,-1.669777679E0
6.602313554E1,9.592801666E0,9.309141541E-1,-1.687890015E0
6.604324554E1,9.594448242E0,9.292675781E-1,-1.698368225E0
6.606335554E1,9.581275635E0,9.282197571E-1,-1.695374451E0
6.608346554E1,9.572144623E0,9.460327148E-1,-1.709445190E0
6.610357654E1,9.571096802E0,9.671388245E-1,-1.701960754E0
6.612368654E1,9.578730927E0,9.737251282E-1,-1.710493011E0
6.614379654E1,9.587562561E0,9.701325989E-1,-1.704954529E0
6.616390654E1,9.581125946E0,9.666897583E-1,-1.706750793E0
6.618401654E1,9.585317230E0,9.782157898E-1,-1.698068848E0
6.620412654E1,9.590556335E0,9.837542725E-1,-1.684596863E0
6.622423754E1,9.592502289E0,9.849517822E-1,-1.679357758E0
6.624434754E1,9.586963806E0,9.728269958E-1,-1.672621765E0
6.626445754E1,9.583820343E0,9.722282410E-1,-1.681004333E0
6.628456754E1,9.579479370E0,9.783654785E-1,-1.691332855E0
6.630467754E1,9.571695557E0,9.632469177E-1,-1.686393127E0
6.632478854E1,9.573491821E0,9.410929871E-1,-1.678908691E0
6.634489854E1,9.585317230E0,9.476792908E-1,-1.664089508E0
6.636500854E1,9.584119720E0,9.527687073E-1,-1.674418030E0
6.638511854E1,9.586215363E0,9.524693298E-1,-1.675765228E0
6.640522854E1,9.578730927E0,9.611512756E-1,-1.658850403E0
6.642533854E1,9.584868164E0,9.621990967E-1,-1.653012543E0
6.644544954E1,9.586664429E0,9.660910034E-1,-1.662742310E0
6.646555954E1,9.587861938E0,9.713301086E-1,-1.663790131E0
6.648566954E1,9.581125946E0,9.813592529E-1,-1.661544800E0
6.650577954E1,9.579629059E0,9.687854004E-1,-1.664987640E0
6.652588954E1,9.583371277E0,9.707313538E-1,-1.652862854E0
6.654599954E1,9.589358826E0,9.819580078E-1,-1.662293243E0
6.656611054E1,9.595346375E0,9.583071899E-1,-1.666185150E0
6.658622054E1,9.579479370E0,9.806108093E-1,-1.649120636E0
6.660633054E1,9.589658203E0,9.925859070E-1,-1.624421997E0
6.662644054E1,9.594298553E0,9.725276184E-1,-1.648671570E0
6.664655054E1,9.584419098E0,9.795629883E-1,-1.626966705E0
6.666666179E1,9.583670654E0,9.888436890E-1,-1.608854370E0
6.668677279E1,9.591304779E0,9.764195251E-1,-1.619631958E0
6.670688279E1,9.646390228E0,9.527687073E-1,-1.660347290E0
6.672699279E1,9.618099060E0,9.307644653E-1,-1.701960754E0
6.674710279E1,9.582772522E0,9.566606140E-1,-1.657952271E0
6.676721279E1,9.548493805E0,9.740245056E-1,-1.612596588E0
6.678732279E1,9.573342133E0,9.978250122E-1,-1.587897949E0
6.680743379E1,9.604178009E0,1.000669098E0,-1.575773163E0
6.682754379E1,9.588760071E0,1.013991394E0,-1.586850128E0
6.684765379E1,9.578581238E0,9.945318604E-1,-1.620081024E0
6.686776379E1,9.570048981E0,9.761201477E-1,-1.619631958E0
6.688787379E1,9.571994934E0,9.963281250E-1,-1.610201569E0
6.690798379E1,9.577683105E0,9.880952454E-1,-1.615590363E0
6.692809479E1,9.588909760E0,9.711804199E-1,-1.614243164E0
6.694820479E1,9.609716492E0,9.698332214E-1,-1.639690247E0
6.696831479E1,9.606423340E0,9.617500305E-1,-1.646126862E0
6.698842479E1,9.587412872E0,9.645941162E-1,-1.663640442E0
6.700853479E1,9.574988708E0,9.662406921E-1,-1.676064606E0
6.702864479E1,9.581275635E0,9.659413147E-1,-1.659149780E0
6.704875579E1,9.583520966E0,9.636959839E-1,-1.653162231E0
6.706886579E1,9.595945129E0,9.621990967E-1,-1.659898224E0
6.708897579E1,9.594298553E0,9.470805359E-1,-1.676962738E0
6.710908579E1,9.582473145E0,9.505233765E-1,-1.674717407E0
6.712919579E1,9.583820343E0,9.514215088E-1,-1.668131104E0
6.714930579E1,9.595496063E0,9.602531433E-1,-1.657652893E0
6.716941679E1,9.595046997E0,9.506730652E-1,-1.669178925E0
6.718952679E1,9.582473145E0,9.452842712E-1,-1.676813049E0
6.720963679E1,9.581575012E0,9.400451660E-1,-1.686093750E0
6.722974679E1,9.588760071E0,9.418414307E-1,-1.684896240E0
6.724985679E1,9.581125946E0,9.482780457E-1,-1.696721649E0
6.726996679E1,9.585616608E0,9.425898743E-1,-1.709594879E0
6.729007779E1,9.589358826E0,9.436376953E-1,-1.705403595E0
6.731018779E1,9.587263184E0,9.578581238E-1,-1.702409821E0
6.733029779E1,9.578281860E0,9.662406921E-1,-1.703607330E0
6.735040779E1,9.568851471E0,9.544152832E-1,-1.686393127E0
6.737051779E1,9.582772522E0,9.568103027E-1,-1.701960754E0
6.739062779E1,9.583820343E0,9.541159058E-1,-1.704056396E0
6.741073879E1,9.582173767E0,9.511221313E-1,-1.715732117E0
6.743084879E1,9.576635284E0,9.503736877E-1,-1.715881805E0
6.745095879E1,9.577982483E0,9.372010803E-1,-1.739832001E0
6.747106879E1,9.587861938E0,9.279203796E-1,-1.720073090E0
6.749117879E1,9.590256958E0,9.325607300E-1,-1.733395386E0
6.751128879E1,9.572893066E0,9.138496399E-1,-1.745071106E0
6.753139879E1,9.575587463E0,9.370513916E-1,-1.719624023E0
6.755150979E1,9.573192444E0,9.416917419E-1,-1.718875580E0
6.757161979E1,9.583670654E0,9.267228699E-1,-1.732347565E0
6.759172979E1,9.591155090E0,9.207353210E-1,-1.679357758E0
6.761183979E1,9.597891083E0,9.017248535E-1,-1.675615540E0
6.763194979E1,9.626781006E0,8.861572266E-1,-1.735790405E0
6.765205979E1,9.661957855E0,8.837622070E-1,-1.863923950E0
6.767217346E1,9.579778748E0,9.199868774E-1,-1.890269165E0
6.769228346E1,9.500892792E0,9.729766846E-1,-1.811532898E0
6.771239346E1,9.493258667E0,9.958790588E-1,-1.729353790E0
6.773250346E1,9.548942871E0,9.972262573E-1,-1.704505463E0
6.775261346E1,9.578132172E0,9.867480469E-1,-1.719025269E0
6.777272346E1,9.565708008E0,9.680369568E-1,-1.769021301E0
6.779283446E1,9.558073883E0,9.618997192E-1,-1.799258423E0
6.781294446E1,9.543404388E0,9.639953613E-1,-1.796414337E0
6.783305446E1,9.549691315E0,9.692344666E-1,-1.774260406E0
6.785316446E1,9.552385712E0,9.574090576E-1,-1.762135620E0
6.787327446E1,9.557475128E0,9.466314697E-1,-1.768572235E0
6.789338446E1,9.573791199E0,9.418414307E-1,-1.781146088E0
6.791349446E1,9.580976257E0,9.282197571E-1,-1.780397644E0
6.793360546E1,9.573192444E0,9.231303406E-1,-1.762285309E0
6.795371546E1,9.574240265E0,9.322613525E-1,-1.781894531E0
6.797382546E1,9.579030304E0,9.360035706E-1,-1.786235504E0
6.799393546E1,9.566905518E0,9.416917419E-1,-1.790576477E0
6.801404546E1,9.557325439E0,9.321116638E-1,-1.791175232E0
6.803415546E1,9.562564545E0,9.174421692E-1,-1.789977722E0
6.805426546E1,9.560618591E0,9.228309631E-1,-1.806293793E0
6.807437646E1,9.571845245E0,9.343569946E-1,-1.816023560E0
6.809448646E1,9.566905518E0,9.357041931E-1,-1.825154572E0
6.811459646E1,9.554481354E0,9.386979675E-1,-1.840572510E0
6.813470646E1,9.549242249E0,9.285191345E-1,-1.853894806E0
6.815481646E1,9.550290070E0,9.307644653E-1,-1.840123444E0
6.817492646E1,9.563762054E0,9.295669556E-1,-1.834435272E0
6.819503646E1,9.557475128E0,9.059161377E-1,-1.843117218E0
6.821514746E1,9.564360809E0,9.011260986E-1,-1.852996674E0
6.823525746E1,9.562414856E0,9.116043091E-1,-1.860032043E0
6.825536746E1,9.559271393E0,9.081614685E-1,-1.884580994E0
6.827547746E1,9.553283844E0,9.125024414E-1,-1.884431305E0
6.829558746E1,9.547296295E0,9.024732971E-1,-1.888921967E0
6.831569746E1,9.549242249E0,8.966354370E-1,-1.885179749E0
6.833580746E1,9.562265167E0,8.912466431E-1,-1.871109009E0
6.835591846E1,9.562414856E0,8.957373047E-1,-1.895657959E0
6.837602846E1,9.557026062E0,8.997789001E-1,-1.907782745E0
6.839613846E1,9.543404388E0,9.008267212E-1,-1.874102783E0
6.841624846E1,9.547445984E0,9.035211182E-1,-1.849703522E0
6.843635846E1,9.563612366E0,8.788224792E-1,-1.900447998E0
6.845646846E1,9.566755829E0,8.753796387E-1,-1.911824341E0
6.847657846E1,9.532177734E0,9.086105347E-1,-1.897454224E0
6.849668946E1,9.550739136E0,9.303153992E-1,-1.873054962E0
6.851679946E1,9.583221588E0,9.370513916E-1,-1.869462433E0
6.853690946E1,9.586814117E0,9.041198730E-1,-1.896406403E0
6.855701946E1,9.564959564E0,8.933422852E-1,-1.846709747E0
6.857712946E1,9.545799408E0,9.053173828E-1,-1.832040253E0
6.859723946E1,9.560019836E0,9.286688232E-1,-1.842817841E0
6.861734946E1,9.567055206E0,9.277706909E-1,-1.822609863E0
6.863745946E1,9.537865906E0,9.294172668E-1,-1.819765778E0
6.865757054E1,9.529782715E0,9.190887451E-1,-1.837728424E0
6.867768054E1,9.552385712E0,9.033714294E-1,-1.844314728E0
6.869779054E1,9.571695557E0,9.126521301E-1,-1.844165039E0
6.871790054E1,9.560169525E0,8.966354370E-1,-1.822011108E0
6.873801054E1,9.554032288E0,9.056167603E-1,-1.786385193E0
6.875812054E1,9.558373260E0,9.204359436E-1,-1.790875854E0
6.877823054E1,9.568552094E0,9.258247375E-1,-1.815724182E0
6.879834054E1,9.575288086E0,9.343569946E-1,-1.809137878E0
6.881845154E1,9.555379486E0,9.372010803E-1,-1.817520447E0
6.883856154E1,9.567953339E0,9.177415466E-1,-1.823657684E0
6.885867154E1,9.566456451E0,9.198371887E-1,-1.807491302E0
6.887878154E1,9.563462677E0,9.354048157E-1,-1.808688812E0
6.889889154E1,9.558972015E0,9.219328308E-1,-1.817969513E0
6.891900154E1,9.577683105E0,9.322613525E-1,-1.812580719E0
6.893911154E1,9.568701782E0,9.309141541E-1,-1.797761536E0
6.895922154E1,9.577383728E0,9.310638428E-1,-1.801653442E0
6.897933254E1,9.565558319E0,9.246272278E-1,-1.797162781E0
6.899944254E1,9.556726685E0,9.177415466E-1,-1.805994415E0
6.901955254E1,9.558073883E0,9.228309631E-1,-1.790426788E0
6.903966254E1,9.562714233E0,9.168434143E-1,-1.789678345E0
6.905977254E1,9.569749603E0,9.095086670E-1,-1.788331146E0
6.907988254E1,9.573940887E0,9.229806519E-1,-1.777254181E0
6.909999254E1,9.569450226E0,9.187893677E-1,-1.783541107E0
6.912010254E1,9.580826569E0,9.273216248E-1,-1.766626282E0
6.914021354E1,9.576485596E0,9.174421692E-1,-1.765578461E0
6.916032354E1,9.570348358E0,9.141490173E-1,-1.768721924E0
6.918043354E1,9.555678864E0,9.235794067E-1,-1.769620056E0
6.920054354E1,9.572294312E0,9.422904968E-1,-1.744472351E0
6.922065354E1,9.577832794E0,9.223818970E-1,-1.785636749E0
6.924076354E1,9.576036530E0,9.376501465E-1,-1.772015076E0
6.926087354E1,9.563163300E0,9.367520142E-1,-1.765728149E0
6.928098354E1,9.591005402E0,9.397457886E-1,-1.764380951E0
6.930109354E1,9.606722717E0,9.189390564E-1,-1.798210602E0
6.932120454E1,9.595346375E0,9.084608459E-1,-1.812131653E0
6.934131454E1,9.562414856E0,9.072633362E-1,-1.771566010E0
6.936142454E1,9.562414856E0,9.246272278E-1,-1.745669861E0
6.938153454E1,9.582173767E0,9.400451660E-1,-1.731599121E0
6.940164454E1,9.577084351E0,9.461824036E-1,-1.708247681E0
6.942175454E1,9.566755829E0,9.581575012E-1,-1.724264374E0
6.944186454E1,9.561217346E0,9.572593689E-1,-1.746118927E0
6.946197454E1,9.551487579E0,9.455836487E-1,-1.740430756E0
6.948208554E1,9.577234039E0,9.532177734E-1,-1.748813324E0
6.950219554E1,9.573192444E0,9.529183960E-1,-1.723366241E0
6.952230554E1,9.582024078E0,9.448352051E-1,-1.689835968E0
6.954241554E1,9.601184235E0,9.418414307E-1,-1.716630249E0
6.956252554E1,9.597741394E0,9.439370728E-1,-1.735191650E0
6.958263554E1,9.574090576E0,9.436376953E-1,-1.737886047E0
6.960274554E1,9.560768280E0,9.592053223E-1,-1.729653168E0
6.962285554E1,9.579030304E0,9.502239990E-1,-1.737886047E0
6.964296654E1,9.587263184E0,9.530680847E-1,-1.728006592E0
6.966307292E1,9.578132172E0,9.571096802E-1,-1.719025269E0
6.968318292E1,9.566606140E0,9.464817810E-1,-1.726509705E0
6.970329292E1,9.594597931E0,9.394464111E-1,-1.722917175E0
6.972340292E1,9.593849487E0,9.391470337E-1,-1.711989899E0
6.974351292E1,9.589358826E0,9.391470337E-1,-1.712738342E0
6.976362292E1,9.578431549E0,9.325607300E-1,-1.708996124E0
6.978373292E1,9.578431549E0,9.509724426E-1,-1.726509705E0
6.980384392E1,9.569300537E0,9.421408081E-1,-1.713337097E0
6.982395392E1,9.579629059E0,9.578581238E-1,-1.723815308E0
6.984406392E1,9.575737152E0,9.470805359E-1,-1.711241455E0
6.986417392E1,9.583371277E0,9.479786682E-1,-1.716330872E0
6.988428392E1,9.598938904E0,9.372010803E-1,-1.712139587E0
6.990439392E1,9.582323456E0,9.388476562E-1,-1.697170715E0
6.992450392E1,9.575886841E0,9.503736877E-1,-1.713786163E0
6.994461492E1,9.571994934E0,9.458830261E-1,-1.702559509E0
6.996472492E1,9.586514740E0,9.668394470E-1,-1.684596863E0
6.998483492E1,9.580078125E0,9.551637268E-1,-1.731000366E0
7.000494492E1,9.585616608E0,9.641450500E-1,-1.706601105E0
7.002505492E1,9.573491821E0,9.636959839E-1,-1.691033478E0
7.004516492E1,9.591604156E0,9.563612366E-1,-1.708547058E0
7.006527492E1,9.635612640E0,9.322613525E-1,-1.750010834E0
7.008538592E1,9.599837036E0,9.264234924E-1,-1.757495270E0
7.010549592E1,9.569899292E0,9.380992126E-1,-1.713337097E0
7.012560592E1,9.567504272E0,9.553134155E-1,-1.677411804E0
7.014571592E1,9.581724701E0,9.788145447E-1,-1.642085266E0
7.016582592E1,9.590406647E0,9.871971130E-1,-1.629661102E0
7.018593592E1,9.570048981E0,9.777667236E-1,-1.648970947E0
7.020604592E1,9.565558319E0,9.660910034E-1,-1.675914917E0
7.022615692E1,9.570498047E0,9.653425598E-1,-1.675016785E0
7.024626692E1,9.585616608E0,9.704319763E-1,-1.680255890E0
7.026637692E1,9.581874390E0,9.647438049E-1,-1.653311920E0
7.028648692E1,9.594298553E0,9.719288635E-1,-1.648970947E0
7.030659692E1,9.618398438E0,9.686357117E-1,-1.661993866E0
7.032670692E1,9.614356842E0,9.621990967E-1,-1.669927368E0
7.034681792E1,9.573791199E0,9.589059448E-1,-1.683399353E0
7.036692792E1,9.566755829E0,9.671388245E-1,-1.663790131E0
7.038703792E1,9.574539642E0,9.699829102E-1,-1.650318146E0
7.040714792E1,9.589807892E0,9.701325989E-1,-1.636846161E0
7.042725792E1,9.593101044E0,9.854008484E-1,-1.623523865E0
7.044736792E1,9.582323456E0,9.904902649E-1,-1.629810791E0
7.046747792E1,9.585915985E0,9.773176575E-1,-1.612895966E0
7.048758892E1,9.593849487E0,9.768685913E-1,-1.606309662E0
7.050769892E1,9.594298553E0,9.788145447E-1,-1.593286743E0
7.052780892E1,9.587861938E0,9.756710815E-1,-1.590292969E0
7.054791892E1,9.594148865E0,9.602531433E-1,-1.609004059E0
7.056802892E1,9.593400421E0,9.610015869E-1,-1.609153748E0
7.058813892E1,9.599986725E0,9.596543884E-1,-1.617087250E0
7.060824992E1,9.590706024E0,9.749226379E-1,-1.626966705E0
7.062835992E1,9.596094818E0,9.858499146E-1,-1.637444916E0
7.064846992E1,9.595945129E0,9.928852844E-1,-1.641636200E0
7.066857971E1,9.596843262E0,9.599537659E-1,-1.619781647E0
7.068868971E1,9.588610382E0,9.445358276E-1,-1.616039429E0
7.070879971E1,9.573940887E0,9.565109253E-1,-1.629361725E0
7.072891071E1,9.570797424E0,9.740245056E-1,-1.615889740E0
7.074902071E1,9.604926453E0,9.830058289E-1,-1.611848145E0
7.076913071E1,9.586065674E0,9.478289795E-1,-1.646426239E0
7.078924071E1,9.586365051E0,9.599537659E-1,-1.611848145E0
7.080935071E1,9.581874390E0,9.605525208E-1,-1.634002075E0
7.082946071E1,9.618697815E0,9.410929871E-1,-1.672472076E0
7.084957171E1,9.624984741E0,9.101074219E-1,-1.731000366E0
7.086968171E1,9.590406647E0,9.054670715E-1,-1.727108459E0
7.088979171E1,9.574988708E0,9.131011963E-1,-1.670376434E0
7.090990171E1,9.573940887E0,9.569599915E-1,-1.641935577E0
7.093001171E1,9.593550110E0,9.949809265E-1,-1.660496979E0
7.095012171E1,9.593849487E0,9.889933777E-1,-1.670226746E0
7.097023271E1,9.575288086E0,9.547146606E-1,-1.689686279E0
7.099034271E1,9.555379486E0,9.216334534E-1,-1.688488770E0
7.101045271E1,9.559870148E0,9.340576172E-1,-1.690734100E0
7.103056271E1,9.574389954E0,9.424401855E-1,-1.703607330E0
7.105067271E1,9.584419098E0,9.413923645E-1,-1.685345306E0
7.107078271E1,9.604926453E0,9.259744263E-1,-1.693727875E0
7.109089371E1,9.593999176E0,9.207353210E-1,-1.696721649E0
7.111100371E1,9.578880615E0,9.244775391E-1,-1.713786163E0
7.113111371E1,9.581575012E0,9.283694458E-1,-1.724414063E0
7.115122371E1,9.580078125E0,9.283694458E-1,-1.699715424E0
7.117133371E1,9.592053223E0,9.280700684E-1,-1.715582428E0
7.119144371E1,9.581575012E0,9.398954773E-1,-1.724264374E0
7.121155471E1,9.579329681E0,9.156459045E-1,-1.713935852E0
7.123166471E1,9.582473145E0,9.291178894E-1,-1.723216553E0
7.125177471E1,9.587861938E0,9.301657104E-1,-1.742676086E0
7.127188471E1,9.589358826E0,9.273216248E-1,-1.733245697E0
7.129199471E1,9.572743378E0,9.401948547E-1,-1.743424530E0
7.131210571E1,9.566905518E0,9.348060608E-1,-1.752405853E0
7.133221571E1,9.577982483E0,9.318122864E-1,-1.744622040E0
7.135232571E1,9.578730927E0,9.192384338E-1,-1.752854919E0
7.137243571E1,9.577982483E0,9.325607300E-1,-1.770368500E0
7.139254571E1,9.571545868E0,9.265731812E-1,-1.753453674E0
7.141265671E1,9.572444000E0,9.147477722E-1,-1.766626282E0
7.143276671E1,9.580976257E0,9.075627136E-1,-1.742526398E0
7.145287671E1,9.589209137E0,9.144483948E-1,-1.749412079E0
7.147298671E1,9.590107269E0,9.175918579E-1,-1.758393402E0
7.149309671E1,9.569749603E0,9.142987061E-1,-1.766177216E0
7.151320671E1,9.570198669E0,9.217831421E-1,-1.745819550E0
7.153331771E1,9.582173767E0,9.223818970E-1,-1.744023285E0
7.155342771E1,9.583371277E0,8.934919739E-1,-1.779798889E0
7.157353771E1,9.580976257E0,9.081614685E-1,-1.757195892E0
7.159364771E1,9.573042755E0,9.334588623E-1,-1.780547333E0
7.161375771E1,9.596843262E0,9.360035706E-1,-1.788181458E0
7.163386871E1,9.612261200E0,8.975335693E-1,-1.822759552E0
7.165397871E1,9.583820343E0,8.936416626E-1,-1.807191925E0
7.167408879E1,9.558373260E0,8.969348145E-1,-1.759740601E0
7.169419879E1,9.568851471E0,9.120533752E-1,-1.750609589E0
7.171430879E1,9.569749603E0,9.370513916E-1,-1.748663635E0
7.173441979E1,9.551337891E0,9.395960999E-1,-1.750010834E0
7.175452979E1,9.549391937E0,9.301657104E-1,-1.778751068E0
7.177463979E1,9.548493805E0,9.113049316E-1,-1.808838501E0
7.179474979E1,9.552834778E0,9.142987061E-1,-1.817819824E0
7.181485979E1,9.566905518E0,9.089099121E-1,-1.813029785E0
7.183497079E1,9.569450226E0,8.927435303E-1,-1.798659668E0
7.185508079E1,9.576186218E0,8.990304565E-1,-1.794019318E0
7.187519079E1,9.583670654E0,9.054670715E-1,-1.828597412E0
7.189530079E1,9.583520966E0,8.909472656E-1,-1.861229553E0
7.191541079E1,9.563163300E0,8.713380432E-1,-1.857637024E0
7.193552179E1,9.550589447E0,8.602610779E-1,-1.858535156E0
7.195563179E1,9.550290070E0,8.696914673E-1,-1.863325195E0
7.197574179E1,9.571845245E0,8.845106506E-1,-1.891616364E0
7.199585179E1,9.556127930E0,8.990304565E-1,-1.914518738E0
7.201596179E1,9.560768280E0,8.846603394E-1,-1.892963562E0
7.203607279E1,9.572294312E0,8.854087830E-1,-1.841320953E0
7.205618279E1,9.571096802E0,8.863069153E-1,-1.834584961E0
7.207629279E1,9.550589447E0,8.991801453E-1,-1.838776245E0
7.209640279E1,9.560468903E0,9.169931030E-1,-1.825304260E0
7.211651379E1,9.567953339E0,9.183403015E-1,-1.849703522E0
7.213662379E1,9.570348358E0,9.187893677E-1,-1.836830292E0
7.215673379E1,9.562714233E0,9.068142700E-1,-1.847009125E0
7.217684379E1,9.560468903E0,9.181906128E-1,-1.831740875E0
7.219695379E1,9.565258942E0,9.096583557E-1,-1.827848969E0
7.221706479E1,9.567504272E0,9.066645813E-1,-1.832489319E0
7.223717479E1,9.569749603E0,8.663983154E-1,-1.839674377E0
7.225728479E1,9.558223572E0,8.849597168E-1,-1.852846985E0
7.227739479E1,9.548194427E0,9.006770325E-1,-1.810634766E0
7.229750479E1,9.566456451E0,9.135502625E-1,-1.796414337E0
7.231761579E1,9.569899292E0,8.922944641E-1,-1.819466400E0
7.233772579E1,9.569150848E0,9.131011963E-1,-1.783840485E0
7.235783579E1,9.555229797E0,9.243278503E-1,-1.800605621E0
7.237794579E1,9.591304779E0,9.189390564E-1,-1.792372742E0
7.239805679E1,9.601184235E0,8.833131409E-1,-1.842967529E0
7.241816679E1,9.577084351E0,8.845106506E-1,-1.837878113E0
7.243827679E1,9.551637268E0,9.003776550E-1,-1.805994415E0
7.245838679E1,9.563163300E0,9.265731812E-1,-1.784139862E0
7.247849679E1,9.571545868E0,9.431886292E-1,-1.755699005E0
7.249860779E1,9.561666412E0,9.345066833E-1,-1.747915192E0
7.251871779E1,9.544152832E0,9.268725586E-1,-1.769769745E0
7.253882779E1,9.547745361E0,9.315129089E-1,-1.791474609E0
7.255893779E1,9.572593689E0,9.324110413E-1,-1.785636749E0
7.257904879E1,9.570048981E0,9.354048157E-1,-1.765279083E0
7.259915879E1,9.576635284E0,9.249266052E-1,-1.739682312E0
7.261926879E1,9.584868164E0,9.138496399E-1,-1.732497253E0
7.263937879E1,9.577084351E0,9.081614685E-1,-1.759291534E0
7.265948942E1,9.579030304E0,9.111552429E-1,-1.756148071E0
7.267960042E1,9.573791199E0,9.259744263E-1,-1.747915192E0
7.269971042E1,9.574988708E0,9.244775391E-1,-1.758842468E0
7.271982042E1,9.570048981E0,9.256750488E-1,-1.745819550E0
7.273993042E1,9.577383728E0,9.298663330E-1,-1.738634491E0
7.276004142E1,9.580227814E0,9.208850098E-1,-1.737137604E0
7.278015142E1,9.579030304E0,9.220825195E-1,-1.749711456E0
7.280026142E1,9.582772522E0,9.357041931E-1,-1.729204102E0
7.282037142E1,9.582772522E0,9.357041931E-1,-1.726360016E0
7.284048142E1,9.583221588E0,9.340576172E-1,-1.733395386E0
7.286059242E1,9.585766296E0,9.273216248E-1,-1.746418304E0
7.288070242E1,9.565408630E0,9.349557495E-1,-1.742077332E0
7.290081242E1,9.568701782E0,9.231303406E-1,-1.749561768E0
7.292092242E1,9.581425323E0,9.220825195E-1,-1.730700989E0
7.294103342E1,9.583520966E0,9.271719360E-1,-1.729353790E0
7.296114342E1,9.571545868E0,9.440867615E-1,-1.723515930E0
7.298125342E1,9.593550110E0,9.211843872E-1,-1.713187408E0
7.300136342E1,9.593250732E0,9.093589783E-1,-1.720821533E0
7.302147342E1,9.571545868E0,9.142987061E-1,-1.721420288E0
7.304158442E1,9.568402405E0,9.301657104E-1,-1.709894257E0
7.306169442E1,9.584419098E0,9.485774231E-1,-1.700912933E0
7.308180442E1,9.576934662E0,9.300160217E-1,-1.728605347E0
7.310191442E1,9.573641510E0,9.372010803E-1,-1.714235229E0
7.312202542E1,9.581275635E0,9.521699524E-1,-1.705553284E0
7.314213542E1,9.597591705E0,9.470805359E-1,-1.730401611E0
7.316224542E1,9.628427582E0,9.375004578E-1,-1.760339355E0
7.318235542E1,9.587263184E0,9.201365662E-1,-1.768871613E0
7.320246542E1,9.552984467E0,9.252259827E-1,-1.734443207E0
7.322257642E1,9.559720459E0,9.352551270E-1,-1.701362000E0
7.324268642E1,9.581874390E0,9.590556335E-1,-1.659748535E0
7.326279642E1,9.592202911E0,9.753717041E-1,-1.661095734E0
7.328290642E1,9.571096802E0,9.581575012E-1,-1.670376434E0
7.330301742E1,9.562115479E0,9.621990967E-1,-1.696272583E0
7.332312742E1,9.573791199E0,9.559121704E-1,-1.708996124E0
7.334323742E1,9.580676880E0,9.635462952E-1,-1.689237213E0
7.336334742E1,9.582922211E0,9.511221313E-1,-1.650767212E0
7.338345842E1,9.580227814E0,9.376501465E-1,-1.658101959E0
7.340356842E1,9.593999176E0,9.400451660E-1,-1.672621765E0
7.342367842E1,9.599986725E0,9.452842712E-1,-1.674567719E0
7.344378842E1,9.593101044E0,9.539662170E-1,-1.665736084E0
7.346389842E1,9.583670654E0,9.488768005E-1,-1.671573944E0
7.348400942E1,9.598340149E0,9.512718201E-1,-1.661095734E0
7.350411942E1,9.587712250E0,9.497749329E-1,-1.663041687E0
7.352422942E1,9.590107269E0,9.518705750E-1,-1.672771454E0
7.354433942E1,9.586065674E0,9.553134155E-1,-1.667382660E0
7.356445042E1,9.599537659E0,9.346563721E-1,-1.665436707E0
7.358456042E1,9.596693573E0,9.473799133E-1,-1.644779663E0
7.360467042E1,9.590706024E0,9.580078125E-1,-1.637444916E0
7.362478042E1,9.594597931E0,9.565109253E-1,-1.650168457E0
7.364489142E1,9.584419098E0,9.494755554E-1,-1.631906433E0
7.366500079E1,9.581575012E0,9.415420532E-1,-1.652264099E0
7.368511079E1,9.589358826E0,9.695338440E-1,-1.637594604E0
7.370522079E1,9.598489838E0,9.545649719E-1,-1.640139313E0
7.372533079E1,9.583670654E0,9.469308472E-1,-1.636696472E0
7.374544179E1,9.597891083E0,9.464817810E-1,-1.638043671E0
7.376555179E1,9.594897308E0,9.542655945E-1,-1.635498962E0
7.378566179E1,9.602830811E0,9.656419373E-1,-1.631307678E0
7.380577179E1,9.597591705E0,9.687854004E-1,-1.632355499E0
7.382588279E1,9.589658203E0,9.687854004E-1,-1.625619507E0
7.384599279E1,9.590706024E0,9.613009644E-1,-1.610500946E0
7.386610279E1,9.599387970E0,9.557624817E-1,-1.624571686E0
7.388621279E1,9.592651978E0,9.514215088E-1,-1.636995850E0
7.390632379E1,9.586215363E0,9.616003418E-1,-1.619781647E0
7.392643379E1,9.596094818E0,9.530680847E-1,-1.639690247E0
7.394654379E1,9.646390228E0,9.542655945E-1,-1.671274567E0
7.396665379E1,9.623936920E0,9.168434143E-1,-1.719923401E0
7.398676379E1,9.577982483E0,9.434880066E-1,-1.700613556E0
7.400687479E1,9.552535400E0,9.556127930E-1,-1.641636200E0
7.402698479E1,9.573342133E0,9.653425598E-1,-1.583706665E0
7.404709479E1,9.603878632E0,1.004710693E0,-1.552421722E0
7.406720479E1,9.592801666E0,1.011446686E0,-1.544488220E0
7.408731579E1,9.592202911E0,1.007405090E0,-1.564247131E0
7.410742579E1,9.589358826E0,9.978250122E-1,-1.581910400E0
7.412753579E1,9.580227814E0,9.969268799E-1,-1.579665070E0
7.414764579E1,9.577533417E0,9.937834167E-1,-1.558259583E0
7.416775579E1,9.588909760E0,9.915380859E-1,-1.551373901E0
7.418786679E1,9.614356842E0,9.723779297E-1,-1.552421722E0
7.420797679E1,9.618099060E0,9.864486694E-1,-1.559157715E0
7.422808679E1,9.597442017E0,9.819580078E-1,-1.573976898E0
7.424819679E1,9.604926453E0,9.644444275E-1,-1.590592346E0
7.426830779E1,9.597142639E0,9.621990967E-1,-1.579814758E0
7.428841779E1,9.607321472E0,9.756710815E-1,-1.567689972E0
7.430852779E1,9.605824585E0,9.809101868E-1,-1.558858337E0
7.432863779E1,9.602232056E0,9.901908875E-1,-1.558259583E0
7.434874779E1,9.593849487E0,9.744735718E-1,-1.572629700E0
7.436885879E1,9.604178009E0,9.840536499E-1,-1.554517365E0
7.438896879E1,9.611213379E0,9.758207703E-1,-1.548080750E0
7.440907879E1,9.615105286E0,9.836045837E-1,-1.544937286E0
7.442918879E1,9.605375519E0,9.903405762E-1,-1.553619232E0
7.444929979E1,9.598489838E0,9.770182800E-1,-1.541344757E0
7.446940979E1,9.591155090E0,9.749226379E-1,-1.566791840E0
7.448951979E1,9.601333923E0,9.656419373E-1,-1.569186859E0
7.450962979E1,9.600136414E0,9.695338440E-1,-1.590442657E0
7.452973979E1,9.598190460E0,9.632469177E-1,-1.580114136E0
7.454985079E1,9.599986725E0,9.494755554E-1,-1.576820984E0
7.456996079E1,9.606872406E0,9.674382019E-1,-1.574575653E0
7.459007079E1,9.612111511E0,9.671388245E-1,-1.578916626E0
7.461018079E1,9.618997192E0,9.598040771E-1,-1.598825226E0
7.463029179E1,9.617350616E0,9.592053223E-1,-1.598675537E0
7.465040179E1,9.606123962E0,9.559121704E-1,-1.587598572E0
7.467051267E1,9.578431549E0,9.813592529E-1,-1.564995575E0
7.469062267E1,9.591005402E0,9.892927551E-1,-1.556762695E0
7.471073267E1,9.604627075E0,9.789642334E-1,-1.566941528E0
7.473084367E1,9.595196686E0,9.686357117E-1,-1.585203552E0
7.475095367E1,9.596843262E0,9.657916260E-1,-1.554667053E0
7.477106367E1,9.603130188E0,9.839039612E-1,-1.568288727E0
7.479117367E1,9.648635559E0,9.623487854E-1,-1.642983398E0
7.481128467E1,9.610165558E0,9.249266052E-1,-1.680255890E0
7.483139467E1,9.587712250E0,9.336085510E-1,-1.651665344E0
7.485150467E1,9.577234039E0,9.428892517E-1,-1.606309662E0
7.487161467E1,9.581724701E0,9.765692139E-1,-1.596579895E0
7.489172467E1,9.606722717E0,9.931846619E-1,-1.594484253E0
7.491183567E1,9.599837036E0,9.900411987E-1,-1.591640167E0
7.493194567E1,9.576934662E0,9.734257507E-1,-1.598525848E0
7.495205567E1,9.570498047E0,9.707313538E-1,-1.614243164E0
7.497216567E1,9.566456451E0,9.734257507E-1,-1.598076782E0
7.499227667E1,9.580976257E0,9.708810425E-1,-1.592089233E0
7.501238667E1,9.605974274E0,9.705816650E-1,-1.587598572E0
7.503249667E1,9.616153107E0,9.608518982E-1,-1.598376160E0
7.505260667E1,9.610165558E0,9.348060608E-1,-1.615440674E0
7.507271767E1,9.596992950E0,9.377998352E-1,-1.625469818E0
7.509282767E1,9.591304779E0,9.316625977E-1,-1.629062347E0
7.511293767E1,9.606123962E0,9.279203796E-1,-1.624122620E0
7.513304767E1,9.606722717E0,9.448352051E-1,-1.635199585E0
7.515315767E1,9.602082367E0,9.457333374E-1,-1.630409546E0
7.517326867E1,9.581125946E0,9.376501465E-1,-1.634151764E0
7.519337867E1,9.597591705E0,9.583071899E-1,-1.632505188E0
7.521348867E1,9.602232056E0,9.604028320E-1,-1.629960480E0
7.523359867E1,9.590855713E0,9.523196411E-1,-1.630110168E0
7.525370967E1,9.594597931E0,9.442364502E-1,-1.636546783E0
7.527381967E1,9.600136414E0,9.502239990E-1,-1.643282776E0
7.529392967E1,9.591304779E0,9.574090576E-1,-1.647174683E0
7.531403967E1,9.587861938E0,9.562115479E-1,-1.633702698E0
7.533415067E1,9.588311005E0,9.536668396E-1,-1.641336823E0
7.535426067E1,9.596843262E0,9.482780457E-1,-1.660197601E0
7.537437067E1,9.611512756E0,9.505233765E-1,-1.652264099E0
7.539448067E1,9.593250732E0,9.382489014E-1,-1.669029236E0
7.541459067E1,9.587412872E0,9.279203796E-1,-1.659149780E0
7.543470167E1,9.580078125E0,9.300160217E-1,-1.632505188E0
7.545481167E1,9.585167542E0,9.315129089E-1,-1.646725616E0
7.547492167E1,9.588909760E0,9.372010803E-1,-1.659149780E0
7.549503167E1,9.592801666E0,9.354048157E-1,-1.666634216E0
7.551514267E1,9.585616608E0,9.364526367E-1,-1.665586395E0
7.553525267E1,9.584119720E0,9.470805359E-1,-1.654060364E0
7.555536267E1,9.597591705E0,9.455836487E-1,-1.633253632E0
7.557547267E1,9.604327698E0,9.324110413E-1,-1.676813049E0
7.559558367E1,9.590706024E0,9.195378113E-1,-1.682650909E0
7.561569367E1,9.573940887E0,9.434880066E-1,-1.666334839E0
7.563580367E1,9.582473145E0,9.590556335E-1,-1.676214294E0
7.565591367E1,9.621541901E0,9.375004578E-1,-1.713486786E0
7.567602342E1,9.594747620E0,9.148974609E-1,-1.734293518E0
7.569613342E1,9.585167542E0,9.056167603E-1,-1.698517914E0
7.571624342E1,9.567953339E0,9.229806519E-1,-1.685794373E0
7.573635342E1,9.597741394E0,9.407936096E-1,-1.671424255E0
7.575646342E1,9.593250732E0,9.551637268E-1,-1.667831726E0
7.577657442E1,9.566606140E0,9.550140381E-1,-1.691033478E0
7.579668442E1,9.553433533E0,9.391470337E-1,-1.720971222E0
7.581679442E1,9.564660187E0,9.195378113E-1,-1.753154297E0
7.583690442E1,9.584868164E0,9.110055542E-1,-1.734293518E0
7.585701542E1,9.585766296E0,9.145980835E-1,-1.724414063E0
7.587712542E1,9.583221588E0,9.014254761E-1,-1.697619781E0
7.589723542E1,9.591454468E0,9.177415466E-1,-1.710493011E0
7.591734542E1,9.586963806E0,9.192384338E-1,-1.717827759E0
7.593745642E1,9.574689331E0,9.283694458E-1,-1.705253906E0
7.595756642E1,9.582473145E0,9.334588623E-1,-1.714085541E0
7.597767642E1,9.596843262E0,9.425898743E-1,-1.700164490E0
7.599778642E1,9.588311005E0,9.616003418E-1,-1.680704956E0
7.601789742E1,9.583071899E0,9.439370728E-1,-1.674567719E0
7.603800742E1,9.588610382E0,9.261241150E-1,-1.684896240E0
7.605811742E1,9.586514740E0,9.363029480E-1,-1.686692505E0
7.607822742E1,9.583371277E0,9.430389404E-1,-1.684147797E0
7.609833742E1,9.583820343E0,9.478289795E-1,-1.699116669E0
7.611844842E1,9.576335907E0,9.342073059E-1,-1.710493011E0
7.613855842E1,9.581425323E0,9.351054382E-1,-1.686991882E0
7.615866842E1,9.586514740E0,9.247769165E-1,-1.687590637E0
7.617877842E1,9.591005402E0,9.388476562E-1,-1.682950287E0
7.619888942E1,9.580676880E0,9.410929871E-1,-1.677561493E0
7.621899942E1,9.584718475E0,9.312135315E-1,-1.672921143E0
7.623910942E1,9.582922211E0,9.397457886E-1,-1.659598846E0
7.625921942E1,9.594597931E0,9.379495239E-1,-1.649270325E0
7.627932942E1,9.596992950E0,9.443861389E-1,-1.660496979E0
7.629944042E1,9.588909760E0,9.331594849E-1,-1.669478302E0
7.631955042E1,9.593699799E0,9.349557495E-1,-1.673070831E0
7.633966042E1,9.582622833E0,9.506730652E-1,-1.650318146E0
7.635977042E1,9.587263184E0,9.502239990E-1,-1.639839935E0
7.637988142E1,9.591903534E0,9.307644653E-1,-1.675316162E0
7.639999142E1,9.608668671E0,9.428892517E-1,-1.627864838E0
7.642010142E1,9.585167542E0,9.520202637E-1,-1.641486511E0
7.644021142E1,9.589957581E0,9.641450500E-1,-1.654958496E0
7.646032142E1,9.616901550E0,9.511221313E-1,-1.692380676E0
7.648043242E1,9.603429565E0,9.375004578E-1,-1.705104218E0
7.650054242E1,9.584119720E0,9.298663330E-1,-1.665736084E0
7.652065242E1,9.581275635E0,9.455836487E-1,-1.633553009E0
7.654076242E1,9.599387970E0,9.720785522E-1,-1.608405304E0
7.656087342E1,9.603728943E0,9.660910034E-1,-1.614243164E0
7.658098342E1,9.580826569E0,9.725276184E-1,-1.615590363E0
7.660109342E1,9.554181976E0,9.672885132E-1,-1.644031219E0
7.662120342E1,9.570348358E0,9.689350891E-1,-1.635948029E0
7.664131342E1,9.593550110E0,9.746232605E-1,-1.625619507E0
7.666142446E1,9.599238281E0,9.571096802E-1,-1.590592346E0
7.668153446E1,9.601782990E0,9.535171509E-1,-1.601968689E0
7.670164446E1,9.598639526E0,9.575587463E-1,-1.611399078E0
7.672175446E1,9.602830811E0,9.333091736E-1,-1.622925110E0
7.674186446E1,9.594448242E0,9.509724426E-1,-1.617536316E0
7.676197546E1,9.607770538E0,9.671388245E-1,-1.625320129E0
7.678208546E1,9.592202911E0,9.626481628E-1,-1.620081024E0
7.680219546E1,9.597741394E0,9.647438049E-1,-1.602417755E0
7.682230546E1,9.590256958E0,9.726773071E-1,-1.607357483E0
7.684241546E1,9.601483612E0,9.710307312E-1,-1.618584137E0
7.686252646E1,9.591753845E0,9.696835327E-1,-1.594484253E0
7.688263646E1,9.596094818E0,9.698332214E-1,-1.588197327E0
7.690274646E1,9.601034546E0,9.780661011E-1,-1.586550751E0
7.692285646E1,9.595645752E0,9.800120544E-1,-1.589993591E0
7.694296646E1,9.593101044E0,9.750723267E-1,-1.603914642E0
7.696307746E1,9.593999176E0,9.651928711E-1,-1.619631958E0
7.698318746E1,9.591005402E0,9.533674622E-1,-1.596430206E0
7.700329746E1,9.598489838E0,9.601034546E-1,-1.590292969E0
7.702340746E1,9.592502289E0,9.616003418E-1,-1.580413513E0
7.704351746E1,9.592053223E0,9.618997192E-1,-1.575473785E0
7.706362846E1,9.586963806E0,9.642947388E-1,-1.570683746E0
7.708373846E1,9.606273651E0,9.657916260E-1,-1.577868805E0
7.710384846E1,9.615254974E0,9.598040771E-1,-1.566193085E0
7.712395846E1,9.599537659E0,9.713301086E-1,-1.579515381E0
7.714406846E1,9.593400421E0,9.648934937E-1,-1.571881256E0
7.716417946E1,9.591005402E0,9.785151672E-1,-1.550625458E0
7.718428946E1,9.607022095E0,9.836045837E-1,-1.556313629E0
7.720439946E1,9.602681122E0,9.752220154E-1,-1.576820984E0
7.722450946E1,9.600136414E0,9.704319763E-1,-1.556313629E0
7.724461946E1,9.610015869E0,9.639953613E-1,-1.566342773E0
7.726473046E1,9.625733185E0,9.758207703E-1,-1.590143280E0
7.728484046E1,9.624984741E0,9.500743103E-1,-1.641037445E0
7.730495046E1,9.589209137E0,9.479786682E-1,-1.616488495E0
7.732506046E1,9.583371277E0,9.723779297E-1,-1.566342773E0
7.734517046E1,9.587712250E0,9.910890198E-1,-1.531315613E0
7.736528146E1,9.609267426E0,1.010997620E0,-1.510059814E0
7.738539146E1,9.610165558E0,1.000220032E0,-1.511856079E0
7.740550146E1,9.598938904E0,9.861492920E-1,-1.550026703E0
7.742561146E1,9.581425323E0,9.756710815E-1,-1.584305420E0
7.744572146E1,9.593400421E0,9.868977356E-1,-1.568887482E0
7.746583146E1,9.585466919E0,9.931846619E-1,-1.561852112E0
7.748594246E1,9.593550110E0,9.915380859E-1,-1.525477753E0
7.750605246E1,9.616751862E0,9.621990967E-1,-1.527723083E0
7.752616246E1,9.625583496E0,9.969268799E-1,-1.538949738E0
7.754627246E1,9.602381744E0,9.877958679E-1,-1.531614990E0
7.756638246E1,9.601483612E0,9.904902649E-1,-1.542841644E0
7.758649346E1,9.609267426E0,9.689350891E-1,-1.542542267E0
7.760660346E1,9.617949371E0,9.834548950E-1,-1.540596313E0
7.762671346E1,9.602830811E0,1.001567230E0,-1.531614990E0
7.764682346E1,9.596244507E0,9.922865295E-1,-1.530567169E0
7.766693383E1,9.608968048E0,9.966275024E-1,-1.537752228E0
7.768704383E1,9.612410889E0,9.833052063E-1,-1.530716858E0
7.770715483E1,9.597292328E0,9.996212769E-1,-1.516496429E0
7.772726483E1,9.608219604E0,9.993218994E-1,-1.506766663E0
7.774737483E1,9.609866180E0,9.916877747E-1,-1.512903900E0
7.776748483E1,9.601633301E0,9.798623657E-1,-1.512155457E0
7.778759483E1,9.603878632E0,1.002165985E0,-1.524579620E0
7.780770483E1,9.608219604E0,9.794132996E-1,-1.519041138E0
7.782781583E1,9.605225830E0,9.951306152E-1,-1.514400787E0
7.784792583E1,9.615404663E0,9.819580078E-1,-1.516346741E0
7.786803583E1,9.609267426E0,9.816586304E-1,-1.490001526E0
7.788814583E1,9.602232056E0,9.985734558E-1,-1.481768646E0
7.790825583E1,9.616003418E0,1.000519409E0,-1.490749969E0
7.792836583E1,9.631271667E0,9.867480469E-1,-1.513352966E0
7.794847683E1,9.593400421E0,9.961784363E-1,-1.506018219E0
7.796858683E1,9.614506531E0,9.924362183E-1,-1.513951721E0
7.798869683E1,9.617649994E0,9.937834167E-1,-1.517095184E0
7.800880683E1,9.610614624E0,9.861492920E-1,-1.506616974E0
7.802891683E1,9.601483612E0,9.945318604E-1,-1.516945496E0
7.804902683E1,9.584718475E0,1.006956024E0,-1.519789581E0
7.806913783E1,9.601782990E0,1.006057892E0,-1.492097168E0
7.808924783E1,9.627379761E0,9.885443115E-1,-1.506018219E0
7.810935783E1,9.625583496E0,9.744735718E-1,-1.537901917E0
7.812946783E1,9.612261200E0,9.851014709E-1,-1.517394562E0
7.814957783E1,9.607321472E0,9.906399536E-1,-1.534159698E0
7.816968783E1,9.651180267E0,9.755213928E-1,-1.602866821E0
7.818979883E1,9.623936920E0,9.478289795E-1,-1.624871063E0
7.820990883E1,9.589658203E0,9.506730652E-1,-1.578317871E0
7.823001883E1,9.572144623E0,9.665400696E-1,-1.517244873E0
7.825012883E1,9.606722717E0,9.988728333E-1,-1.493893433E0
7.827023883E1,9.615254974E0,1.023571472E0,-1.496887207E0
7.829034883E1,9.597741394E0,1.013542328E0,-1.512903900E0
7.831045883E1,9.577383728E0,9.833052063E-1,-1.550176392E0
7.833056983E1,9.582323456E0,9.683363342E-1,-1.550026703E0
7.835067983E1,9.591155090E0,9.852511597E-1,-1.551822968E0
7.837078983E1,9.598190460E0,9.982740784E-1,-1.533261566E0
7.839089983E1,9.595196686E0,1.000369720E0,-1.519490204E0
7.841100983E1,9.612859955E0,9.846524048E-1,-1.549577637E0
7.843111983E1,9.616901550E0,9.672885132E-1,-1.569037170E0
7.845122983E1,9.611662445E0,9.675878906E-1,-1.587299194E0
7.847134083E1,9.608518982E0,9.710307312E-1,-1.591939545E0
7.849145083E1,9.612410889E0,9.635462952E-1,-1.581012268E0
7.851156083E1,9.624385986E0,9.532177734E-1,-1.579964447E0
7.853167083E1,9.612560577E0,9.604028320E-1,-1.606609039E0
7.855178083E1,9.593400421E0,9.654922485E-1,-1.588496704E0
7.857189083E1,9.582772522E0,9.830058289E-1,-1.586101685E0
7.859200183E1,9.602082367E0,9.753717041E-1,-1.562001801E0
7.861211183E1,9.599088593E0,9.909393311E-1,-1.572779388E0
7.863222183E1,9.595795441E0,9.852511597E-1,-1.563498688E0
7.865233183E1,9.605824585E0,9.749226379E-1,-1.581760712E0
7.867244229E1,9.602082367E0,9.651928711E-1,-1.569635925E0
7.869255229E1,9.594597931E0,9.668394470E-1,-1.570833435E0
7.871266229E1,9.596094818E0,9.714797974E-1,-1.562301178E0
7.873277229E1,9.597741394E0,9.574090576E-1,-1.565744019E0
7.875288329E1,9.604028320E0,9.645941162E-1,-1.560804291E0
7.877299329E1,9.605674896E0,9.610015869E-1,-1.554667053E0
7.879310329E1,9.601483612E0,9.645941162E-1,-1.553170166E0
7.881321329E1,9.599387970E0,9.665400696E-1,-1.553170166E0
7.883332329E1,9.607471161E0,9.451345825E-1,-1.570234680E0
7.885343329E1,9.595346375E0,9.604028320E-1,-1.565294952E0
7.887354329E1,9.599537659E0,9.621990967E-1,-1.579216003E0
7.889365429E1,9.600136414E0,9.641450500E-1,-1.586401062E0
7.891376429E1,9.601333923E0,9.521699524E-1,-1.608854370E0
7.893387429E1,9.595346375E0,9.580078125E-1,-1.591939545E0
7.895398429E1,9.609866180E0,9.617500305E-1,-1.592687988E0
7.897409429E1,9.605225830E0,9.735754395E-1,-1.601070557E0
7.899420429E1,9.585167542E0,9.750723267E-1,-1.622326355E0
7.901431429E1,9.596394196E0,9.632469177E-1,-1.598825226E0
7.903442529E1,9.606273651E0,9.575587463E-1,-1.610051880E0
7.905453529E1,9.606423340E0,9.395960999E-1,-1.624122620E0
7.907464529E1,9.590855713E0,9.401948547E-1,-1.592238922E0
7.909475529E1,9.574240265E0,9.702822876E-1,-1.594933319E0
7.911486529E1,9.599387970E0,9.786648560E-1,-1.619033203E0
7.913497529E1,9.630672913E0,9.499246216E-1,-1.657802582E0
7.915508529E1,9.599986725E0,9.240284729E-1,-1.660496979E0
7.917519529E1,9.579778748E0,9.377998352E-1,-1.628912659E0
7.919530629E1,9.581275635E0,9.445358276E-1,-1.624871063E0
7.921541629E1,9.607920227E0,9.653425598E-1,-1.618584137E0
7.923552629E1,9.591753845E0,9.737251282E-1,-1.616638184E0
7.925563629E1,9.576186218E0,9.720785522E-1,-1.649120636E0
7.927574629E1,9.564510498E0,9.560618591E-1,-1.683998108E0
7.929585629E1,9.576186218E0,9.493258667E-1,-1.695224762E0
7.931596629E1,9.582622833E0,9.427395630E-1,-1.694626007E0
7.933607629E1,9.591753845E0,9.379495239E-1,-1.685644684E0
7.935618629E1,9.592801666E0,9.342073059E-1,-1.685494995E0
7.937629729E1,9.590556335E0,9.380992126E-1,-1.691931610E0
7.939640729E1,9.582024078E0,9.448352051E-1,-1.712289276E0
7.941651729E1,9.566007385E0,9.434880066E-1,-1.722617798E0
7.943662729E1,9.573641510E0,9.466314697E-1,-1.719474335E0
7.945673729E1,9.580676880E0,9.481283569E-1,-1.701212311E0
7.947684729E1,9.578431549E0,9.476792908E-1,-1.684147797E0
7.949695729E1,9.578880615E0,9.375004578E-1,-1.681154022E0
7.951706829E1,9.584269409E0,9.343569946E-1,-1.684147797E0
7.953717829E1,9.598040771E0,9.470805359E-1,-1.698218536E0
7.955728829E1,9.588161316E0,9.509724426E-1,-1.701960754E0
7.957739829E1,9.575288086E0,9.601034546E-1,-1.696571960E0
7.959750829E1,9.574988708E0,9.527687073E-1,-1.691632233E0
7.961761829E1,9.571845245E0,9.611512756E-1,-1.676214294E0
7.963772829E1,9.588311005E0,9.542655945E-1,-1.673968964E0
7.965783829E1,9.588161316E0,9.598040771E-1,-1.692230988E0
7.967794821E1,9.603279877E0,9.584568787E-1,-1.707050171E0
7.969805921E1,9.591155090E0,9.623487854E-1,-1.707948303E0
7.971816921E1,9.583520966E0,9.621990967E-1,-1.694027252E0
7.973827921E1,9.575886841E0,9.735754395E-1,-1.679507446E0
7.975838921E1,9.573192444E0,9.711804199E-1,-1.664239197E0
7.977849921E1,9.591005402E0,9.659413147E-1,-1.684447174E0
7.979860921E1,9.595046997E0,9.716294861E-1,-1.688788147E0
7.981871921E1,9.586065674E0,9.848020935E-1,-1.692680054E0
7.983882921E1,9.566606140E0,9.894424438E-1,-1.674567719E0
7.985894021E1,9.579030304E0,9.705816650E-1,-1.644480286E0
7.987905021E1,9.591753845E0,9.237290955E-1,-1.670825500E0
7.989916021E1,9.582772522E0,9.360035706E-1,-1.658101959E0
7.991927021E1,9.594747620E0,9.337582397E-1,-1.669178925E0
7.993938021E1,9.628427582E0,9.485774231E-1,-1.665885773E0
7.995949021E1,9.637708282E0,9.345066833E-1,-1.708846436E0
7.997960021E1,9.591604156E0,9.319619751E-1,-1.699565735E0
7.999971121E1,9.543254700E0,9.379495239E-1,-1.660946045E0
8.001982121E1,9.531878357E0,9.816586304E-1,-1.628014526E0
8.003993121E1,9.585466919E0,1.028810577E0,-1.622026978E0
8.006004121E1,9.580826569E0,1.030606842E0,-1.628613281E0
8.008015121E1,9.563013611E0,1.023870850E0,-1.646276550E0
8.010026121E1,9.556427307E0,1.001118164E0,-1.675914917E0
8.012037121E1,9.591304779E0,9.988728333E-1,-1.642384644E0
8.014048121E1,9.608219604E0,9.892927551E-1,-1.645378418E0
8.016059221E1,9.634115753E0,9.494755554E-1,-1.648821259E0
8.018070221E1,9.636211395E0,9.277706909E-1,-1.682501221E0
8.020081221E1,9.591005402E0,9.174421692E-1,-1.696272583E0
8.022092221E1,9.563612366E0,9.110055542E-1,-1.694176941E0
8.024103221E1,9.535620575E0,9.099577332E-1,-1.674717407E0
8.026114221E1,9.551337891E0,9.611512756E-1,-1.651665344E0
8.028125221E1,9.584269409E0,9.865983582E-1,-1.628762970E0
8.030136321E1,9.613159332E0,9.997709656E-1,-1.601220245E0
8.032147321E1,9.618099060E0,9.907896423E-1,-1.609153748E0
8.034158321E1,9.617350616E0,9.617500305E-1,-1.630409546E0
8.036169321E1,9.589508514E0,9.699829102E-1,-1.623972931E0
8.038180321E1,9.573940887E0,9.687854004E-1,-1.628014526E0
8.040191321E1,9.575437775E0,9.602531433E-1,-1.666035461E0
8.042202321E1,9.582024078E0,9.559121704E-1,-1.667981415E0
8.044213421E1,9.594747620E0,9.530680847E-1,-1.670376434E0
8.046224421E1,9.596843262E0,9.589059448E-1,-1.665586395E0
8.048235421E1,9.585616608E0,9.572593689E-1,-1.660646667E0
8.050246421E1,9.581275635E0,9.761201477E-1,-1.628313904E0
8.052257421E1,9.591604156E0,9.690847778E-1,-1.622625732E0
8.054268421E1,9.597591705E0,9.665400696E-1,-1.606309662E0
8.056279421E1,9.602830811E0,9.735754395E-1,-1.616638184E0
8.058290521E1,9.600884857E0,9.653425598E-1,-1.641037445E0
8.060301521E1,9.589807892E0,9.810598755E-1,-1.644180908E0
8.062312521E1,9.593550110E0,9.824070740E-1,-1.639390869E0
8.064323521E1,9.588311005E0,9.702822876E-1,-1.666484528E0
8.066334521E1,9.588760071E0,9.660910034E-1,-1.668580170E0
8.068345496E1,9.577234039E0,9.827064514E-1,-1.638343048E0
8.070356496E1,9.592951355E0,1.005758514E0,-1.639091492E0
8.072367596E1,9.637259216E0,9.904902649E-1,-1.667682037E0
8.074378596E1,9.609117737E0,9.788145447E-1,-1.679507446E0
8.076389596E1,9.584419098E0,9.499246216E-1,-1.648222504E0
8.078400596E1,9.571246490E0,9.686357117E-1,-1.619631958E0
8.080411596E1,9.592951355E0,9.957293701E-1,-1.602417755E0
8.082422596E1,9.598190460E0,1.002315674E0,-1.587299194E0
8.084433696E1,9.579329681E0,1.011746063E0,-1.599723358E0
8.086444696E1,9.574539642E0,9.979747009E-1,-1.619332581E0
8.088455696E1,9.575138397E0,9.774673462E-1,-1.647324371E0
8.090466696E1,9.599986725E0,9.783654785E-1,-1.622775421E0
8.092477696E1,9.607770538E0,9.747729492E-1,-1.607956238E0
8.094488696E1,9.622739410E0,9.650431824E-1,-1.605710907E0
8.096499696E1,9.614656219E0,9.577084351E-1,-1.621128845E0
8.098510796E1,9.581125946E0,9.877958679E-1,-1.621428223E0
8.100521796E1,9.572743378E0,9.812095642E-1,-1.596579895E0
8.102532796E1,9.566905518E0,1.010548553E0,-1.591191101E0
8.104543796E1,9.607022095E0,1.020727386E0,-1.548679504E0
8.106554796E1,9.577982483E0,1.030606842E0,-1.550176392E0
8.108565796E1,9.608968048E0,9.984237671E-1,-1.583107910E0
8.110576896E1,9.719138947E0,9.738748169E-1,-1.760189667E0
8.112587896E1,9.678124237E0,9.996212769E-1,-1.902094574E0
8.114598896E1,9.755812683E0,9.885443115E-1,-1.708097992E0
8.116609896E1,9.311087494E0,9.358538818E-1,-1.701062622E0
8.118620896E1,9.087602234E0,8.324189758E-1,-1.811682587E0
8.120631896E1,8.763376465E0,9.113049316E-1,-1.851350098E0
8.122642996E1,9.248068542E0,8.023315430E-1,-1.700314178E0
8.124653996E1,9.624236298E0,7.821235657E-1,-1.619781647E0
8.126664996E1,9.850865021E0,8.535250854E-1,-1.604962463E0
8.128675996E1,9.715396729E0,9.202862549E-1,-1.460812225E0
8.130686996E1,9.584119720E0,9.412426758E-1,-1.330283661E0
8.132698096E1,9.566456451E0,8.828640747E-1,-1.235830078E0
8.134709096E1,9.598489838E0,7.893086243E-1,-1.141675873E0
8.136720096E1,9.620643768E0,7.138655090E-1,-1.198108521E0
8.138731096E1,9.701325989E0,6.436614990E-1,-1.343007202E0
8.140742096E1,9.777667236E0,5.427713013E-1,-1.359922028E0
8.142753096E1,9.748328247E0,4.848417664E-1,-1.409169617E0
8.144764196E1,9.617649994E0,5.619314575E-1,-1.529369659E0
8.146775196E1,9.537117462E0,6.704557800E-1,-1.641785889E0
8.148786196E1,9.629625092E0,7.367678833E-1,-1.690135345E0
8.150797196E1,9.517059174E0,6.828799438E-1,-1.786834259E0
8.152808196E1,9.560618591E0,4.766088867E-1,-1.972597961E0
8.154819296E1,9.539662170E0,1.851649475E-1,-2.074985046E0
8.156830296E1,9.369316406E0,7.409591675E-2,-2.196232910E0
8.158841296E1,9.349108429E0,1.160087585E-1,-2.241588593E0
8.160852296E1,9.325457611E0,1.327738953E-1,-2.209555206E0
8.162863296E1,9.493408356E0,2.668949890E-1,-2.158062286E0
8.164874296E1,9.474547577E0,3.535647583E-1,-2.228865051E0
8.166885754E1,9.334888000E0,3.028202820E-1,-2.516866150E0
8.168896754E1,9.150621185E0,1.276844788E-1,-2.916984100E0
8.170907754E1,9.047934723E0,-2.639012146E-1,-3.147504730E0
8.172918754E1,8.928782501E0,-7.216493225E-1,-3.356320496E0
8.174929854E1,8.993897095E0,-9.467811584E-1,-3.776646423E0
8.176940854E1,8.657247162E0,-1.142274628E0,-4.323459320E0
8.178951854E1,8.394543457E0,-1.194815369E0,-4.732857971E0
8.180962854E1,8.569529572E0,-1.311273193E0,-5.067262573E0
8.182973854E1,8.732390900E0,-1.281335449E0,-5.315596161E0
8.184984954E1,8.687633972E0,-1.196312256E0,-5.488935699E0
8.186995954E1,9.141190796E0,-1.461410980E0,-5.796396332E0
8.189006954E1,9.420360260E0,-1.588945770E0,-6.390361176E0
8.191017954E1,9.575437775E0,-1.655557251E0,-6.842570801E0
8.193028954E1,9.097481689E0,-1.723515930E0,-7.298522644E0
8.195040054E1,8.332722015E0,-1.698368225E0,-7.670798492E0
8.197051054E1,8.216862946E0,-1.839973755E0,-7.795040131E0
8.199062054E1,7.660919037E0,-2.366129608E0,-8.092471619E0
8.201073054E1,6.612798615E0,-2.729424133E0,-8.425828400E0
8.203084054E1,6.378984833E0,-3.308719482E0,-8.677904205E0
8.205095154E1,6.048621826E0,-3.935765533E0,-8.947942657E0
8.207106154E1,5.810616760E0,-4.353397064E0,-8.963360596E0
8.209117154E1,6.280938721E0,-4.579427032E0,-9.151968384E0
8.211128154E1,6.675218811E0,-4.688400421E0,-9.318871307E0
8.213139254E1,6.561904449E0,-4.701273651E0,-9.034013672E0
8.215150254E1,6.455775146E0,-4.420756989E0,-8.528365173E0
8.217161254E1,6.339766388E0,-4.091441803E0,-8.117918701E0
8.219172254E1,6.228847046E0,-3.541635132E0,-7.745642853E0
8.221183254E1,5.962700500E0,-2.961291962E0,-7.524253235E0
8.223194354E1,5.795498199E0,-2.548899536E0,-7.466623077E0
8.225205354E1,5.902525635E0,-2.261197815E0,-7.380851440E0
8.227216354E1,5.762117615E0,-2.203118591E0,-7.295229492E0
8.229227354E1,5.718707886E0,-2.285746765E0,-7.144642639E0
8.231238454E1,5.687422943E0,-2.260449371E0,-7.127129059E0
8.233249454E1,5.642965393E0,-2.260149994E0,-7.327861633E0
8.235260454E1,5.579647064E0,-1.954485626E0,-7.325167236E0
8.237271454E1,5.283862152E0,-1.554966431E0,-7.044800262E0
8.239282554E1,4.864733734E0,-1.346150665E0,-6.839127960E0
8.241293554E1,4.776716766E0,-1.157991943E0,-6.932084656E0
8.243304554E1,5.137167206E0,-1.091230774E0,-7.204218750E0
8.245315554E1,5.499114532E0,-9.677375793E-1,-7.085515594E0
8.247326654E1,5.655239868E0,-1.240769806E0,-6.822213135E0
8.249337654E1,5.901178436E0,-1.734742584E0,-6.616840210E0
8.251348654E1,6.251450043E0,-1.834584961E0,-6.075266418E0
8.253359654E1,6.180796967E0,-1.653311920E0,-5.390141144E0
8.255370754E1,6.070177002E0,-1.252595215E0,-5.071154480E0
8.257381754E1,6.189778290E0,-7.436535645E-1,-4.885241089E0
8.259392754E1,6.273154907E0,-3.912863159E-1,-4.658612366E0
8.261403754E1,6.367907867E0,-3.540138245E-1,-4.629872131E0
8.263414854E1,6.480473785E0,-3.104544067E-1,-4.911735992E0
8.265425854E1,6.684798889E0,-2.514770508E-1,-5.297483826E0
8.267436567E1,6.927444305E0,-2.005828857E-1,-5.293292542E0
8.269447567E1,6.827302551E0,2.957849121E-1,-5.469925232E0
8.271458667E1,6.922055511E0,1.178349609E0,-6.127058716E0
8.273469667E1,7.064259796E0,2.257754974E0,-6.486910400E0
8.275480667E1,7.133565674E0,3.408711548E0,-7.112908630E0
8.277491667E1,7.772586823E0,3.901486816E0,-7.117998047E0
8.279502767E1,7.552245026E0,2.583777008E0,-6.943161621E0
8.281513767E1,8.490643616E0,3.794609070E-1,-8.495283966E0
8.283524767E1,1.074480606E1,-1.268611908E0,-8.082143097E0
8.285535767E1,1.035202286E1,-2.223625946E0,-7.290888519E0
8.287546867E1,9.169032898E0,-4.167184296E0,-5.542524261E0
8.289557867E1,8.856632538E0,-6.196214905E0,-3.590283966E0
8.291568867E1,8.976383514E0,-6.900650024E0,-1.209784241E0
8.293579867E1,8.994495850E0,-6.256539459E0,-1.594783630E0
8.295590967E1,9.600136414E0,-4.183350677E0,-3.021466827E0
8.297601967E1,1.002091141E1,-2.477198639E0,-3.998485107E0
8.299612967E1,9.295519867E0,-1.433119812E0,-4.166286163E0
8.301623967E1,8.131690063E0,-6.041436768E-1,-3.734284515E0
8.303635067E1,7.569608917E0,-3.143463135E-2,-3.819307709E0
8.305646067E1,7.419920197E0,-3.781137085E-1,-3.870650940E0
8.307657067E1,6.854994965E0,-1.650767212E0,-3.602857819E0
8.309668067E1,6.914122009E0,-2.799927521E0,-2.976560211E0
8.311679167E1,7.883356476E0,-3.813769226E0,-2.347418518E0
8.313690167E1,8.599317627E0,-4.075874176E0,-2.248174896E0
8.315701167E1,8.912915497E0,-3.210823059E0,-2.671494598E0
8.317712167E1,9.215137024E0,-1.891466675E0,-3.207230530E0
8.319723267E1,9.392069092E0,-5.057981873E-1,-3.521427155E0
8.321734267E1,9.439221039E0,4.995112610E-1,-3.583697662E0
8.323745267E1,9.454189911E0,8.620573425E-1,-3.357667694E0
8.325756267E1,9.460476837E0,6.800358582E-1,-3.168461151E0
8.327767367E1,9.516460419E0,3.475772095E-1,-3.138673096E0
8.329778367E1,9.743238831E0,-2.647993469E-1,-3.258274384E0
8.331789367E1,9.903405762E0,-9.741741943E-1,-2.977907410E0
8.333800367E1,1.017808456E1,-1.578467560E0,-2.471360779E0
8.335811467E1,1.052416489E1,-2.108365631E0,-2.171085205E0
8.337822467E1,1.108130630E1,-2.422562256E0,-1.740430756E0
8.339833467E1,1.137933655E1,-2.422711945E0,-1.116079102E0
8.341844467E1,1.161838943E1,-1.857187958E0,-1.328337708E0
8.343855567E1,1.024604324E1,-2.416874084E0,-3.496878204E0
8.345866567E1,1.105271576E1,-3.431314545E0,-4.776417389E0
8.347877567E1,1.069361252E1,-3.757935333E0,-5.708079987E0
8.349888567E1,7.582033081E0,-2.796933746E0,-6.672225037E0
8.351899667E1,5.603297882E0,-1.620979156E0,-7.607929230E0
8.353910667E1,5.189558258E0,-3.787124634E-2,-8.290360107E0
8.355921667E1,6.075865173E0,1.112486572E0,-6.992409210E0
8.357932667E1,7.773634644E0,-9.999206543E-2,-5.783223724E0
8.359943767E1,9.543254700E0,-1.601968689E0,-4.721631317E0
8.361954767E1,1.025562332E1,-2.932851105E0,-3.276686096E0
8.363965767E1,1.011686188E1,-3.517834625E0,-2.661914520E0
8.365976767E1,9.163195038E0,-2.875520325E0,-2.975662079E0
8.367987817E1,7.789052582E0,-1.666334839E0,-3.462300110E0
8.369998817E1,6.643933868E0,-3.671864319E-1,-3.718716888E0
8.372009817E1,6.013145599E0,8.003855896E-1,-4.245471497E0
8.374020817E1,6.018384705E0,1.582808533E0,-4.483626251E0
8.376031917E1,6.238127747E0,1.588047638E0,-4.117936707E0
8.378042917E1,6.819818115E0,1.142124939E0,-3.641028442E0
8.380053917E1,7.483537903E0,9.125024414E-1,-3.692970428E0
8.382064917E1,8.319549408E0,7.008425903E-1,-4.001029816E0
8.384076017E1,8.909921722E0,4.941224670E-1,-4.159250793E0
8.386087017E1,9.405391388E0,3.848497009E-1,-4.011058960E0
8.388098017E1,9.710157623E0,5.089416504E-1,-4.143084412E0
8.390109017E1,9.841284943E0,7.277865601E-1,-4.703219604E0
8.392120117E1,1.042207718E1,1.697769470E0,-4.743485870E0
8.394131117E1,1.119836288E1,2.828069000E0,-3.910168762E0
8.396142117E1,1.189710983E1,3.046764221E0,-3.259471893E0
8.398153117E1,1.222328156E1,2.545007629E0,-3.412004700E0
8.400164117E1,1.043225601E1,1.212927704E0,-4.614753571E0
8.402175217E1,1.003348526E1,-3.616479492E-1,-5.839207306E0
8.404186217E1,1.139400604E1,-1.149609375E0,-6.502178650E0
8.406197217E1,1.003573059E1,-4.911286926E-1,-7.466323700E0
8.408208217E1,6.846163330E0,-2.603535919E0,-6.293512573E0
8.410219317E1,5.959706726E0,-4.943919067E0,-3.704197083E0
8.412230317E1,6.750961304E0,-6.199508057E0,-2.138003998E0
8.414241317E1,8.475824432E0,-3.922592926E0,-2.506537628E0
8.416252317E1,1.110375961E1,-4.026626587E-1,-3.819607086E0
8.418263417E1,1.185399948E1,2.363435211E0,-5.115462341E0
8.420274417E1,1.008333160E1,3.625760193E0,-5.510341187E0
8.422285417E1,8.385562134E0,3.308270416E0,-5.134023743E0
8.424296417E1,6.931036835E0,1.644180908E0,-4.164340210E0
8.426307417E1,5.617218933E0,-5.646258545E-1,-2.870281219E0
8.428318517E1,5.353766785E0,-1.922003174E0,-1.944755859E0
8.430329517E1,6.318510590E0,-2.761307831E0,-1.379980316E0
8.432340517E1,7.590265961E0,-3.487148438E0,-1.018182678E0
8.434351517E1,8.366401978E0,-3.560196533E0,-1.285826111E0
8.436362617E1,9.084458771E0,-3.007695465E0,-2.024989014E0
8.438373617E1,9.658515015E0,-1.871857452E0,-2.820883942E0
8.440384617E1,1.000070343E1,-9.481283569E-1,-3.382366333E0
8.442395617E1,1.035262161E1,1.526824951E-2,-3.445235596E0
8.444406617E1,1.001163071E1,7.794291687E-1,-3.015928345E0
8.446417717E1,9.796827393E0,6.438111877E-1,-3.143163757E0
8.448428717E1,1.088491470E1,-2.529739380E-1,-2.469265137E0
8.450439717E1,1.169068909E1,-5.180726624E-1,-5.728587341E-1
8.452450717E1,1.157557846E1,-3.137475586E-1,-3.980223083E-1
8.454461817E1,1.012389725E1,-1.289268951E0,-4.492607574E0
8.456472817E1,1.212867828E1,-2.542911987E0,-7.013215942E0
8.458483817E1,1.256801468E1,-3.788771210E0,-7.003635864E0
8.460494817E1,8.440048828E0,-3.338208160E0,-6.917265472E0
8.462505817E1,5.168901215E0,-1.032403107E0,-7.462731171E0
8.464516917E1,4.877906342E0,1.748214569E0,-7.650889893E0
8.466527917E1,6.467450867E0,1.855691071E0,-5.821094971E0
8.468538921E1,7.854765930E0,2.697390747E-1,-4.371060333E0
8.470549921E1,9.375453644E0,-1.550326080E0,-3.733236694E0
8.472561021E1,9.980944519E0,-3.782035217E0,-3.607647858E0
8.474572021E1,9.796378326E0,-4.882247314E0,-3.324736176E0
8.476583021E1,8.966054993E0,-4.202061768E0,-3.367696838E0
8.478594021E1,7.735913086E0,-2.182611237E0,-3.476370850E0
8.480605021E1,6.757697296E0,3.254232788E-1,-3.381468201E0
8.482616121E1,6.222709808E0,2.043849792E0,-3.962110748E0
8.484627121E1,6.054160309E0,2.915636902E0,-4.228556671E0
8.486638121E1,6.407425690E0,2.769091644E0,-4.068240051E0
8.488649121E1,7.083869019E0,1.638642426E0,-3.760330353E0
8.490660221E1,8.026009827E0,6.218069458E-1,-3.775748291E0
8.492671221E1,8.806636505E0,-6.451583862E-2,-3.748954010E0
8.494682221E1,9.348659363E0,-3.755690002E-1,-3.642525330E0
8.496693221E1,9.842033386E0,-1.459465027E-1,-3.965104523E0
8.498704221E1,1.013976425E1,1.336720276E-1,-4.640200653E0
8.500715321E1,1.056278458E1,1.243913269E0,-4.531227264E0
8.502726321E1,1.133682495E1,2.806962891E0,-3.731590118E0
8.504737321E1,1.193318481E1,3.382815399E0,-3.161874847E0
8.506748321E1,1.144355301E1,2.498304749E0,-3.406915283E0
8.508759321E1,9.608968048E0,8.798703003E-1,-5.438490601E0
8.510770421E1,1.050590286E1,-5.641767883E-1,-7.273524628E0
8.512781421E1,1.044947021E1,-2.743794250E-1,-9.179511108E0
8.514792421E1,8.596024475E0,-2.179018707E0,-8.022417297E0
8.516803421E1,7.297774200E0,-5.105283508E0,-4.128863983E0
8.518814521E1,7.598947906E0,-6.640640717E0,-2.109712830E0
8.520825521E1,8.662486267E0,-4.618346100E0,-3.759432220E0
8.522836521E1,1.028391449E1,-1.682501221E0,-5.090164948E0
8.524847521E1,1.096514786E1,1.142574005E0,-5.320236511E0
8.526858521E1,9.557774506E0,3.222049713E0,-4.920118561E0
8.528869621E1,8.004005585E0,3.488944702E0,-4.286785583E0
8.530880621E1,6.781497803E0,2.173629913E0,-4.076622620E0
8.532891621E1,5.754483490E0,2.335144043E-2,-3.685935059E0
8.534902621E1,5.217699738E0,-1.876048737E0,-2.770289154E0
8.536913721E1,5.714067535E0,-3.034190369E0,-1.753004608E0
8.538924721E1,6.925198975E0,-3.693419495E0,-1.038540344E0
8.540935721E1,7.925269318E0,-3.598666534E0,-1.112486572E0
8.542946721E1,8.917555847E0,-2.877915344E0,-1.699715424E0
8.544957721E1,9.928553467E0,-1.755848694E0,-2.534828796E0
8.546968821E1,1.035546570E1,-5.993536377E-1,-3.151097260E0
8.548979821E1,1.014545242E1,1.800755310E-1,-3.094215546E0
8.550990821E1,1.014365616E1,4.580474854E-1,-3.136128387E0
8.553001821E1,1.100691101E1,-2.900967407E-1,-3.215014343E0
8.555012921E1,1.192764633E1,-1.525926819E0,-1.424138489E0
8.557023921E1,1.179502213E1,-1.495540009E0,6.945556641E-2
8.559034921E1,1.086051544E1,-1.334025879E0,-2.202370148E0
8.561045921E1,1.215756821E1,-2.885250092E0,-6.082301788E0
8.563056921E1,1.382539993E1,-3.575315094E0,-7.504344635E0
8.565068021E1,1.008378067E1,-2.648292847E0,-7.598049774E0
8.567078996E1,5.689069519E0,-9.151968384E-1,-7.012467499E0
8.569089996E1,4.026327209E0,1.881587219E0,-7.132517853E0
8.571100996E1,4.690046997E0,3.179238739E0,-4.940925293E0
8.573112096E1,7.005432129E0,1.771715698E0,-3.690425720E0
8.575123096E1,9.221124573E0,-1.041234741E0,-3.767216034E0
8.577134096E1,1.043465103E1,-3.745361481E0,-3.347788239E0
8.579145096E1,1.032777328E1,-5.396727448E0,-3.463198242E0
8.581156096E1,9.422605591E0,-4.720583496E0,-3.459006958E0
8.583167196E1,7.802225189E0,-2.720442810E0,-3.482358398E0
8.585178196E1,6.052214355E0,-4.580474854E-1,-3.469485168E0
8.587189196E1,4.775519257E0,1.221459961E0,-3.943998413E0
8.589200196E1,4.902604980E0,2.578687592E0,-4.323908386E0
8.591211296E1,5.967789917E0,2.995121613E0,-4.156107330E0
8.593222296E1,7.424560547E0,2.592908020E0,-3.842958527E0
8.595233296E1,8.542585602E0,1.980232086E0,-3.982019348E0
8.597244296E1,9.391320648E0,1.439855804E0,-4.158502350E0
8.599255296E1,9.971065063E0,5.364843750E-1,-4.124972076E0
8.601266396E1,1.021071671E1,-6.354286194E-1,-3.970792694E0
8.603277396E1,9.998009033E0,-1.399140472E0,-3.995940399E0
8.605288396E1,9.594148865E0,-2.043251038E-1,-4.215234375E0
8.607299396E1,1.048554520E1,2.313888245E0,-3.538791046E0
8.609310396E1,1.207194626E1,3.362906799E0,-2.688409424E0
8.611321496E1,1.191372528E1,1.540746002E0,-4.303401031E0
8.613332496E1,1.221684494E1,-2.728825378E-1,-6.102958832E0
8.615343496E1,1.300465668E1,-8.562194824E-1,-7.874824219E0
8.617354496E1,1.061053528E1,-1.584604797E0,-8.775800629E0
8.619365496E1,7.466623077E0,-4.990023193E0,-7.084318085E0
8.621376596E1,6.774911499E0,-8.037535858E0,-4.430187378E0
8.623387596E1,6.986721039E0,-8.557853851E0,-2.760709076E0
8.625398596E1,8.004304962E0,-5.633085938E0,-2.899320831E0
8.627409596E1,1.004441254E1,-1.936672668E0,-4.016148376E0
8.629420596E1,1.094808334E1,1.580862579E0,-5.179529114E0
8.631431696E1,9.802665253E0,3.233875122E0,-5.343138885E0
8.633442696E1,7.327412567E0,2.546504517E0,-4.769232330E0
8.635453696E1,6.456224213E0,1.443448334E0,-4.124073944E0
8.637464696E1,6.197711792E0,-2.487826538E-1,-2.890040131E0
8.639475696E1,5.806425476E0,-2.188898163E0,-1.345402222E0
8.641486796E1,5.893544312E0,-2.886297913E0,-5.538482666E-1
8.643497796E1,7.049440613E0,-2.984194336E0,-8.511300659E-1
8.645508796E1,8.453670502E0,-2.725532227E0,-1.596579895E0
8.647519796E1,9.311985626E0,-2.121987305E0,-2.081271973E0
8.649530796E1,9.679621124E0,-1.108894043E0,-2.434687042E0
8.651541896E1,1.013497421E1,-2.579136658E-1,-2.865940247E0
8.653552896E1,1.104104004E1,4.623884583E-1,-2.985840912E0
8.655563896E1,1.028421387E1,9.943821716E-1,-3.094514923E0
8.657574896E1,1.053000275E1,4.905299377E-1,-2.761607208E0
8.659585896E1,1.260618530E1,9.280700684E-2,-5.426216125E-1
8.661596896E1,1.255858429E1,-1.005908203E0,-1.378034363E0
8.663607996E1,1.129700775E1,-4.102069702E0,-5.463039551E0
8.665618996E1,1.210068649E1,-6.160738678E0,-7.199279022E0
8.667630021E1,1.166075134E1,-5.057233429E0,-7.262896729E0
8.669641021E1,6.330036621E0,-3.053949280E0,-7.071295166E0
8.671652021E1,4.424499207E0,-9.491761780E-1,-6.952142944E0
8.673663121E1,5.232219543E0,5.963598633E-1,-5.842799835E0
8.675674121E1,7.589517517E0,-6.646179199E-1,-4.872517548E0
8.677685121E1,9.275760956E0,-2.062710571E0,-4.316573639E0
8.679696121E1,1.003109024E1,-3.290756836E0,-3.716172180E0
8.681707121E1,9.753267975E0,-4.500092010E0,-3.691473541E0
8.683718221E1,8.741821289E0,-4.145778809E0,-3.881727905E0
8.685729221E1,7.476951599E0,-2.559377747E0,-4.135599976E0
8.687740221E1,6.005810852E0,-5.816903687E-1,-3.929328918E0
8.689751221E1,5.331163788E0,6.065386963E-1,-4.093088379E0
8.691762221E1,5.719156952E0,1.826501770E0,-4.438719635E0
8.693773221E1,6.682703247E0,1.993704071E0,-4.005370789E0
8.695784321E1,7.543563080E0,1.777852936E0,-3.529809723E0
8.697795321E1,8.064180450E0,1.511407013E0,-3.572321320E0
8.699806321E1,8.491841125E0,1.286125488E0,-3.646866302E0
8.701817321E1,8.811426544E0,1.033151550E0,-3.770808563E0
8.703828321E1,9.110953674E0,7.122189331E-1,-3.830684052E0
8.705839421E1,9.499395905E0,8.173004150E-1,-3.891457672E0
8.707850421E1,9.758956146E0,1.163829803E0,-4.464466095E0
8.709861421E1,1.062535446E1,2.017354889E0,-4.579127655E0
8.711872421E1,1.139355698E1,3.007246399E0,-3.498674469E0
8.713883421E1,1.160312119E1,3.054997101E0,-2.687361603E0
8.715894421E1,1.143082947E1,1.875599670E0,-2.986589355E0
8.717905521E1,9.175918579E0,-6.646179199E-2,-5.261857910E0
8.719916521E1,1.091096054E1,-2.244432678E0,-6.607110443E0
8.721927521E1,1.302112244E1,-1.544039154E0,-8.152496796E0
8.723938521E1,1.035142410E1,-2.605032806E0,-8.417595520E0
8.725949521E1,7.689808960E0,-6.259682922E0,-5.879772949E0
8.727960521E1,7.282356262E0,-7.936346283E0,-4.263134766E0
8.729971621E1,7.781119080E0,-6.135890350E0,-3.434158630E0
8.731982621E1,9.117240601E0,-2.670147400E0,-3.300187225E0
8.733993621E1,1.002555176E1,6.074368286E-1,-3.957320709E0
8.736004621E1,9.120982819E0,2.983146515E0,-4.550836487E0
8.738015621E1,8.392747192E0,3.494034119E0,-4.878056030E0
8.740026621E1,7.707921295E0,2.362836456E0,-4.785997467E0
8.742037721E1,6.620133362E0,-1.686991882E-1,-4.025728455E0
8.744048721E1,5.726342010E0,-1.984423370E0,-2.791245575E0
8.746059721E1,5.855074310E0,-2.986888733E0,-1.497485962E0
8.748070721E1,6.603667603E0,-3.065924377E0,-9.696835327E-1
8.750081721E1,7.579039307E0,-2.531984711E0,-1.261426849E0
8.752092721E1,8.398435364E0,-1.900747375E0,-1.788780212E0
8.754103821E1,9.084309082E0,-9.915380859E-1,-2.334245911E0
8.756114821E1,9.654922485E0,-3.861968994E-2,-2.840044098E0
8.758125821E1,9.941576385E0,6.819818115E-1,-2.965932312E0
8.760136821E1,1.051233948E1,1.221160583E0,-2.730771332E0
8.762147821E1,1.032956955E1,1.274749146E0,-2.955304413E0
8.764158821E1,1.072220306E1,1.981878662E-1,-2.982398071E0
8.766169821E1,1.262938705E1,-1.184636536E0,-7.381150818E-1
8.768180954E1,1.300780014E1,-2.214644623E0,-6.354286194E-1
8.770191954E1,1.107442062E1,-3.993695068E0,-4.588857422E0
8.772202954E1,1.267085083E1,-4.786745911E0,-6.476731567E0
8.774213954E1,1.279569122E1,-4.403093719E0,-7.862998810E0
8.776224954E1,7.547604675E0,-3.291505280E0,-7.062164154E0
8.778235954E1,5.183570709E0,-9.512718201E-1,-7.308402100E0
8.780247054E1,5.456752625E0,1.112935638E0,-6.763385468E0
8.782258054E1,6.889722748E0,6.668632507E-1,-5.452561340E0
8.784269054E1,8.378526764E0,-1.127605133E0,-4.653223572E0
8.786280054E1,9.271719360E0,-2.900967407E0,-3.634591827E0
8.788291054E1,9.427545319E0,-4.433779907E0,-2.997516632E0
8.790302054E1,9.015152893E0,-4.559817810E0,-3.116219788E0
8.792313054E1,7.726782074E0,-2.642604675E0,-3.321592712E0
8.794324154E1,6.333180084E0,-4.620890808E-1,-3.431015167E0
8.796335154E1,5.493126984E0,8.931925964E-1,-3.675007782E0
8.798346154E1,5.451962585E0,1.881886597E0,-4.222419434E0
8.800357154E1,6.166277161E0,2.483186188E0,-4.344116364E0
8.802368154E1,7.146139526E0,2.570454712E0,-4.209246826E0
8.804379154E1,7.997419281E0,2.085313568E0,-3.902235260E0
8.806390154E1,8.685837708E0,1.461261292E0,-3.731590118E0
8.808401254E1,9.338181152E0,1.119671631E0,-3.600013733E0
8.810412254E1,9.889335022E0,8.056246948E-1,-3.389252014E0
8.812423254E1,1.026804749E1,6.453080750E-1,-3.325933685E0
8.814434254E1,1.038585251E1,7.577243042E-1,-3.507356415E0
8.816445254E1,1.047282166E1,1.483415222E0,-3.629053345E0
8.818456254E1,1.050096313E1,3.318299561E0,-3.561992798E0
8.820467254E1,1.050844757E1,4.236340485E0,-3.165467377E0
8.822478354E1,1.042237656E1,3.126099243E0,-3.021317139E0
8.824489354E1,1.029933243E1,7.899073792E-1,-4.797224121E0
8.826500354E1,1.197539703E1,-7.038363647E-1,-6.495592346E0
8.828511354E1,1.210158463E1,-8.556207275E-1,-8.406069489E0
8.830522354E1,9.290131073E0,-2.968776398E0,-7.688012695E0
8.832533354E1,7.825127563E0,-6.209387512E0,-4.279450836E0
8.834544354E1,7.992479553E0,-7.571554871E0,-2.044448547E0
8.836555454E1,8.419391785E0,-5.235063629E0,-2.625240784E0
8.838566454E1,9.886041870E0,-1.656754761E0,-3.714375916E0
8.840577454E1,1.097308136E1,1.720222778E0,-4.884941711E0
8.842588454E1,1.011207184E1,4.224365387E0,-5.534740448E0
8.844599454E1,8.828940125E0,4.990921326E0,-5.352120209E0
8.846610454E1,6.887776794E0,2.644700317E0,-4.294868774E0
8.848621454E1,5.566474457E0,3.525169373E-1,-3.418591003E0
8.850632454E1,5.881269836E0,-1.832189941E0,-2.283052368E0
8.852643554E1,6.061045990E0,-3.096610565E0,-1.060843964E0
8.854654554E1,6.759044495E0,-3.534001007E0,-5.023553467E-1
8.856665554E1,7.732470245E0,-3.120411072E0,-1.083147583E0
8.858676554E1,8.282127228E0,-2.227517853E0,-1.945653992E0
8.860687554E1,8.632847900E0,-1.393601990E0,-2.702031097E0
8.862698554E1,9.132808228E0,-5.054988098E-1,-3.018473053E0
8.864709554E1,9.901160431E0,6.030958557E-1,-2.946622467E0
8.866720654E1,1.020802231E1,1.394350433E0,-2.777773590E0
8.868731546E1,1.035067566E1,1.088835754E0,-3.629203033E0
8.870742546E1,1.198063614E1,2.369572449E-1,-2.641407166E0
8.872753546E1,1.306842407E1,7.095245361E-2,-8.015830994E-1
8.874764546E1,1.297322205E1,8.083190918E-2,-4.851411438E-1
8.876775546E1,1.167182831E1,-1.238524475E0,-4.063749390E0
8.878786546E1,1.265273849E1,-3.295696564E0,-6.073619843E0
8.880797546E1,1.212748077E1,-4.578977966E0,-6.329437866E0
8.882808646E1,7.727231140E0,-4.610861664E0,-6.086642761E0
8.884819646E1,5.021457825E0,-3.019520874E0,-6.320905609E0
8.886830646E1,4.336332550E0,2.653981018E-1,-7.366331635E0
8.888841646E1,5.965095520E0,7.373666382E-1,-5.947282562E0
8.890852646E1,8.059689789E0,-7.393125916E-1,-4.887935486E0
8.892863646E1,9.864786072E0,-2.322420502E0,-4.421206055E0
8.894874646E1,1.064960403E1,-4.114643555E0,-3.694317627E0
8.896885646E1,1.058553726E1,-5.034331055E0,-3.088527374E0
8.898896646E1,9.196276245E0,-3.691024475E0,-2.825823669E0
8.900907746E1,7.119345245E0,-8.918453979E-1,-2.908900909E0
8.902918746E1,5.638624420E0,1.308429108E0,-3.086581421E0
8.904929746E1,5.276377716E0,2.261048126E0,-3.441194000E0
8.906940746E1,5.769152985E0,2.797233124E0,-3.641327820E0
8.908951746E1,6.553970947E0,2.816393280E0,-3.659739532E0
8.910962746E1,7.310348053E0,2.228715363E0,-3.431314545E0
8.912973746E1,8.311615906E0,1.467548218E0,-3.561843109E0
8.914984746E1,9.235943756E0,8.559201050E-1,-3.802692261E0
8.916995846E1,9.910441132E0,4.845423889E-1,-3.901935883E0
8.919006846E1,1.030217651E1,4.496649170E-1,-3.582200775E0
8.921017846E1,1.014620087E1,7.427554321E-1,-3.824696503E0
8.923028846E1,1.021850052E1,1.234482880E0,-4.393363953E0
8.925039846E1,1.094479019E1,2.275268555E0,-4.092639313E0
8.927050846E1,1.147947830E1,2.599943390E0,-3.276087341E0
8.929061846E1,1.183633621E1,1.956431580E0,-2.912942505E0
8.931072846E1,1.128099106E1,7.810757446E-1,-3.080893250E0
8.933083846E1,9.157955933E0,-2.176473999E-1,-5.089416504E0
8.935094946E1,1.014440460E1,-1.451232147E0,-6.327491913E0
8.937105946E1,1.097547638E1,1.451980591E-2,-8.217012634E0
8.939116946E1,8.320447540E0,-1.460512848E0,-8.062234497E0
8.941127946E1,6.165977783E0,-4.121678925E0,-5.456453247E0
8.943138946E1,6.119274902E0,-5.726791077E0,-3.543730774E0
8.945149946E1,7.845036163E0,-5.055287476E0,-3.212619324E0
8.947160946E1,1.055485107E1,-2.281256104E0,-3.527863770E0
8.949171946E1,1.184965851E1,2.116598511E-1,-4.331093445E0
8.951182946E1,1.086725143E1,1.991458740E0,-4.959636383E0
8.953194046E1,9.452243958E0,2.674188995E0,-5.129084015E0
8.955205046E1,8.196355591E0,1.588796082E0,-4.575684814E0
8.957216046E1,6.911876678E0,-2.309696960E-1,-3.392245789E0
8.959227046E1,5.861510925E0,-1.783840485E0,-1.907932434E0
8.961238046E1,5.444029083E0,-2.341580658E0,-8.711883545E-1
8.963249046E1,6.492299194E0,-2.362088013E0,-4.754113770E-1
8.965260046E1,7.554939423E0,-2.203268280E0,-8.924441528E-1
8.967271117E1,8.302185516E0,-2.069147186E0,-1.832788696E0
8.969282117E1,8.815468140E0,-1.760489044E0,-2.569706268E0
8.971293217E1,9.422755280E0,-1.089584198E0,-2.822979584E0
8.973304217E1,1.037267990E1,-4.502636719E-1,-3.062631226E0
8.975315217E1,1.069585785E1,2.005828857E-1,-3.027154999E0
8.977326217E1,9.978998566E0,3.972738647E-1,-3.317850494E0
8.979337217E1,1.053209839E1,1.014889526E-1,-2.813100128E0
8.981348217E1,1.163874710E1,4.924758911E-2,-9.354048157E-1
8.983359217E1,1.222747284E1,2.936892700E-1,-7.798782349E-2
8.985370217E1,1.195279404E1,-2.583627319E-1,-1.547032928E0
8.987381217E1,1.125269989E1,-2.480192413E0,-5.521268463E0
8.989392217E1,1.285377045E1,-3.588637390E0,-6.850055237E0
8.991403317E1,1.071681427E1,-5.099295959E0,-7.348069611E0
8.993414317E1,7.408394165E0,-4.448599091E0,-6.641688538E0
8.995425317E1,5.351371765E0,-1.428928528E0,-7.057823181E0
8.997436317E1,5.414091339E0,1.086740112E0,-6.284381561E0
8.999447317E1,5.867648163E0,1.544039154E0,-4.599635010E0
9.001458317E1,7.517666931E0,4.273612976E-1,-4.200864258E0
9.003469317E1,9.251511383E0,-1.306034088E0,-4.167483673E0
9.005480317E1,9.984537048E0,-3.349883881E0,-3.865860901E0
9.007491317E1,9.822723541E0,-4.364174652E0,-3.506158905E0
9.009502317E1,8.700207825E0,-3.274590454E0,-3.422782288E0
9.011513417E1,7.454498291E0,-1.502575378E0,-3.161874847E0
9.013524417E1,6.363267517E0,3.263214111E-1,-3.022664337E0
9.015535417E1,6.131250000E0,1.419797516E0,-3.445834351E0
9.017546417E1,6.338568878E0,2.330204315E0,-3.868106232E0
9.019557417E1,6.996450806E0,2.658920746E0,-3.775748291E0
9.021568417E1,7.919730835E0,1.904639282E0,-3.781436462E0
9.023579417E1,8.832233276E0,9.973759460E-1,-4.160597992E0
9.025590417E1,9.454638977E0,2.932402039E-1,-4.281396790E0
9.027601417E1,9.801617432E0,2.517764282E-1,-3.953877869E0
9.029612417E1,1.000145187E1,6.324348450E-1,-3.734134827E0
9.031623417E1,1.018721558E1,1.130898285E0,-3.906426544E0
9.033634517E1,1.053299652E1,2.026186523E0,-3.854484558E0
9.035645517E1,1.097921860E1,2.671195221E0,-3.356021118E0
9.037656517E1,1.142574005E1,2.138752441E0,-2.825374603E0
9.039667517E1,1.065933380E1,5.351371765E-1,-3.603306885E0
9.041678517E1,9.700427856E0,-1.378932495E0,-6.129753113E0
9.043689517E1,1.188887695E1,-1.391506348E0,-7.425907745E0
9.045700517E1,1.159189453E1,1.505868530E0,-9.037905579E0
9.047711517E1,7.664960632E0,-1.222208405E0,-7.479047241E0
9.049722517E1,6.031557312E0,-3.876638489E0,-4.500840454E0
9.051733517E1,6.435417480E0,-5.285209351E0,-2.596799927E0
9.053744517E1,7.512577515E0,-3.635789337E0,-3.145109711E0
9.055755617E1,9.457932129E0,-4.929249573E-1,-4.052373047E0
9.057766617E1,1.104074066E1,1.915416870E0,-4.827461243E0
9.059777617E1,1.069915100E1,2.962938538E0,-5.589077454E0
9.061788617E1,9.668693848E0,2.439028015E0,-5.681884460E0
9.063799617E1,8.312064972E0,5.614823914E-1,-5.310806122E0
9.065810617E1,6.997648315E0,-1.216520233E0,-4.161945190E0
9.067821604E1,5.907615051E0,-2.558479614E0,-3.032992859E0
9.069832604E1,5.620811462E0,-3.241658936E0,-1.997146912E0
9.071843604E1,6.054609375E0,-3.407813416E0,-1.275796967E0
9.073854604E1,6.675069122E0,-2.502795410E0,-1.468296661E0
9.075865604E1,7.711064758E0,-1.465602264E0,-2.426454163E0
9.077876704E1,8.856033783E0,-7.843688965E-1,-3.400029602E0
9.079887704E1,9.568701782E0,-4.810995483E-1,-4.021537170E0
9.081898704E1,9.848470001E0,1.724414062E-1,-4.047583008E0
9.083909704E1,9.907147980E0,2.574645996E-1,-3.675905914E0
9.085920704E1,1.035082535E1,-3.378474426E-1,-3.649860077E0
9.087931704E1,1.092922256E1,-1.676214294E0,-3.050356750E0
9.089942704E1,1.133877090E1,-2.274370422E0,-1.339414673E0
9.091953704E1,1.122425903E1,-1.440005493E0,-6.117778015E-1
9.093964704E1,1.032477951E1,-1.163081360E-1,-6.903643799E-1
9.095975704E1,1.031325348E1,9.235794067E-1,-2.050286407E0
9.097986704E1,9.362730103E0,-5.770500183E-1,-9.506431274E0
9.099997704E1,1.340237961E1,-3.477268982E-1,-8.478369141E0
9.102008804E1,7.708370361E0,-2.770887909E0,-9.272168427E0
9.104019804E1,6.256689148E0,-9.925859070E-1,-1.014365616E1
9.106030804E1,5.529800720E0,1.140478363E0,-7.845335541E0
9.108041804E1,5.633684692E0,9.472302246E-1,-4.717290344E0
9.110052804E1,6.945107574E0,5.095404053E-1,-3.228186951E0
9.112063804E1,8.430019684E0,-5.258564758E-1,-3.992946625E0
9.114074804E1,9.251661072E0,-2.448458405E0,-4.671485596E0
9.116085804E1,9.569749603E0,-3.138373718E0,-4.894222412E0
9.118096804E1,9.062753906E0,-2.506837006E0,-4.682712250E0
9.120107804E1,7.708370361E0,-1.125359802E0,-4.150868225E0
9.122118804E1,6.659800873E0,4.083508301E-1,-3.916006622E0
9.124129804E1,6.318211212E0,1.538800049E0,-3.946393433E0
9.126140904E1,6.567742310E0,1.778601379E0,-4.040697327E0
9.128151904E1,7.343129883E0,1.251846771E0,-3.939807129E0
9.130162904E1,8.283025360E0,7.171586609E-1,-3.829037476E0
9.132173904E1,8.947792969E0,4.132905579E-1,-4.073928223E0
9.134184904E1,9.778565369E0,3.712280273E-1,-4.081412659E0
9.136195904E1,1.021745270E1,6.372248840E-1,-4.017645264E0
9.138206904E1,1.007584717E1,7.150630188E-1,-4.794380035E0
9.140217904E1,1.038510406E1,1.094074860E0,-5.083279266E0
9.142228904E1,1.081530945E1,2.392474823E0,-4.179758148E0
9.144239904E1,1.097203354E1,3.197201385E0,-3.655997314E0
9.146250904E1,9.948312378E0,2.297123108E0,-5.440436554E0
9.148262004E1,1.022987686E1,1.243913269E-1,-8.924142151E0
9.150273004E1,1.160431870E1,6.027964783E-1,-1.072369995E1
9.152284004E1,8.063132629E0,-2.601589966E-1,-9.553583221E0
9.154295004E1,5.579197998E0,-3.661236420E0,-4.821773071E0
9.156306004E1,5.526058502E0,-5.592520294E0,-2.595452728E0
9.158317004E1,7.613617401E0,-3.421285400E0,-3.217858429E0
9.160328004E1,1.046189438E1,2.197430420E-1,-4.959486694E0
9.162339004E1,1.145642624E1,2.815195770E0,-6.067632294E0
9.164350004E1,1.006297394E1,3.452420654E0,-6.589147797E0
9.166361004E1,8.742270355E0,1.841919708E0,-6.629713440E0
9.168372029E1,7.492668915E0,-8.431965637E-1,-5.996530151E0
9.170383129E1,6.337820435E0,-2.861898651E0,-5.285808105E0
9.172394129E1,5.739963684E0,-3.698957977E0,-4.495451660E0
9.174405129E1,5.605842590E0,-3.795207825E0,-3.415297852E0
9.176416129E1,6.047873383E0,-3.708388367E0,-2.361938324E0
9.178427129E1,6.604416046E0,-3.573369141E0,-2.152673492E0
9.180438129E1,7.170987854E0,-3.541335754E0,-2.489922180E0
9.182449129E1,7.675438843E0,-3.247047729E0,-2.917433167E0
9.184460129E1,8.334817657E0,-2.548749847E0,-3.162024536E0
9.186471129E1,9.356742554E0,-1.760339355E0,-3.106789398E0
9.188482129E1,1.014949402E1,-1.468446350E0,-3.112178192E0
9.190493129E1,1.113908615E1,-1.237626343E0,-3.361260223E0
9.192504129E1,1.210113556E1,-1.098266144E0,-2.825224915E0
9.194515229E1,1.185474792E1,-3.067121887E-1,-1.623224487E0
9.196526229E1,1.102996307E1,9.433383179E-1,-7.295828247E-1
9.198537229E1,1.060649368E1,1.892364807E0,-4.559518433E-1
9.200548229E1,1.051443512E1,1.647474060E0,-2.139500885E0
9.202559229E1,9.283993835E0,-3.944297791E-1,-6.277795258E0
9.204570229E1,1.223435852E1,-2.292782135E0,-6.877298584E0
9.206581229E1,1.002525238E1,-4.251608734E0,-8.568332062E0
9.208592229E1,6.201004944E0,-2.163451080E0,-9.685009918E0
9.210603229E1,4.336332550E0,7.634124756E-1,-8.007448425E0
9.212614229E1,5.306315460E0,1.061891785E0,-5.102738800E0
9.214625229E1,8.616980896E0,-4.688250732E-1,-3.665577393E0
9.216636229E1,1.055874298E1,-2.376308441E0,-3.153492279E0
9.218647329E1,1.099044525E1,-4.949756927E0,-2.920426941E0
9.220658329E1,1.017194733E1,-5.829776917E0,-3.064277802E0
9.222669329E1,8.386460266E0,-4.373455353E0,-3.079096985E0
9.224680329E1,6.287974091E0,-1.984722748E0,-3.007096710E0
9.226691329E1,4.770130463E0,1.933978271E-1,-2.800825653E0
9.228702329E1,4.521347809E0,1.659449158E0,-3.037633209E0
9.230713329E1,5.691464539E0,2.384092255E0,-3.312910767E0
9.232724329E1,7.263645172E0,2.235002289E0,-3.348536682E0
9.234735329E1,8.701405334E0,1.469793549E0,-3.895648956E0
9.236746329E1,9.799521790E0,8.149053955E-1,-4.220922546E0
9.238757329E1,1.047192352E1,-2.228865051E-1,-3.944597168E0
9.240768329E1,1.069151688E1,-1.103505249E0,-3.097808075E0
9.242779329E1,1.046653473E1,-1.134640503E0,-2.912493439E0
9.244790429E1,9.491013336E0,-5.689668274E-1,-3.970792694E0
9.246801429E1,9.922715607E0,1.422342224E0,-4.125271454E0
9.248812429E1,1.121018829E1,3.068020020E0,-3.035088501E0
9.250823429E1,1.232926117E1,2.556982727E0,-2.735112305E0
9.252834429E1,1.150372787E1,4.505630493E-1,-4.860093384E0
9.254845429E1,1.116273697E1,-1.774859161E0,-7.372917938E0
9.256856429E1,1.137828873E1,-1.146166534E0,-8.827443237E0
9.258867429E1,8.160130920E0,-8.143066406E-1,-8.352780304E0
9.260878429E1,5.842051392E0,-3.591182098E0,-4.518054657E0
9.262889429E1,5.771997070E0,-5.937253418E0,-1.785037994E0
9.264900429E1,7.833659821E0,-4.576882324E0,-2.197131042E0
9.266911429E1,1.202823715E1,-1.016685791E0,-4.436923370E0
9.268922504E1,1.398646500E1,1.562151489E0,-6.032305756E0
9.270933504E1,1.157078842E1,3.037633209E0,-6.021378479E0
9.272944504E1,9.341773682E0,3.036286011E0,-5.082081757E0
9.274955504E1,7.654183044E0,1.745669861E0,-4.029021606E0
9.276966504E1,5.520220642E0,-2.381547546E-1,-2.632126465E0
9.278977504E1,4.005969543E0,-2.081721039E0,-1.697170715E0
9.280988504E1,4.142635345E0,-2.821632385E0,-1.031954041E0
9.282999504E1,5.417384491E0,-2.993624725E0,-6.529421997E-1
9.285010504E1,7.112010498E0,-3.099454651E0,-9.669891357E-1
9.287021504E1,8.455017700E0,-2.911894684E0,-1.800306244E0
9.289032504E1,9.602830811E0,-2.054477692E0,-2.916085968E0
9.291043504E1,1.043869263E1,-9.830058289E-1,-3.659440155E0
9.293054604E1,1.081396225E1,-8.098159790E-2,-3.863914948E0
9.295065604E1,1.107801315E1,9.972262573E-1,-3.786675568E0
9.297076604E1,1.158441010E1,7.195536804E-1,-3.495231628E0
9.299087604E1,1.155941208E1,-2.815644836E-1,-1.999691620E0
9.301098604E1,1.150163223E1,-4.851411438E-1,-2.923420715E-1
9.303109604E1,1.158979889E1,-3.183879089E-1,2.180964661E-1
9.305120604E1,9.884694672E0,-1.869312744E0,-3.387904816E0
9.307131604E1,1.164563278E1,-2.630180511E0,-5.719306641E0
9.309142604E1,1.302875656E1,-4.434079285E0,-7.616910553E0
9.311153604E1,8.961115265E0,-4.178860016E0,-7.523804169E0
9.313164604E1,5.673950958E0,-1.277443542E0,-7.336992645E0
9.315175704E1,4.629123688E0,1.671573944E0,-6.515800323E0
9.317186704E1,5.955515442E0,1.812281342E0,-4.638703766E0
9.319197704E1,8.251441040E0,3.351530457E-1,-4.016298065E0
9.321208704E1,9.556277618E0,-1.565294952E0,-3.539090424E0
9.323219704E1,9.971813507E0,-3.664828949E0,-3.166814575E0
9.325230704E1,9.606722717E0,-4.523144073E0,-3.100203094E0
9.327241704E1,8.534203033E0,-3.769012299E0,-2.932851105E0
9.329252704E1,7.177274780E0,-1.830842743E0,-2.822829895E0
9.331263704E1,6.050717468E0,2.362088013E-1,-2.879711609E0
9.333274704E1,5.836512909E0,1.509311371E0,-3.244802399E0
9.335285804E1,6.380481720E0,2.291135559E0,-3.493135986E0
9.337296804E1,7.443121948E0,2.576591949E0,-3.523373108E0
9.339307804E1,8.735234985E0,1.922901306E0,-3.646866302E0
9.341318804E1,9.529782715E0,1.031355286E0,-4.045187988E0
9.343329804E1,9.865235138E0,5.643264771E-1,-4.300556946E0
9.345340804E1,1.000818787E1,5.930667114E-1,-3.958667908E0
9.347351804E1,1.007195526E1,6.993457031E-1,-3.703598328E0
9.349362804E1,1.002300705E1,8.598120117E-1,-3.873345337E0
9.351373804E1,1.029633865E1,1.639989624E0,-3.690276031E0
9.353384904E1,1.069510941E1,2.434237976E0,-3.192561035E0
9.355395904E1,1.102262833E1,2.502196655E0,-3.055595856E0
9.357406904E1,1.011446686E1,1.297501831E0,-4.270469513E0
9.359417904E1,9.797426147E0,-1.724414062E-1,-6.509663086E0
9.361428904E1,1.192779602E1,-4.421804810E-1,-7.718100128E0
9.363439904E1,1.038375687E1,2.324665833E-1,-8.448880463E0
9.365450904E1,7.723488922E0,-2.279459839E0,-6.099965057E0
9.367461904E1,7.103627930E0,-4.673880615E0,-2.703527985E0
9.369472854E1,7.244335327E0,-6.005212097E0,-1.762434998E0
9.371483954E1,8.659791870E0,-3.492986298E0,-3.531755676E0
9.373494954E1,1.070962921E1,-8.366102600E-1,-4.794529724E0
9.375505954E1,1.104118973E1,1.369502106E0,-4.917873230E0
9.377516954E1,9.890981598E0,2.661615143E0,-4.700375519E0
9.379527954E1,9.071585541E0,2.007924500E0,-4.583618317E0
9.381538954E1,7.899822235E0,3.017724609E-1,-4.293072510E0
9.383549954E1,6.572083282E0,-1.554068298E0,-3.480113068E0
9.385560954E1,5.838009796E0,-2.262395325E0,-2.466720428E0
9.387572054E1,6.148164825E0,-2.684667206E0,-1.657054138E0
9.389583054E1,7.492070160E0,-3.052602081E0,-1.595681763E0
9.391594054E1,8.270451508E0,-2.718047791E0,-2.203567657E0
9.393605054E1,9.249565430E0,-1.509161682E0,-3.027903442E0
9.395616054E1,9.137149200E0,-7.150630188E-1,-3.488046570E0
9.397627054E1,9.203760681E0,9.340576172E-2,-3.789519653E0
9.399638054E1,9.477840729E0,5.119354248E-1,-3.528761902E0
9.401649054E1,9.234297180E0,2.845582581E-1,-2.969524841E0
9.403660154E1,9.150321808E0,-3.106040955E-1,-2.785856781E0
9.405671154E1,9.615853729E0,-8.660989380E-1,-2.772085419E0
9.407682154E1,1.022134460E1,-1.355730743E0,-2.668051758E0
9.409693154E1,1.085916824E1,-1.560804291E0,-2.147434387E0
9.411704154E1,1.105091949E1,-9.050180054E-1,-1.594035187E0
9.413715154E1,9.511969757E0,-5.155279541E-1,-4.113146667E0
9.415726154E1,1.139804764E1,-1.486408997E0,-6.347101135E0
9.417737154E1,1.240410553E1,-4.223317566E0,-6.522985382E0
9.419748254E1,9.954898682E0,-4.208049316E0,-5.220094757E0
9.421759254E1,7.761958923E0,-2.262694702E0,-5.098248138E0
9.423770254E1,6.442901917E0,-3.150947571E-1,-5.073998566E0
9.425781254E1,6.151607666E0,8.125103760E-1,-4.872667236E0
9.427792254E1,6.441405029E0,6.014492798E-1,-4.679269409E0
9.429803254E1,8.085735626E0,-4.129911804E-1,-4.511767731E0
9.431814254E1,9.535021820E0,-1.508413239E0,-4.658612366E0
9.433825254E1,9.721234589E0,-1.974843292E0,-4.738695831E0
9.435836254E1,9.050778809E0,-1.688937836E0,-4.723277893E0
9.437847354E1,8.368946686E0,-1.238225098E0,-4.511318665E0
9.439858354E1,8.174201660E0,-9.413923645E-1,-4.288581848E0
9.441869354E1,8.212671661E0,-6.551875305E-1,-4.120930481E0
9.443880354E1,8.099207611E0,-2.559677124E-1,-4.130360870E0
9.445891354E1,8.193810883E0,1.727407837E-1,-4.201463013E0
9.447902354E1,8.455466766E0,4.474195862E-1,-4.563560028E0
9.449913354E1,8.718469849E0,3.317102051E-1,-4.925507355E0
9.451924454E1,8.765472107E0,-1.618135071E-1,-4.981191559E0
9.453935454E1,8.700806580E0,-6.411167908E-1,-4.807402954E0
9.455946454E1,8.647667084E0,-1.074765015E0,-4.540058899E0
9.457957454E1,8.657396851E0,-1.443298645E0,-4.125121765E0
9.459968454E1,8.707093506E0,-1.567689972E0,-3.816014557E0
9.461979454E1,8.782686310E0,-1.558109894E0,-3.848497009E0
9.463990454E1,8.710536346E0,-1.106499023E0,-4.302652588E0
9.466001454E1,8.716224518E0,-6.240522766E-1,-4.584815826E0
9.468012554E1,8.648864594E0,-3.888912964E-1,-4.726421356E0
9.470023554E1,8.555458832E0,-5.405259705E-1,-4.755161591E0
9.472034554E1,8.610095215E0,-8.349636841E-1,-4.601431274E0
9.474045554E1,8.669821014E0,-1.127754822E0,-4.374054108E0
9.476056554E1,8.693471832E0,-1.257984009E0,-4.243076477E0
9.478067554E1,8.740324402E0,-1.227896576E0,-4.157155151E0
9.480078554E1,8.747659149E0,-1.114282837E0,-4.184847565E0
9.482089654E1,8.810229034E0,-9.997709656E-1,-4.277205505E0
9.484100654E1,8.852141876E0,-9.383985901E-1,-4.325405273E0
9.486111654E1,8.900641022E0,-8.988807678E-1,-4.313729553E0
9.488122654E1,8.910520477E0,-9.041198730E-1,-4.249363403E0
9.490133654E1,8.922345886E0,-9.443861389E-1,-4.172722778E0
9.492144654E1,8.911268921E0,-1.031205597E0,-4.167034607E0
9.494155654E1,8.857530670E0,-1.079704742E0,-4.177363129E0
9.496166754E1,8.747210083E0,-1.034947815E0,-4.162993011E0
9.498177754E1,8.731792145E0,-9.788145447E-1,-4.160148926E0
9.500188754E1,8.840765533E0,-9.675878906E-1,-4.190835114E0
9.502199754E1,8.892408142E0,-1.000818787E0,-4.212689667E0
9.504210754E1,8.894354095E0,-1.011296997E0,-4.226910095E0