"Time (s)","X (rad/s)","Y (rad/s)","Z (rad/s)"
1.589491672E-2,-8.650657535E-2,9.822887927E-2,-6.925251335E-2
3.600391676E-2,-1.660406291E-1,7.821682841E-2,-6.173970550E-2
5.611391668E-2,-2.729025483E-1,5.738092959E-2,-4.604755715E-2
7.622291672E-2,-3.909646273E-1,-1.845008694E-3,-3.094031103E-2
9.633191675E-2,-5.538238287E-1,-6.494175643E-2,3.053808026E-2
1.164409167E-1,-7.460920811E-1,-1.302696466E-1,1.300151348E-1
1.365499167E-1,-9.495073557E-1,-2.037884146E-1,2.667400241E-1
1.566589167E-1,-1.143189669E0,-2.351946533E-1,3.894351125E-1
1.767679168E-1,-1.318085074E0,-2.256971151E-1,4.848685265E-1
1.968769167E-1,-1.441218138E0,-1.785588861E-1,5.167902112E-1
2.169859167E-1,-1.493932128E0,-1.857364178E-1,4.932411611E-1
2.370949168E-1,-1.524151325E0,-1.684096903E-1,4.325166941E-1
2.572039167E-1,-1.490476131E0,-1.161811352E-1,3.977628946E-1
2.773129167E-1,-1.410314679E0,-8.423703164E-2,4.089106917E-1
2.974219167E-1,-1.363421798E0,-7.789671421E-2,4.591323137E-1
3.175319168E-1,-1.395440698E0,-2.554818057E-2,5.326709151E-1
3.376409167E-1,-1.528566241E0,1.086072996E-1,6.050179601E-1
3.577499167E-1,-1.658272624E0,2.426913679E-1,6.269278526E-1
3.778589168E-1,-1.759000778E0,2.597446144E-1,5.767192245E-1
3.979679167E-1,-1.830120802E0,2.062557489E-1,4.824676514E-1
4.180769167E-1,-1.873867273E0,1.723230481E-1,4.198910296E-1
4.381859167E-1,-1.875918150E0,1.136032194E-1,4.054557681E-1
4.582949167E-1,-1.881038547E0,1.226139516E-1,4.775524437E-1
4.784039167E-1,-1.892236948E0,1.428017914E-1,5.985036492E-1
4.985129167E-1,-1.931372285E0,1.734072715E-1,7.181185484E-1
5.186219168E-1,-2.006064892E0,2.139943689E-1,7.970354557E-1
5.387309167E-1,-2.115991592E0,2.425810397E-1,8.291809559E-1
5.588399167E-1,-2.210343122E0,2.625465095E-1,8.266674876E-1
5.789499168E-1,-2.261337757E0,2.119630277E-1,8.134575486E-1
5.990590417E-1,-2.246133089E0,1.347945035E-1,8.005913496E-1
6.191680417E-1,-2.203397751E0,8.374612778E-2,7.872382998E-1
6.392770418E-1,-2.167939663E0,6.774955243E-2,7.902369499E-1
6.593860417E-1,-2.160384655E0,8.702229708E-2,8.093378544E-1
6.794950417E-1,-2.169686556E0,1.192243323E-1,8.339863420E-1
6.996040418E-1,-2.179072857E0,8.882132918E-2,8.591024280E-1
7.197130417E-1,-2.218575478E0,9.210921824E-3,8.776704669E-1
7.398220417E-1,-2.290058613E0,-3.660438210E-2,8.707310557E-1
7.599310417E-1,-2.368341208E0,2.368870005E-2,8.090454340E-1
7.800400418E-1,-2.445547581E0,2.062415928E-1,6.556580067E-1
8.001490417E-1,-2.505492687E0,4.698532224E-1,5.088769794E-1
8.202590417E-1,-2.608578444E0,6.362261176E-1,4.586847126E-1
8.403680418E-1,-2.568231821E0,8.354616165E-1,4.660318792E-1
8.604770417E-1,-2.444730997E0,3.902867436E-1,4.141499400E-1
8.805860417E-1,-2.839832783E0,3.432128727E-1,4.119829535E-1
9.006950418E-1,-3.166466951E0,1.848847419E-1,6.397077441E-1
9.208040417E-1,-3.352016211E0,-4.883335903E-3,9.924782515E-1
9.409130417E-1,-3.261999846E0,1.723849475E-1,1.286317706E0
9.610220417E-1,-2.972538471E0,4.743909240E-1,1.328980327E0
9.811310418E-1,-2.708825588E0,7.454605103E-1,1.230634212E0
1.001240042E0,-2.562398195E0,7.647511959E-1,1.095195532E0
1.021349042E0,-2.480516195E0,6.141858101E-1,9.148671031E-1
1.041459042E0,-2.392974138E0,4.139905572E-1,7.674047947E-1
1.061568042E0,-2.287535429E0,1.578763500E-2,6.983085275E-1
1.081677042E0,-2.193577051E0,-2.184215486E-1,7.394586205E-1
1.101786042E0,-2.041800499E0,-1.543799043E-1,8.423409462E-1
1.121895042E0,-1.889744520E0,-6.899898499E-2,8.816629648E-1
1.142004042E0,-1.804553270E0,-7.603788376E-2,8.598505855E-1
1.162113042E0,-1.831459999E0,-1.698335558E-1,8.146907091E-1
1.182222042E0,-1.928701162E0,-1.885844320E-1,7.946670055E-1
1.202331042E0,-1.961181760E0,-9.338670224E-2,7.801377773E-1
1.222440042E0,-1.880684137E0,5.637731403E-2,7.738928199E-1
1.242549042E0,-1.725092411E0,4.243007302E-2,7.284201384E-1
1.262659042E0,-1.609774470E0,-1.409941353E-2,6.299619675E-1
1.282768042E0,-1.495298862E0,4.152846523E-3,5.319869518E-1
1.302877042E0,-1.392788410E0,2.797158202E-3,4.416991472E-1
1.322986042E0,-1.302094460E0,3.679098934E-2,3.894951642E-1
1.343095042E0,-1.196554065E0,1.529743820E-1,3.552632630E-1
1.363204042E0,-1.033384323E0,2.135551572E-1,3.301067650E-1
1.383313042E0,-8.341553807E-1,3.264580369E-1,3.182059526E-1
1.403422042E0,-7.055482864E-1,4.963136315E-1,2.133024186E-1
1.423531042E0,-7.731989622E-1,6.556067467E-1,3.850873560E-2
1.443640042E0,-5.760748386E-1,3.008067310E-1,3.306771070E-2
1.463749042E0,-3.990711272E-1,-5.028317571E-1,2.442030013E-1
1.483859042E0,-2.474045604E-1,-1.148325920E0,9.664862603E-2
1.503968042E0,-3.411729336E-1,-4.563939273E-1,2.208435982E-1
1.524077042E0,-6.244086623E-1,3.066649735E-1,4.654819071E-1
1.544186042E0,-1.044754982E0,4.149490297E-1,5.783669949E-1
1.564295042E0,-1.183837891E0,2.025188953E-1,4.551996887E-1
1.584404042E0,-1.009881020E0,1.002421305E-1,2.022632062E-1
1.604512958E0,-5.503480434E-1,8.194438368E-2,-2.167938948E-1
1.624621958E0,5.469947308E-2,4.036114737E-2,-6.067559719E-1
1.644730958E0,6.093885303E-1,-7.828826457E-2,-8.915984035E-1
1.664839958E0,8.698301911E-1,-2.016235590E-1,-9.039241672E-1
1.684948958E0,9.057211280E-1,-5.186221004E-1,-6.763979197E-1
1.705058958E0,7.629647255E-1,-7.166830301E-1,-4.374872148E-1
1.725167958E0,5.502138734E-1,-6.381968856E-1,-1.989934295E-1
1.745276958E0,3.638112843E-1,-5.492380261E-1,4.973753914E-2
1.765385958E0,1.710658073E-1,-4.082006812E-1,1.579762697E-1
1.785494958E0,7.843460888E-3,-2.986643314E-1,2.199392021E-1
1.805603958E0,-2.296410315E-2,-2.225021124E-1,2.068265080E-1
1.825712958E0,1.066729426E-1,-1.672423035E-1,1.328327358E-1
1.845821958E0,3.049665093E-1,-1.645694822E-1,5.426912382E-2
1.865930958E0,4.901649058E-1,-1.706073582E-1,9.658040479E-3
1.886039958E0,5.947149396E-1,-1.586854011E-1,4.076166078E-3
1.906149958E0,6.175483465E-1,-6.410174817E-2,-4.164175689E-2
1.926258958E0,5.621331334E-1,-8.613713831E-2,-1.238881573E-1
1.946367958E0,3.821722865E-1,-1.340815127E-1,-2.155499309E-1
1.966476958E0,1.666495949E-1,-3.563152999E-2,-3.156986833E-1
1.986585958E0,9.081656486E-2,8.151344955E-2,-4.373263717E-1
2.006694958E0,6.165121496E-2,6.548437476E-2,-5.242051482E-1
2.026803958E0,-2.169276960E-2,-2.152930051E-1,-4.822145998E-1
2.046912958E0,4.978048801E-2,-3.308169246E-1,-5.693228245E-1
2.067021958E0,-4.494197294E-2,-1.337168217E-1,-5.566409826E-1
2.087130958E0,-6.576955318E-2,7.352680713E-2,-4.692557156E-1
2.107239958E0,-1.979385018E-1,-6.883243471E-2,-3.335486650E-1
2.127349958E0,-1.023363620E-1,2.316204365E-3,-1.852606237E-1
2.147458958E0,3.280560672E-1,5.320143104E-1,-1.472593397E-1
2.167567958E0,7.399217486E-1,4.975538552E-1,-1.580911577E-1
2.187676958E0,8.338221312E-1,9.740435332E-2,-5.466323346E-2
2.207785958E0,7.102204561E-1,-5.815089680E-4,3.049978241E-2
2.227894958E0,5.168947577E-1,-3.397488296E-1,4.342404753E-2
2.248003958E0,2.399511188E-1,-4.564201832E-1,1.168484688E-1
2.268112958E0,8.268723614E-4,-3.312475979E-1,1.628463417E-1
2.288221958E0,-1.386605203E-1,-1.322379261E-1,1.841327846E-1
2.308330958E0,-1.348609924E-1,-4.189838655E-4,2.361793220E-1
2.328439958E0,3.172242269E-2,1.024518833E-1,2.569890320E-1
2.348549958E0,2.719998658E-1,1.839507520E-1,1.896118969E-1
2.368658958E0,4.222686887E-1,9.000040591E-2,1.068274975E-1
2.388767958E0,4.250514805E-1,-3.452512622E-2,3.247873113E-2
2.408876958E0,2.830196023E-1,-1.062982380E-1,-3.686598316E-2
2.428985958E0,3.135302290E-2,-1.435079277E-1,-1.031765640E-1
2.449094958E0,-2.137232870E-1,-8.025130257E-3,-1.313478649E-1
2.469203958E0,-3.707389235E-1,2.135986984E-1,-1.039586589E-1
2.489312958E0,-4.335411489E-1,2.365753800E-1,-6.498546153E-2
2.509421958E0,-4.212778211E-1,1.409037858E-1,9.075867943E-3
2.529530958E0,-3.130622208E-1,2.896651030E-1,5.046689138E-2
2.549639958E0,-1.509969383E-1,4.989612997E-1,3.401049180E-3
2.569749958E0,8.748874068E-2,3.536619246E-1,4.649955407E-2
2.589858417E0,3.839046061E-1,-1.030664220E-1,3.035237193E-1
2.609967417E0,4.409846365E-1,4.167890176E-2,4.359177053E-1
2.630076417E0,5.833660364E-1,4.652192891E-1,1.581662148E-2
2.650185417E0,5.690836906E-1,3.430486619E-1,-2.394731641E-1
2.670294417E0,3.170766234E-1,-2.284080833E-1,-2.686420679E-1
2.690403417E0,-9.200987965E-2,-5.990533233E-1,-8.144172281E-2
2.710512417E0,-1.834542006E-1,-5.368979573E-1,1.527282447E-1
2.730621417E0,5.425573140E-2,-3.047843575E-1,3.214209378E-1
2.750730417E0,2.935874462E-1,4.742688686E-2,2.379408479E-1
2.770839417E0,5.008602142E-1,1.102834195E-1,-4.304392263E-3
2.790948417E0,6.067510843E-1,8.316645771E-2,-4.721711576E-1
2.811058417E0,7.489830256E-1,-9.723235853E-3,-8.312101960E-1
2.831167417E0,9.604035020E-1,-1.160507500E-1,-9.304478765E-1
2.851276417E0,1.138329625E0,-2.549835742E-1,-7.893889546E-1
2.871385417E0,1.216182947E0,-2.799526751E-1,-5.520312190E-1
2.891494417E0,1.108404875E0,-1.423571110E-1,-3.670277894E-1
2.911603417E0,9.391248226E-1,-8.938702941E-2,-2.558875084E-1
2.931712417E0,7.966268063E-1,-8.393595368E-2,-1.806276888E-1
2.951821417E0,6.361441016E-1,-1.224949062E-1,-1.599577665E-1
2.971930417E0,5.037015676E-1,-9.973099083E-2,-1.717409045E-1
2.992039417E0,4.819657207E-1,-1.157728955E-2,-1.658694297E-1
3.012148417E0,5.429446697E-1,2.835894190E-2,-1.607092768E-1
3.032257417E0,6.353399754E-1,6.780360639E-2,-1.833785474E-1
3.052367417E0,7.328728437E-1,2.364137024E-2,-2.560292184E-1
3.072476417E0,7.431445122E-1,-1.643837094E-1,-2.915519178E-1
3.092585417E0,6.935315728E-1,-2.110150754E-1,-3.209301829E-1
3.112694417E0,6.953475475E-1,-2.658233792E-2,-3.995101452E-1
3.132803417E0,7.926788926E-1,2.039180398E-1,-5.520561337E-1
3.152912417E0,7.817253470E-1,1.447008690E-3,-6.534428596E-1
3.173021417E0,7.309004068E-1,-3.670743108E-1,-8.063291311E-1
3.193130417E0,6.971510649E-1,-2.658881545E-1,-9.515326023E-1
3.213239417E0,7.094029188E-1,7.857387513E-2,-8.238987923E-1
3.233348417E0,6.397977471E-1,-1.997475028E-1,-6.582725048E-1
3.253457417E0,6.939289570E-1,-3.978698552E-1,-4.109508395E-1
3.273566417E0,9.694824815E-1,3.362662345E-2,-2.104590833E-1
3.293676417E0,1.291639686E0,1.007059887E-1,-4.818351567E-2
3.313785417E0,1.405793548E0,-1.933018714E-1,1.200655401E-1
3.333894417E0,1.459988952E0,-7.578169554E-2,5.147756636E-2
3.354003417E0,1.492136955E0,6.857161224E-2,-1.739592850E-1
3.374112417E0,1.415929198E0,-3.639826551E-2,-2.715762258E-1
3.394221417E0,1.258354187E0,-9.754417837E-2,-2.917326391E-1
3.414330417E0,1.104733825E0,-1.379738301E-1,-2.631855607E-1
3.434439417E0,1.050102711E0,-1.314248443E-1,-2.222215831E-1
3.454548417E0,1.118560791E0,-9.289410710E-2,-1.879358143E-1
3.474657417E0,1.266522765E0,9.052304085E-4,-1.771785170E-1
3.494766417E0,1.361125827E0,-3.552632034E-2,-2.711738050E-1
3.514875417E0,1.327176571E0,-1.157950312E-1,-4.168103039E-1
3.534985417E0,1.203588128E0,-1.154878214E-1,-5.404312611E-1
3.555094417E0,1.057099342E0,-3.196774796E-2,-5.894613862E-1
3.575203417E0,9.336312413E-1,4.378441721E-2,-5.675789714E-1
3.595312958E0,8.284561038E-1,8.365304023E-2,-5.115419626E-1
3.615421958E0,7.322605252E-1,1.013470590E-1,-4.607709646E-1
3.635530958E0,6.512819529E-1,5.128256604E-2,-4.209782779E-1
3.655639958E0,6.136509180E-1,7.608150691E-2,-3.966377974E-1
3.675748958E0,6.195414662E-1,3.054013848E-1,-4.509530067E-1
3.695857958E0,7.003567219E-1,5.727130175E-1,-4.764227867E-1
3.715966958E0,1.044600964E0,2.776572406E-1,-3.472332358E-1
3.736075958E0,1.284597278E0,-1.719379723E-1,-1.169989184E-1
3.756184958E0,1.476794600E0,-2.021203339E-1,-3.241674602E-1
3.776294958E0,1.585433125E0,6.798116490E-3,-7.700770497E-1
3.796403958E0,1.500585794E0,2.905697376E-2,-8.927030563E-1
3.816512958E0,1.206710815E0,-1.601153761E-1,-7.750976682E-1
3.836621958E0,9.782635570E-1,-3.444140851E-1,-5.903410912E-1
3.856730958E0,1.012228131E0,-3.482752740E-1,-4.757886529E-1
3.876839958E0,1.179138303E0,-1.396798640E-1,-4.327051044E-1
3.896948958E0,1.384206772E0,3.569767624E-2,-4.881121814E-1
3.917057958E0,1.560983777E0,-1.455873530E-2,-7.319989204E-1
3.937166958E0,1.639416695E0,-1.103542969E-1,-1.093863249E0
3.957275958E0,1.718475699E0,-1.817123741E-1,-1.294040322E0
3.977384958E0,1.776694775E0,-2.412377149E-1,-1.263165474E0
3.997493958E0,1.795457959E0,-2.795177400E-1,-1.083222032E0
4.017603958E0,1.747660518E0,-2.734810412E-1,-8.350685239E-1
4.037712958E0,1.637821794E0,-2.346835732E-1,-6.495396495E-1
4.057821958E0,1.514333010E0,-2.379591316E-1,-5.436654091E-1
4.077930958E0,1.423869371E0,-2.754036486E-1,-4.934982359E-1
4.098039958E0,1.324920177E0,-2.498562336E-1,-4.806641936E-1
4.118148958E0,1.243507981E0,-1.584773511E-1,-4.697711766E-1
4.138257958E0,1.179321170E0,-5.838989094E-2,-4.022943974E-1
4.158366958E0,1.126259208E0,2.894352889E-3,-3.245050907E-1
4.178475958E0,1.080664635E0,-2.162475511E-2,-2.893293500E-1
4.198584958E0,9.781578779E-1,-1.391475946E-1,-2.743415236E-1
4.218693958E0,7.930334210E-1,-2.353123575E-1,-2.755703032E-1
4.238803958E0,6.673406959E-1,-1.166944206E-1,-2.832342088E-1
4.258912958E0,6.268085837E-1,6.708641350E-2,-3.378879428E-1
4.279021958E0,6.953571439E-1,2.021253258E-1,-4.829450250E-1
4.299130958E0,8.134146333E-1,2.712070048E-1,-6.875922680E-1
4.319239958E0,8.663107753E-1,2.860587239E-1,-8.194611669E-1
4.339348958E0,8.348507285E-1,-6.124639884E-2,-7.702386379E-1
4.359457958E0,9.004894495E-1,-3.922283351E-1,-8.276569247E-1
4.379566958E0,7.945674062E-1,-1.499153227E-1,-9.100319743E-1
4.399675958E0,6.757717133E-1,3.578310013E-1,-8.591464162E-1
4.419784958E0,5.303112268E-1,6.086341292E-2,-7.084803581E-1
4.439893958E0,7.470695376E-1,2.879810035E-1,-4.845849276E-1
4.460002958E0,1.122818947E0,5.147418380E-1,-2.633132339E-1
4.480112958E0,1.316664696E0,2.114928663E-1,-2.558571100E-2
4.500221958E0,1.294051170E0,2.558003366E-1,1.079919338E-1
4.520330958E0,1.057273626E0,1.814016551E-1,6.799079478E-2
4.540439958E0,7.923718691E-1,8.738180995E-2,9.478219599E-2
4.560548958E0,5.188953876E-1,1.640227437E-2,1.709243059E-1
4.580657958E0,2.936798632E-1,2.076479793E-2,2.344441563E-1
4.600766792E0,1.658576876E-1,1.200629026E-1,2.818255424E-1
4.620875792E0,1.825917363E-1,1.346422434E-1,3.180407882E-1
4.640984792E0,3.106307387E-1,1.182158962E-1,2.871449888E-1
4.661093792E0,4.401165247E-1,2.877627127E-2,2.234362662E-1
4.681202792E0,4.861740470E-1,-6.371653825E-2,1.419842392E-1
4.701311792E0,3.892483711E-1,-8.210069686E-2,5.757303908E-2
4.721421792E0,1.595882624E-1,-6.384593993E-2,-3.553296626E-2
4.741530792E0,-1.185247526E-1,5.313524511E-3,-8.389177918E-2
4.761639792E0,-2.780588567E-1,1.406540722E-1,-7.060463727E-2
4.781748792E0,-3.155808449E-1,1.061308458E-1,-2.607237920E-2
4.801857792E0,-2.846760750E-1,-1.418215185E-1,5.534567311E-2
4.821966792E0,-2.136919796E-1,4.691307992E-2,1.230899990E-1
4.842075792E0,-3.119430132E-2,4.448300898E-1,9.518938512E-2
4.862184792E0,1.397829801E-1,5.823860168E-1,7.465567440E-2
4.882293792E0,2.248310298E-1,6.644406915E-1,8.160720021E-2
4.902402792E0,5.051800013E-1,3.267747164E-1,1.747982800E-1
4.922511792E0,5.475941896E-1,-1.493868232E-1,2.919114530E-1
4.942620792E0,7.195570469E-1,-4.748496786E-2,-1.407608986E-1
4.962730792E0,8.256340027E-1,-8.158911020E-3,-3.852250576E-1
4.982839792E0,6.458120346E-1,-1.297786236E-1,-3.459909856E-1
5.002948792E0,2.464684397E-1,-1.350395977E-1,-1.104011610E-1
5.023057792E0,9.130840003E-2,-1.288222522E-1,6.617188919E-3
5.043166792E0,1.741429716E-1,-2.057771683E-1,5.365857854E-2
5.063275792E0,3.014436364E-1,-5.361026153E-2,-1.167327818E-2
5.083384792E0,4.745410085E-1,-6.306089461E-2,-2.196179628E-1
5.103493792E0,7.101155519E-1,-1.237062588E-1,-5.714063048E-1
5.123602792E0,8.812771440E-1,-7.972457260E-2,-9.627591968E-1
5.143711792E0,9.529163837E-1,-1.998147219E-1,-1.049174428E0
5.163820792E0,9.957414269E-1,-4.538006485E-1,-8.506379128E-1
5.183930792E0,1.025448561E0,-5.213707089E-1,-5.653948188E-1
5.204039792E0,9.217723012E-1,-3.807593882E-1,-3.586946726E-1
5.224148792E0,7.335899472E-1,-2.416681945E-1,-2.013236731E-1
5.244257792E0,5.377849340E-1,-2.328825295E-1,-6.554153562E-2
5.264366792E0,3.609273136E-1,-2.502057850E-1,1.898469590E-2
5.284475792E0,2.022631168E-1,-2.493539751E-1,5.150504783E-2
5.304584792E0,1.320243776E-1,-1.744668931E-1,8.375261724E-2
5.324693792E0,1.457507014E-1,-7.669636607E-2,1.143987104E-1
5.344802792E0,2.058556080E-1,4.050143063E-2,1.177102327E-1
5.364911792E0,2.645516992E-1,1.583435014E-2,9.300872684E-2
5.385020792E0,2.488273382E-1,-1.513754129E-1,4.204806685E-2
5.405130792E0,1.272116452E-1,-9.139408916E-2,-4.490652680E-2
5.425239792E0,3.854849935E-2,1.263292432E-1,-2.050119340E-1
5.445348792E0,4.661444109E-3,2.970441580E-1,-4.042756557E-1
5.465457792E0,-1.238778532E-1,3.517389670E-2,-4.535604715E-1
5.485566792E0,-2.343491614E-1,-1.334790289E-1,-5.143514276E-1
5.505675792E0,-2.867616713E-1,3.479006886E-2,-6.290602684E-1
5.525784792E0,-2.547036409E-1,4.473798275E-1,-5.381899476E-1
5.545893792E0,-3.137707114E-1,5.723060295E-2,-3.786713481E-1
5.566002792E0,-3.850012124E-1,-3.508161306E-1,-1.743674129E-1
5.586111792E0,-1.050050631E-1,6.993498653E-2,-6.677955855E-3
5.606220792E0,3.349511027E-1,4.832691252E-1,2.852949686E-2
5.626330792E0,6.106242537E-1,2.998580635E-1,3.629268706E-2
5.646439792E0,5.933657289E-1,-2.340490930E-3,3.232998028E-2
5.666548792E0,3.326746821E-1,-2.907504737E-1,7.329308242E-2
5.686657792E0,1.755123399E-2,-4.595929384E-1,2.701815665E-1
5.706766792E0,-2.993474603E-1,-5.042941570E-1,4.440312684E-1
5.726875792E0,-5.342115164E-1,-2.703052759E-1,5.017471910E-1
5.746984792E0,-6.260136962E-1,-7.715861499E-2,5.543711782E-1
5.767093792E0,-6.095908284E-1,-2.928011306E-2,5.725814700E-1
5.787202792E0,-4.816560745E-1,-3.733003885E-2,5.192493200E-1
5.807311792E0,-3.213553429E-1,-4.605870694E-2,4.349828362E-1
5.827420792E0,-2.468797863E-1,-1.057256088E-1,3.136481941E-1
5.847530792E0,-2.469245642E-1,-2.045399547E-1,1.968078315E-1
5.867639792E0,-3.136521876E-1,-1.618134528E-1,9.585447609E-2
5.887748792E0,-3.552612662E-1,-4.788572714E-2,6.188444421E-2
5.907857792E0,-3.240041733E-1,1.188609749E-2,6.948982924E-2
5.927966792E0,-2.541854382E-1,-1.367757283E-2,9.067822248E-2
5.948075792E0,-2.183746099E-1,-3.526541218E-2,9.408258647E-2
5.968184792E0,-2.014985085E-1,1.274165064E-1,8.864770830E-2
5.988293792E0,-1.158005148E-1,4.143761396E-1,7.219135016E-2
6.008402792E0,-8.139761165E-3,5.828129649E-1,4.149710387E-2
6.028511792E0,1.289506853E-1,5.014508367E-1,1.391756907E-2
6.048621792E0,4.683179557E-1,1.166447401E-1,1.576867998E-1
6.068730792E0,4.270657301E-1,9.598460048E-3,2.817312777E-1
6.088839792E0,3.821843863E-1,1.573888958E-1,-6.693953276E-2
6.108948792E0,4.300454557E-1,3.585076332E-1,-1.922127157E-1
6.129057792E0,2.338704765E-1,2.887946665E-1,-2.014449686E-1
6.149166792E0,-2.888499498E-1,5.866792426E-2,3.317962587E-2
6.169275792E0,-6.107844710E-1,-1.517460644E-1,1.492161900E-1
6.189384792E0,-4.560379386E-1,-4.579764605E-1,1.726769805E-1
6.209493792E0,-2.707157135E-1,-2.854209542E-1,1.278886348E-1
6.229602792E0,-1.505382508E-1,1.370106041E-1,-5.277775228E-2
6.249711792E0,4.048964381E-2,3.485139310E-1,-3.100934327E-1
6.269821792E0,2.895448506E-1,3.409239352E-1,-5.501270294E-1
6.289930792E0,5.030301213E-1,7.944706082E-2,-6.194384694E-1
6.310039792E0,6.382523179E-1,-3.206662834E-1,-4.534061253E-1
6.330148792E0,7.351859808E-1,-5.113665462E-1,-2.101069242E-1
6.350257792E0,6.863707900E-1,-4.338284135E-1,-4.438214749E-2
6.370366792E0,4.878678322E-1,-3.324877918E-1,5.416870117E-2
6.390475792E0,2.915820181E-1,-3.508329391E-1,1.425135285E-1
6.410584792E0,1.708264947E-1,-3.175326884E-1,1.854510605E-1
6.430693792E0,1.394146234E-1,-2.642574310E-1,1.625922024E-1
6.450802792E0,1.862213612E-1,-2.005472928E-1,1.281611770E-1
6.470912792E0,3.068986833E-1,-6.995037943E-2,9.317133576E-2
6.491021792E0,4.326052368E-1,8.807544410E-2,3.922281414E-2
6.511130792E0,4.751751721E-1,1.458028406E-1,-8.095086552E-3
6.531239792E0,3.561368585E-1,5.507868528E-2,-5.809000880E-2
6.551348792E0,1.205210984E-1,1.141261831E-1,-1.261627674E-1
6.571457792E0,-5.318776146E-2,2.725256979E-1,-2.569506168E-1
6.591566792E0,-1.530931592E-1,3.473563790E-1,-4.154531956E-1
6.611676208E0,-2.958385944E-1,9.542345256E-2,-4.926723540E-1
6.631785208E0,-3.742094040E-1,-1.258863956E-1,-5.245753527E-1
6.651894208E0,-3.264546990E-1,-1.280209869E-1,-5.846140981E-1
6.672004208E0,-3.246421516E-1,9.843513370E-2,-4.816494286E-1
6.692113208E0,-3.971699774E-1,3.958826512E-2,-3.699634969E-1
6.712222208E0,-2.274299562E-1,3.597488627E-2,-2.582167387E-1
6.732331208E0,1.383024603E-1,2.768044174E-1,-2.022525668E-1
6.752440208E0,4.639993608E-1,4.540993273E-2,-1.191411391E-1
6.772549208E0,6.544013619E-1,-2.145201862E-1,-6.853620289E-4
6.792658208E0,6.438745260E-1,-1.520443708E-1,2.446215041E-2
6.812767208E0,4.746870100E-1,-1.119619012E-1,7.441516221E-2
6.832876208E0,1.670729071E-1,-2.197537422E-1,2.223095447E-1
6.852985208E0,-1.880364269E-1,-2.942028940E-1,3.161655366E-1
6.873095208E0,-4.844778776E-1,-2.294148952E-1,4.247119129E-1
6.893204208E0,-5.808937550E-1,-5.189389735E-2,5.267149806E-1
6.913313208E0,-4.582658708E-1,3.010099754E-2,5.295212269E-1
6.933422208E0,-2.420287132E-1,3.564421088E-2,4.675728679E-1
6.953531208E0,-7.235687226E-2,-1.603979245E-2,3.653492332E-1
6.973640208E0,-1.782443491E-3,-9.000217915E-2,2.378530055E-1
6.993749208E0,-6.823752820E-2,-1.029397175E-1,1.378073096E-1
7.013858208E0,-2.220154554E-1,-4.436681047E-2,6.096336618E-2
7.033967208E0,-3.091150224E-1,3.748677671E-2,4.506139085E-2
7.054076208E0,-3.047545552E-1,1.342072487E-1,1.065640375E-1
7.074186208E0,-2.599972188E-1,1.687084585E-1,1.843157411E-1
7.094295208E0,-2.394605428E-1,1.172469929E-1,2.611337900E-1
7.114404208E0,-2.463739663E-1,2.869215310E-1,2.649080455E-1
7.134513208E0,-2.604078054E-1,6.243132353E-1,2.300129086E-1
7.154622208E0,-2.872317731E-1,7.938591838E-1,1.845908463E-1
7.174731208E0,1.204280183E-1,3.331016600E-1,2.323127985E-1
7.194840208E0,3.164517283E-1,-1.361256689E-1,3.772241175E-1
7.214949208E0,3.845779002E-1,-2.618758082E-1,2.176609337E-1
7.235058208E0,5.431636572E-1,1.938533634E-1,-1.049445868E-1
7.255168208E0,5.641859770E-1,5.027353764E-1,-1.976964474E-1
7.275277208E0,9.704997391E-2,3.119129539E-1,-9.311524779E-2
7.295386208E0,-4.418316185E-1,7.125011832E-2,9.494677186E-2
7.315495208E0,-5.408130288E-1,-2.434826046E-1,1.565098315E-1
7.335604208E0,-4.224729240E-1,-1.719108969E-1,2.306779027E-1
7.355713208E0,-2.829740644E-1,8.973725140E-2,1.126197726E-1
7.375822208E0,-1.248988286E-1,1.421980411E-1,-9.773004055E-2
7.395931208E0,5.683259666E-2,1.091092229E-1,-3.812791705E-1
7.416041208E0,2.960559726E-1,3.799135610E-2,-5.813853741E-1
7.436150208E0,4.933144450E-1,-1.724544615E-1,-5.909113288E-1
7.456259208E0,5.898215175E-1,-4.163573980E-1,-4.273937047E-1
7.476368208E0,5.884549022E-1,-4.365954697E-1,-2.471225709E-1
7.496477208E0,4.982192218E-1,-3.047618568E-1,-1.068622470E-1
7.516586208E0,3.737556934E-1,-3.054535687E-1,2.832636470E-3
7.536695208E0,2.504334748E-1,-3.745518923E-1,1.001081467E-1
7.556804208E0,1.598550230E-1,-3.609028161E-1,1.453853250E-1
7.576914208E0,1.448113024E-1,-3.032310605E-1,1.579643637E-1
7.597026542E0,2.014925182E-1,-2.085790038E-1,1.493423134E-1
7.617135542E0,2.763758004E-1,-8.576387912E-2,1.150538400E-1
7.637244542E0,3.546353877E-1,1.219547018E-1,1.847593486E-2
7.657353542E0,3.921460807E-1,1.040495336E-1,-9.511282295E-2
7.677462542E0,3.039159775E-1,1.023335103E-2,-1.611082405E-1
7.697571542E0,1.455500573E-1,5.239468813E-2,-1.718228608E-1
7.717680542E0,2.184450068E-2,1.293374151E-1,-2.197402865E-1
7.737790542E0,-4.877403751E-2,2.224453837E-1,-3.249540925E-1
7.757899542E0,-1.685037017E-1,3.484264389E-2,-4.218952060E-1
7.778008542E0,-3.213177323E-1,-1.225377396E-1,-4.680458307E-1
7.798117542E0,-3.894260228E-1,-1.103465632E-1,-5.929607749E-1
7.818226542E0,-3.970011473E-1,2.202084810E-1,-5.017666817E-1
7.838335542E0,-4.331201613E-1,9.654259682E-2,-3.832101822E-1
7.858444542E0,-5.261391401E-1,-2.296959162E-1,-2.013111115E-1
7.878554542E0,-2.689169645E-1,7.949716598E-2,-1.002195030E-1
7.898663542E0,1.938501596E-1,5.257910490E-1,-1.129688546E-1
7.918772542E0,4.811728597E-1,2.669787109E-1,-9.890484065E-2
7.938881542E0,5.196171403E-1,-3.968930990E-2,-5.009621754E-2
7.958990542E0,3.674617112E-1,-5.684599653E-2,3.744546697E-2
7.979099542E0,1.143339127E-1,-1.470309645E-1,1.972685605E-1
7.999209542E0,-2.034405321E-1,-3.306589723E-1,3.383109272E-1
8.019318542E0,-5.378200412E-1,-3.087351322E-1,4.191674590E-1
8.039427542E0,-7.585881352E-1,-1.017484367E-1,4.733563066E-1
8.059536542E0,-7.891946435E-1,6.724496931E-2,5.199035406E-1
8.079645542E0,-6.332986951E-1,8.116385341E-2,5.067387819E-1
8.099754542E0,-3.911035359E-1,7.671161741E-2,4.242002666E-1
8.119863542E0,-2.338080257E-1,7.463200949E-3,3.157641292E-1
8.139973542E0,-1.894071400E-1,-2.320155315E-2,1.662853211E-1
8.160082542E0,-2.481107116E-1,7.450885326E-2,4.177524894E-2
8.180191542E0,-3.833560050E-1,1.757112741E-1,7.354226895E-3
8.200300542E0,-5.112434030E-1,1.539919376E-1,4.261543974E-2
8.220409542E0,-6.063345671E-1,-2.767917700E-3,1.436295509E-1
8.240518542E0,-6.655858755E-1,-2.879561484E-2,2.509222627E-1
8.260628542E0,-6.654279232E-1,1.037954539E-1,2.884643078E-1
8.280737542E0,-5.895202160E-1,2.508268654E-1,2.617552876E-1
8.300846542E0,-4.700445235E-1,4.761252403E-1,2.173089385E-1
8.320955542E0,-1.997470111E-1,4.404150546E-1,2.144846916E-1
8.341064542E0,1.977526546E-1,6.974953413E-2,3.432448506E-1
8.361173542E0,1.951176524E-1,-1.184816658E-1,2.622253299E-1
8.381283542E0,2.021863759E-1,1.180263981E-1,-4.867204651E-2
8.401392542E0,2.992888391E-1,3.023670912E-1,-1.241018325E-1
8.421501542E0,1.851335466E-1,3.090527356E-1,-1.098069027E-1
8.441610542E0,-1.306871623E-1,4.096386582E-2,6.384684891E-2
8.461719542E0,-4.145599902E-1,-2.443129867E-1,3.005928695E-1
8.481828542E0,-4.145548046E-1,-3.166948855E-1,4.269468188E-1
8.501938542E0,-3.650281727E-1,4.583393782E-2,4.354546368E-1
8.522047542E0,-3.725996315E-1,3.153207004E-1,2.967301309E-1
8.542156542E0,-3.660011292E-1,2.651065290E-1,2.193370834E-2
8.562265542E0,-2.746470571E-1,8.195632696E-2,-2.465368360E-1
8.582374542E0,-1.237705201E-1,-1.108636931E-1,-3.385068774E-1
8.602481083E0,1.589388214E-2,-3.372164667E-1,-2.753128707E-1
8.622590083E0,1.229437813E-1,-4.487815499E-1,-1.030347422E-1
8.642699083E0,1.296993345E-1,-3.787477016E-1,6.464388222E-2
8.662808083E0,4.154520854E-2,-2.726511955E-1,1.620622873E-1
8.682917083E0,-3.305505216E-2,-2.382130623E-1,1.899293512E-1
8.703026083E0,-7.798733562E-2,-2.721660733E-1,2.134981602E-1
8.723136083E0,-1.130433679E-1,-2.426992059E-1,2.429994196E-1
8.743245083E0,-1.393107027E-1,-1.785808206E-1,2.704504430E-1
8.763354083E0,-1.614751518E-1,-1.234697402E-1,2.930958867E-1
8.783463083E0,-1.485302597E-1,-5.099261180E-2,2.899325788E-1
8.803572083E0,-1.238397807E-1,-2.944799513E-2,2.460328639E-1
8.823681083E0,-1.586865187E-1,-2.919526398E-2,1.798796952E-1
8.843791083E0,-1.871501356E-1,9.646162391E-2,8.417292684E-2
8.863900083E0,-1.602022946E-1,2.635365427E-1,-3.717872500E-2
8.884009083E0,-1.305074692E-1,3.741897345E-1,-1.674357057E-1
8.904118083E0,-1.560808420E-1,3.661602139E-1,-2.780942321E-1
8.924227083E0,-2.269178033E-1,-6.358563900E-2,-2.936254144E-1
8.944337083E0,-4.181610048E-1,-2.737938762E-1,-3.060240448E-1
8.964446083E0,-6.226861477E-1,7.619369030E-2,-2.711494267E-1
8.984555083E0,-8.572478890E-1,1.970931441E-1,-1.605585814E-1
9.004664083E0,-1.096131444E0,-2.653687447E-2,1.964181289E-2
9.024773083E0,-9.233447909E-1,1.763146073E-1,1.241498291E-1
9.044882083E0,-5.192539692E-1,4.489820898E-1,1.254760623E-1
9.064992083E0,-2.500329018E-1,2.367537320E-1,1.858190298E-1
9.085101083E0,-1.904844642E-1,3.462924063E-2,3.412866592E-1
9.105210083E0,-3.165691793E-1,-2.974266559E-2,4.390561283E-1
9.125319083E0,-5.454770327E-1,-6.492130458E-2,5.012390018E-1
9.145428083E0,-8.082255721E-1,-1.313993335E-2,6.147106290E-1
9.165538083E0,-1.100106478E0,1.294953227E-1,6.397578120E-1
9.185647083E0,-1.346081257E0,2.348734438E-1,6.879860759E-1
9.205756083E0,-1.426883221E0,1.808821559E-1,7.224605680E-1
9.225865083E0,-1.303218126E0,-7.021467388E-2,6.665525436E-1
9.245974083E0,-1.100174069E0,-2.358270735E-1,5.960645080E-1
9.266083083E0,-9.427379370E-1,-1.519425660E-1,5.318428874E-1
9.286193083E0,-8.387938738E-1,-7.523545623E-2,4.279757738E-1
9.306302083E0,-7.989539504E-1,-4.853259772E-2,3.360916674E-1
9.326411083E0,-8.159969449E-1,6.621851772E-2,3.033535182E-1
9.346520083E0,-8.401724100E-1,1.042613313E-1,3.030664027E-1
9.366629083E0,-8.914461732E-1,5.753012747E-2,3.592646718E-1
9.386739083E0,-9.817255735E-1,9.228107519E-4,4.256410599E-1
9.406848083E0,-1.071460366E0,1.416673958E-1,4.931198657E-1
9.426957083E0,-1.041470647E0,3.795368969E-1,4.505500495E-1
9.447066083E0,-9.907585979E-1,5.274444818E-1,3.360235393E-1
9.467175083E0,-9.597452283E-1,6.139461398E-1,2.292734385E-1
9.487285083E0,-8.089433312E-1,6.388632655E-1,2.504462302E-1
9.507394083E0,-4.145575464E-1,1.668853462E-1,3.518528342E-1
9.527503083E0,-3.496283293E-1,-2.419942915E-1,4.525873363E-1
9.547612083E0,-4.595009983E-1,-2.020147145E-1,3.004412949E-1
9.567721083E0,-4.446204603E-1,2.551362216E-1,3.243501782E-1
9.587830083E0,-5.878518820E-1,4.501749277E-1,3.638646901E-1
9.607939958E0,-9.844912887E-1,3.574846089E-1,4.610351026E-1
9.628048958E0,-1.229299068E0,1.674393266E-1,5.800551176E-1
9.648157958E0,-1.259012222E0,1.886688322E-1,6.323859692E-1
9.668266958E0,-1.141582847E0,3.717112243E-1,5.454548001E-1
9.688375958E0,-1.001159906E0,3.344869316E-1,2.995043397E-1
9.708485958E0,-9.047709703E-1,1.930250078E-1,-2.983763581E-3
9.728594958E0,-7.882984877E-1,-2.281364053E-2,-1.955270916E-1
9.748703958E0,-6.500846148E-1,-2.934614718E-1,-2.205814421E-1
9.768812958E0,-5.536021590E-1,-4.691832662E-1,-1.226954162E-1
9.788921958E0,-4.867744148E-1,-4.862297773E-1,3.775906190E-2
9.809031958E0,-4.285532236E-1,-4.801633954E-1,1.902434379E-1
9.829140958E0,-3.664549589E-1,-4.657454193E-1,2.832545638E-1
9.849249958E0,-2.841635942E-1,-4.475495815E-1,2.896285355E-1
9.869358958E0,-1.965451986E-1,-3.493031859E-1,2.638440430E-1
9.889467958E0,-8.701036125E-2,-2.214059532E-1,2.344309092E-1
9.909576958E0,6.192147732E-2,-1.421360672E-1,1.983492225E-1
9.929686958E0,1.909573376E-1,-2.020013891E-2,1.538396478E-1
9.949795958E0,2.717519403E-1,1.649264097E-1,6.740453094E-2
9.969904958E0,3.039112687E-1,2.330534756E-1,-4.378641397E-2
9.990013958E0,2.334339768E-1,1.516700387E-1,-1.578284949E-1
1.001012296E1,9.414510429E-2,1.155997142E-1,-2.420637310E-1
1.003023296E1,-5.217711255E-2,1.991603523E-1,-3.147222102E-1
1.005034196E1,-1.871530116E-1,3.654236672E-3,-3.457153440E-1
1.007045096E1,-3.615942597E-1,-2.072842717E-1,-2.877137959E-1
1.009055996E1,-5.842757225E-1,-1.096390486E-1,-2.633007467E-1
1.011066896E1,-7.214337587E-1,2.235770077E-1,-2.019149810E-1
1.013077796E1,-7.681250572E-1,9.448368847E-2,-9.398609400E-2
1.015088796E1,-9.118268490E-1,-1.615994796E-2,6.567007303E-2
1.017099696E1,-9.091702700E-1,2.888592184E-1,1.883583516E-1
1.019110596E1,-5.598586202E-1,7.801749110E-1,1.101498082E-1
1.021121496E1,-2.298144251E-1,7.296139598E-1,1.710835844E-2
1.023132396E1,-1.842527837E-1,1.206703559E-1,6.058042869E-2
1.025143396E1,-2.641884685E-1,-2.488918751E-1,1.524537951E-1
1.027154296E1,-3.701812029E-1,-3.821036518E-1,2.809164822E-1
1.029165196E1,-5.030658245E-1,-3.690434098E-1,4.083478451E-1
1.031176096E1,-6.816585064E-1,-1.074573398E-1,4.962473512E-1
1.033186996E1,-8.378449678E-1,7.713107858E-3,5.097290874E-1
1.035197996E1,-8.794807196E-1,9.882027656E-2,5.011906028E-1
1.037208896E1,-7.528000474E-1,1.455472261E-1,4.848114550E-1
1.039219796E1,-5.477718115E-1,2.086500823E-1,4.194680750E-1
1.041230696E1,-3.830114007E-1,2.521110177E-1,3.396111131E-1
1.043241596E1,-3.115138113E-1,2.256446481E-1,3.104228973E-1
1.045252496E1,-3.930612206E-1,1.960648894E-1,3.001629412E-1
1.047263496E1,-5.603545904E-1,1.811888814E-1,3.149477243E-1
1.049274396E1,-6.715529561E-1,2.029735595E-1,3.274410367E-1
1.051285296E1,-7.288629413E-1,1.672742516E-1,3.469179869E-1
1.053296196E1,-7.425124645E-1,4.873640463E-2,3.944961727E-1
1.055307096E1,-7.460330129E-1,3.070071340E-2,4.376284778E-1
1.057318096E1,-6.924832463E-1,9.965309501E-2,4.273738265E-1
1.059328996E1,-5.680069923E-1,1.261293888E-1,3.396035135E-1
1.061339896E1,-4.702205658E-1,1.676522642E-1,2.239604890E-1
1.063350796E1,-4.225935340E-1,3.517144024E-1,1.455227584E-1
1.065361696E1,-4.345518071E-3,5.103244185E-1,2.060239464E-1
1.067372696E1,2.977843285E-1,-2.711909711E-1,4.301789999E-1
1.069383596E1,2.416115701E-1,-5.121702552E-1,4.225401878E-1
1.071394496E1,2.323387861E-1,-1.102244481E-2,1.117651314E-1
1.073405396E1,2.476157993E-1,2.302598953E-1,-2.746037766E-2
1.075416296E1,5.481842533E-2,9.152140468E-2,-7.976376219E-5
1.077427296E1,-3.105823100E-1,-4.065710679E-2,5.226520449E-2
1.079438196E1,-4.562855959E-1,-3.934722543E-1,1.396087408E-1
1.081449096E1,-3.346814215E-1,-5.041493177E-1,1.996256113E-1
1.083459996E1,-1.213657036E-1,-1.431957036E-1,1.564991176E-1
1.085470896E1,1.537740082E-1,1.720331460E-1,-8.146411180E-2
1.087481896E1,3.872156143E-1,9.497234970E-2,-4.151793420E-1
1.089492796E1,5.097552538E-1,-2.438821197E-1,-6.323097348E-1
1.091503696E1,6.272636056E-1,-4.674000144E-1,-6.476001740E-1
1.093514596E1,7.060670853E-1,-5.496417880E-1,-5.912994146E-1
1.095525596E1,6.906220317E-1,-4.448814392E-1,-5.261119008E-1
1.097536496E1,5.864316821E-1,-3.593006730E-1,-4.770524800E-1
1.099547396E1,5.023601055E-1,-3.776063025E-1,-4.411243200E-1
1.101558296E1,4.556399286E-1,-3.395916224E-1,-4.187878966E-1
1.103569196E1,4.094176888E-1,-2.887808979E-1,-3.795634806E-1
1.105580196E1,4.209221005E-1,-2.048196644E-1,-3.233357668E-1
1.107591096E1,4.554829001E-1,-2.654900253E-1,-2.765908241E-1
1.109601996E1,4.466535747E-1,-3.505248427E-1,-2.145899385E-1
1.111612896E1,3.663437068E-1,-2.636414468E-1,-1.069937423E-1
1.113623796E1,1.988237649E-1,-1.093503982E-1,1.709856838E-2
1.115634796E1,-6.684128195E-2,-8.067969233E-2,1.419563144E-1
1.117645696E1,-3.484057486E-1,-4.705959558E-2,2.540724576E-1
1.119656596E1,-6.159524918E-1,4.689352959E-2,2.979898453E-1
1.121667496E1,-7.862051129E-1,1.120829582E-1,2.766646445E-1
1.123678496E1,-8.479055762E-1,2.001436055E-1,2.009076178E-1
1.125689396E1,-8.076756001E-1,2.725706697E-1,1.206785515E-1
1.127700296E1,-6.711473465E-1,1.336166263E-1,7.146098465E-2
1.129711196E1,-5.383673310E-1,-3.327748775E-1,1.215525195E-1
1.131722196E1,-6.270446181E-1,-4.551701248E-1,6.314816326E-2
1.133733096E1,-6.371957660E-1,1.702348441E-1,-6.484550983E-2
1.135743996E1,-6.870473027E-1,3.592705429E-1,-6.679321826E-2
1.137754896E1,-6.080809236E-1,2.172790617E-1,5.707667675E-3
1.139765796E1,-3.033281565E-1,3.720452189E-1,6.500335783E-2
1.141776796E1,9.194333851E-2,3.788368404E-1,1.263641119E-1
1.143787696E1,2.863862216E-1,1.101883128E-1,2.846451998E-1
1.145798596E1,2.277246118E-1,1.076141186E-2,4.102172256E-1
1.147809496E1,-8.196200430E-2,-1.647167057E-1,5.694534183E-1
1.149820496E1,-4.531040788E-1,-2.990418077E-1,7.025111914E-1
1.151831396E1,-6.465010643E-1,-6.504762918E-2,7.299727798E-1
1.153842296E1,-8.560265899E-1,2.517040074E-1,6.870116591E-1
1.155853196E1,-1.041859746E0,3.642563224E-1,6.613503695E-1
1.157864196E1,-1.087030292E0,3.246344626E-1,6.182971597E-1
1.159875096E1,-9.438280463E-1,2.107677758E-1,5.759857297E-1
1.161886354E1,-7.461802959E-1,7.398366928E-2,5.080532432E-1
1.163897254E1,-5.920846462E-1,-4.995271191E-2,4.322834313E-1
1.165908154E1,-4.856134057E-1,-8.969634026E-2,3.471260965E-1
1.167919154E1,-4.687978923E-1,-8.935604244E-2,2.357372940E-1
1.169930054E1,-4.655825794E-1,-5.267570913E-2,1.098720282E-1
1.171940954E1,-3.959095180E-1,1.219341764E-3,7.317583263E-2
1.173951854E1,-3.117316961E-1,8.215076476E-2,8.587168902E-2
1.175962854E1,-2.823258042E-1,1.781867743E-1,7.044599950E-2
1.177973754E1,-3.432136476E-1,3.160655200E-1,6.838253140E-2
1.179984654E1,-4.275069237E-1,4.047191143E-1,3.746776655E-2
1.181995554E1,-5.169172287E-1,4.204229712E-1,1.851458289E-2
1.184006554E1,-5.704149008E-1,4.533042014E-1,4.960555118E-3
1.186017454E1,-4.999744594E-1,5.751839280E-1,8.301853202E-3
1.188028354E1,-1.388615072E-1,2.140323967E-1,2.066686898E-1
1.190039254E1,-3.062984347E-2,-8.684758097E-3,4.030644596E-1
1.192050254E1,7.200036943E-2,-1.358028352E-1,6.517744064E-2
1.194061154E1,1.540507376E-1,9.267939627E-2,-8.097729087E-2
1.196072054E1,1.070453972E-1,2.329270393E-1,-6.362780929E-2
1.198082954E1,-3.490236104E-1,1.445238888E-1,6.211030111E-2
1.200093954E1,-6.175996065E-1,-1.179207712E-1,1.401658207E-1
1.202104854E1,-6.227453947E-1,6.651344895E-2,1.700240672E-1
1.204115754E1,-4.289925098E-1,1.402051598E-1,3.846732900E-2
1.206126654E1,-9.657998383E-2,9.736114740E-2,-1.570685655E-1
1.208137654E1,2.582077086E-1,-1.335583627E-2,-4.161368012E-1
1.210148554E1,5.102962852E-1,-1.909088194E-1,-6.144509912E-1
1.212159454E1,6.550182104E-1,-4.044130147E-1,-5.948665142E-1
1.214170354E1,7.285481095E-1,-5.845606923E-1,-4.375854731E-1
1.216181354E1,6.737391949E-1,-5.887027383E-1,-2.078723758E-1
1.218192254E1,5.238506198E-1,-4.021447003E-1,-5.194108468E-3
1.220203154E1,3.680858612E-1,-2.205308974E-1,1.023491621E-1
1.222214054E1,2.138915211E-1,-1.027259678E-1,1.519536823E-1
1.224225054E1,8.903297037E-2,-5.731786042E-2,1.583926827E-1
1.226235954E1,3.869922459E-2,-6.767808646E-2,1.378133744E-1
1.228246854E1,5.420441926E-2,-9.866237640E-2,1.189120635E-1
1.230257754E1,1.229562238E-1,-1.314148158E-1,1.005280763E-1
1.232268754E1,1.771908104E-1,-1.783179194E-1,8.654087782E-2
1.234279654E1,1.880951077E-1,-2.338180542E-1,7.149001211E-2
1.236290554E1,1.458410621E-1,-1.726668328E-1,1.118946727E-2
1.238301454E1,9.930694103E-2,-3.168345988E-2,-1.362831891E-1
1.240312454E1,1.050615832E-1,1.380472630E-1,-3.366905153E-1
1.242323354E1,1.279601902E-1,2.115670741E-1,-5.114895105E-1
1.244334254E1,2.561480366E-2,-1.127128899E-1,-5.443370342E-1
1.246345154E1,-1.839427203E-1,-2.038200349E-1,-5.695393085E-1
1.248356154E1,-4.733328223E-1,-2.460337803E-2,-5.310184956E-1
1.250367054E1,-6.044797301E-1,-5.819316953E-2,-4.757160246E-1
1.252377954E1,-7.812612653E-1,-2.477445006E-1,-3.309344053E-1
1.254388854E1,-7.451561689E-1,-3.237430751E-2,-1.841347814E-1
1.256399854E1,-2.301818281E-1,5.034663081E-1,-1.224924251E-1
1.258410754E1,2.973741889E-1,6.598244905E-1,-8.062778413E-2
1.260421292E1,5.557436347E-1,4.025045931E-1,8.187056333E-2
1.262432192E1,5.958914757E-1,2.234180868E-1,1.552187651E-1
1.264443192E1,4.671598375E-1,-1.572465599E-1,8.058212698E-2
1.266454092E1,1.793538630E-1,-4.013823271E-1,1.697971076E-1
1.268464992E1,-1.785741895E-1,-3.821724355E-1,2.296639085E-1
1.270475892E1,-4.401845932E-1,-2.392322868E-1,2.858926058E-1
1.272486892E1,-5.021938086E-1,-8.687894791E-2,3.531306982E-1
1.274497792E1,-3.814596534E-1,4.403074086E-2,3.682448864E-1
1.276508692E1,-1.194947287E-1,1.644017398E-1,3.294847906E-1
1.278519692E1,1.335872710E-1,2.062432468E-1,2.251501530E-1
1.280530592E1,2.533605993E-1,7.393708080E-2,1.303962320E-1
1.282541492E1,2.414944321E-1,-7.099764794E-2,5.850657821E-2
1.284552392E1,1.378276944E-1,-1.147502586E-1,-8.554117754E-3
1.286563392E1,6.859249435E-3,-9.111855179E-3,-5.861085653E-2
1.288574292E1,-8.514647186E-2,2.218419015E-1,-9.194090962E-2
1.290585192E1,-1.241745427E-1,3.289263546E-1,-9.334726632E-2
1.292596092E1,-1.341931969E-1,1.993301064E-1,-9.839379042E-2
1.294607092E1,-1.531744450E-1,1.154957637E-1,-1.170874089E-1
1.296617992E1,-1.070291847E-1,2.535429001E-1,-1.658381075E-1
1.298628892E1,-2.672385424E-2,2.555580139E-1,-1.546037346E-1
1.300639892E1,-7.578884251E-4,2.685042024E-1,-1.675951630E-1
1.302650792E1,5.157816038E-2,5.754779577E-1,-1.893554777E-1
1.304661692E1,4.144918025E-1,2.206154466E-1,-4.585379735E-2
1.306672592E1,5.076868534E-1,-8.996611834E-2,1.596281826E-1
1.308683592E1,6.237684488E-1,-4.018656909E-1,-2.094103098E-1
1.310694492E1,7.652359009E-1,-2.663701773E-1,-3.242575824E-1
1.312705392E1,7.856428027E-1,-1.141815707E-1,-2.959897220E-1
1.314716392E1,4.613642395E-1,-4.412707686E-2,-9.990857542E-2
1.316727292E1,3.805006444E-1,-2.386880219E-1,-6.737025082E-2
1.318738192E1,4.540806115E-1,-1.324879378E-1,-4.926740378E-2
1.320749092E1,6.240565777E-1,5.893308669E-2,-1.625376642E-1
1.322760092E1,8.340606689E-1,2.106680162E-2,-4.543559253E-1
1.324770992E1,1.049245119E0,4.051783681E-2,-7.831639647E-1
1.326781892E1,1.190759182E0,3.700875118E-2,-1.057977676E0
1.328792892E1,1.325096965E0,-1.743483841E-1,-1.088861465E0
1.330803792E1,1.385705829E0,-3.942283094E-1,-9.197323918E-1
1.332814692E1,1.368815780E0,-4.035251439E-1,-6.831898689E-1
1.334825692E1,1.301573753E0,-1.943100393E-1,-4.416821897E-1
1.336836592E1,1.165448427E0,-5.098031461E-2,-2.744202912E-1
1.338847492E1,1.013967991E0,-1.665497571E-2,-1.545158774E-1
1.340858392E1,8.830563426E-1,-5.533239990E-2,-1.030605286E-1
1.342869392E1,7.542107701E-1,-6.885557901E-3,-9.044964612E-2
1.344880292E1,6.769985557E-1,6.316262484E-2,-8.358744532E-2
1.346891192E1,6.693117619E-1,7.155349851E-2,-9.911075979E-2
1.348902192E1,7.068533897E-1,-4.169907421E-2,-9.998904914E-2
1.350913092E1,6.472793818E-1,-1.474929750E-1,-8.905775100E-2
1.352923992E1,5.682727098E-1,-1.324300766E-1,-1.136140600E-1
1.354934892E1,4.951373637E-1,1.457458362E-2,-1.584789306E-1
1.356945892E1,4.922020435E-1,1.435047984E-1,-2.856469452E-1
1.358956792E1,6.102876663E-1,1.321220547E-1,-5.067774057E-1
1.360967704E1,7.289872169E-1,4.488382488E-2,-7.200289965E-1
1.362978704E1,6.664148569E-1,-1.237501279E-1,-6.716871858E-1
1.364989604E1,7.728090882E-1,-1.831349283E-1,-7.110946178E-1
1.367000504E1,6.596404910E-1,-2.122932225E-1,-7.342025638E-1
1.369011504E1,6.577779055E-1,-4.678633064E-2,-6.700823307E-1
1.371022404E1,6.357973218E-1,-3.468643725E-1,-5.831662416E-1
1.373033304E1,6.762138605E-1,-2.596042454E-1,-4.127965569E-1
1.375044204E1,9.764280319E-1,3.136972785E-1,-2.803551555E-1
1.377055204E1,1.361203074E0,4.742398560E-1,-1.251827478E-1
1.379066104E1,1.566200614E0,2.405218184E-1,-3.731199354E-2
1.381077004E1,1.677827001E0,4.278670996E-2,-7.911551744E-2
1.383088004E1,1.697384119E0,-1.304100603E-1,-1.873176992E-1
1.385098904E1,1.601001978E0,-8.694598824E-2,-1.859149933E-1
1.387109804E1,1.399873376E0,1.721391454E-4,-1.503442079E-1
1.389120804E1,1.160369158E0,2.547014505E-2,-1.084724963E-1
1.391131704E1,9.885069728E-1,2.340012416E-2,-6.829345971E-2
1.393142604E1,9.478819966E-1,4.497928545E-3,-4.787783697E-2
1.395153504E1,9.709903002E-1,-2.979851142E-2,-5.738300458E-2
1.397164504E1,9.658698440E-1,-1.063423604E-1,-1.200273782E-1
1.399175404E1,8.852297664E-1,-1.672519445E-1,-2.119880766E-1
1.401186304E1,7.479237318E-1,-1.818832308E-1,-3.076094687E-1
1.403197304E1,6.434208751E-1,-1.753339618E-1,-3.725737631E-1
1.405208204E1,5.963380933E-1,3.862987086E-2,-3.602249622E-1
1.407219104E1,6.288173199E-1,2.529952526E-1,-2.958526611E-1
1.409230104E1,6.797611713E-1,1.695089340E-1,-2.858603001E-1
1.411241004E1,6.484299898E-1,1.111135185E-1,-3.193206489E-1
1.413251904E1,5.267361403E-1,2.499522269E-1,-3.740223348E-1
1.415262804E1,4.101970494E-1,4.194628894E-1,-3.608323336E-1
1.417273804E1,5.170076489E-1,3.920444846E-1,-1.463991255E-1
1.419284704E1,7.406856418E-1,-5.787923560E-2,1.704128385E-1
1.421295604E1,8.554869890E-1,-3.536922038E-1,6.982136518E-2
1.423306604E1,8.565979004E-1,-1.091819108E-1,-4.150909781E-1
1.425317504E1,8.946921229E-1,-8.447746187E-2,-6.643875241E-1
1.427328404E1,7.482244968E-1,-1.731407940E-1,-6.626431346E-1
1.429339404E1,5.754313469E-1,-2.733708918E-1,-5.322459340E-1
1.431350304E1,6.038873196E-1,-4.459207058E-1,-3.342109025E-1
1.433361204E1,8.009759188E-1,-2.028006613E-1,-1.626880467E-1
1.435372104E1,1.022053838E0,3.701881692E-2,-1.455546021E-1
1.437383104E1,1.166242361E0,1.382368207E-1,-3.754120469E-1
1.439394004E1,1.259533167E0,-6.006486248E-3,-7.508142591E-1
1.441404904E1,1.327209353E0,-1.724781841E-1,-9.968313575E-1
1.443415904E1,1.380343437E0,-3.465589285E-1,-1.036727428E0
1.445426804E1,1.369155884E0,-5.084409714E-1,-8.925004005E-1
1.447437704E1,1.256994128E0,-4.627153575E-1,-7.067748308E-1
1.449448704E1,1.131658435E0,-3.418491781E-1,-4.815995097E-1
1.451459604E1,1.023705006E0,-2.502509952E-1,-3.420846164E-1
1.453470504E1,9.509928226E-1,-1.728781909E-1,-2.594204545E-1
1.455481404E1,8.976878524E-1,-1.463888288E-1,-2.073436379E-1
1.457492404E1,8.383749127E-1,-1.392457932E-1,-1.633788943E-1
1.459503304E1,7.527032495E-1,-6.554912031E-2,-1.129957810E-1
1.461514229E1,6.658192277E-1,1.585166156E-2,-5.452012271E-2
1.463525229E1,5.806544423E-1,1.102803424E-1,-2.196349204E-2
1.465536129E1,4.991566241E-1,7.373610884E-2,-2.336608432E-2
1.467547029E1,3.554007411E-1,-7.556696981E-2,-2.947224118E-2
1.469558029E1,2.105423063E-1,-1.868306100E-2,-5.806634948E-2
1.471568929E1,1.570496559E-1,1.229704469E-1,-1.982291192E-1
1.473579829E1,1.739092469E-1,2.317133397E-1,-3.637605309E-1
1.475590729E1,1.196402833E-1,5.097555742E-2,-4.571969509E-1
1.477601729E1,3.182826936E-2,-8.598206192E-2,-4.929603934E-1
1.479612629E1,5.833114032E-3,7.410324179E-3,-6.041527987E-1
1.481623529E1,6.748857349E-2,3.542032540E-1,-5.414457321E-1
1.483634529E1,7.660625130E-2,1.920697540E-1,-4.458077252E-1
1.485645429E1,4.762231931E-2,-8.801947534E-2,-2.638520300E-1
1.487656329E1,1.733559966E-1,2.651638091E-1,-1.581957489E-1
1.489667329E1,5.290185809E-1,7.716432810E-1,-1.428030282E-1
1.491678229E1,8.004030585E-1,3.521234393E-1,-5.709901825E-2
1.493689129E1,7.977985740E-1,-2.576094270E-1,5.991489813E-2
1.495700029E1,6.054318547E-1,-2.335001528E-1,1.832557321E-1
1.497711029E1,4.140258431E-1,-1.917736977E-1,2.556686997E-1
1.499721929E1,1.605501026E-1,-1.451020837E-1,2.450587302E-1
1.501732829E1,-6.700867414E-2,-3.258477896E-2,2.727346122E-1
1.503743829E1,-2.538357377E-1,3.118043952E-2,2.851699591E-1
1.505754729E1,-3.047312200E-1,5.743558705E-2,2.827772796E-1
1.507765629E1,-1.880402863E-1,3.832028806E-2,2.695741653E-1
1.509776529E1,1.237325370E-2,3.029891849E-2,1.970492303E-1
1.511787529E1,1.899242699E-1,-1.641989686E-3,9.087844193E-2
1.513798429E1,2.412111014E-1,-3.889975697E-2,-3.320287541E-2
1.515809329E1,1.658329070E-1,-5.153787509E-2,-1.296114773E-1
1.517820329E1,2.416420355E-2,-2.918516658E-2,-1.767324358E-1
1.519831229E1,-9.407432377E-2,5.022935942E-2,-1.635321826E-1
1.521842129E1,-1.498900354E-1,1.274312437E-1,-9.747373313E-2
1.523853129E1,-1.810158044E-1,8.499907702E-2,-2.936485782E-2
1.525864029E1,-2.167318463E-1,1.957409829E-2,5.775990896E-3
1.527874929E1,-2.111339718E-1,1.863432080E-1,-7.967081852E-3
1.529885829E1,-1.155721545E-1,3.370528519E-1,-1.518152747E-2
1.531896829E1,-2.647815086E-2,4.442390501E-1,-1.377214678E-2
1.533907729E1,2.389748991E-1,4.001392722E-1,1.126381233E-1
1.535918629E1,3.979302347E-1,9.513768554E-2,3.595061898E-1
1.537929629E1,4.750464261E-1,-7.537902892E-2,1.525067687E-1
1.539940529E1,5.047425628E-1,1.767117977E-1,-2.273684442E-1
1.541951429E1,5.647287369E-1,7.605872303E-2,-4.337310791E-1
1.543962329E1,3.866062164E-1,-1.475154310E-1,-4.104618728E-1
1.545973329E1,5.052603409E-2,-2.328709215E-1,-1.787768900E-1
1.547984229E1,2.527831588E-3,-3.940901160E-1,2.979616448E-2
1.549995129E1,1.812750548E-1,-2.261264473E-1,1.813143641E-1
1.552006129E1,3.868084550E-1,1.502453834E-1,1.094419658E-1
1.554017029E1,5.988069177E-1,3.101904094E-1,-1.838811338E-1
1.556027929E1,7.791110277E-1,1.233937293E-1,-6.324387193E-1
1.558038929E1,9.091777205E-1,-1.180742085E-1,-9.694001675E-1
1.560049829E1,1.028715491E0,-3.043626547E-1,-1.065878749E0
1.562060692E1,1.120524168E0,-5.040131211E-1,-9.127259254E-1
1.564071592E1,1.162099004E0,-4.808520675E-1,-6.674252152E-1
1.566082592E1,1.099685550E0,-3.158524632E-1,-4.306869209E-1
1.568093492E1,1.003487229E0,-2.594706714E-1,-2.257696539E-1
1.570104392E1,9.303614497E-1,-2.328484803E-1,-9.234606475E-2
1.572115392E1,8.318351507E-1,-2.179698646E-1,-3.645166382E-2
1.574126292E1,7.059759498E-1,-1.370838284E-1,-3.319453821E-2
1.576137192E1,5.715851188E-1,-1.062727273E-1,-6.937694736E-3
1.578148092E1,4.619016349E-1,9.319758043E-3,4.398259521E-2
1.580159092E1,3.815325797E-1,1.091551706E-1,6.550747901E-2
1.582169992E1,3.179898262E-1,9.186433256E-2,3.508405760E-2
1.584180892E1,2.414221615E-1,1.022461243E-2,-2.725567110E-2
1.586191892E1,2.064216286E-1,7.377373055E-3,-1.387232691E-1
1.588202792E1,2.197623700E-1,7.938782871E-2,-2.910313010E-1
1.590213692E1,3.014447391E-1,1.682086587E-1,-4.568898082E-1
1.592224592E1,4.315631986E-1,2.337159812E-1,-5.975295305E-1
1.594235592E1,5.090736747E-1,-6.535247713E-2,-6.433190703E-1
1.596246492E1,5.589630008E-1,-3.747662902E-1,-6.675370336E-1
1.598257392E1,3.121134937E-1,-2.833814621E-1,-6.168047190E-1
1.600268392E1,3.247678280E-1,4.279167652E-1,-5.535432100E-1
1.602279292E1,4.206880033E-1,2.071539015E-1,-4.279401004E-1
1.604290192E1,5.798624158E-1,2.797049657E-2,-2.831841111E-1
1.606301092E1,9.797871113E-1,2.517516315E-1,-1.722096503E-1
1.608312092E1,1.297998428E0,-1.924717240E-2,3.896706551E-2
1.610322992E1,1.353160262E0,-2.179038376E-1,1.814644933E-1
1.612333892E1,1.395512819E0,1.793935001E-1,3.486923501E-2
1.614344892E1,1.442347288E0,4.174125791E-1,-1.753109097E-1
1.616355792E1,1.359748960E0,3.303242326E-1,-2.748668194E-1
1.618366692E1,1.225675583E0,6.638148427E-2,-2.730869055E-1
1.620377592E1,1.117052436E0,-2.289499044E-1,-2.450437844E-1
1.622388592E1,1.118291974E0,-2.710034251E-1,-2.483823597E-1
1.624399492E1,1.297110200E0,-2.403210402E-1,-2.900402248E-1
1.626410392E1,1.444459200E0,-2.287901491E-1,-3.240371346E-1
1.628421392E1,1.504955769E0,-1.675460488E-1,-3.765233457E-1
1.630432292E1,1.495220661E0,-1.624569893E-1,-4.582203329E-1
1.632443192E1,1.373885512E0,-2.166396677E-1,-5.007869601E-1
1.634454092E1,1.220906734E0,-1.357516944E-1,-5.155040026E-1
1.636465092E1,1.128209352E0,-1.052132156E-2,-5.235229731E-1
1.638475992E1,1.088713169E0,3.242427856E-2,-5.091386437E-1
1.640486892E1,1.065464735E0,-2.181298658E-2,-4.926177561E-1
1.642497892E1,1.043109775E0,-1.353635788E-1,-4.792852402E-1
1.644508792E1,9.891726971E-1,-2.060717046E-1,-4.749287367E-1
1.646519692E1,9.441843033E-1,-1.822944283E-1,-4.711331427E-1
1.648530692E1,8.857885599E-1,-1.145787835E-1,-4.446865320E-1
1.650541592E1,8.065056801E-1,-6.632012129E-2,-3.994157612E-1
1.652552492E1,7.288712263E-1,-1.728676073E-2,-3.442686200E-1
1.654563492E1,7.018227577E-1,1.138881519E-1,-3.216878474E-1
1.656574392E1,6.936506033E-1,2.889192104E-1,-3.584732413E-1
1.658585292E1,7.560723424E-1,4.298944473E-1,-4.147864580E-1
1.660596154E1,1.054150343E0,4.677105248E-1,-3.770771623E-1
1.662607154E1,1.405364871E0,2.503238022E-1,-1.926297396E-1
1.664618054E1,1.604013562E0,-4.788698256E-1,-1.836106926E-1
1.666628954E1,1.564869404E0,-4.096958041E-1,-5.288660526E-1
1.668639954E1,1.417985678E0,1.065591350E-1,-7.606268525E-1
1.670650854E1,1.332506537E0,4.259576276E-2,-8.026029468E-1
1.672661754E1,1.239572883E0,-2.403257340E-1,-6.484538913E-1
1.674672754E1,1.143889666E0,-3.407732844E-1,-5.171943903E-1
1.676683654E1,1.151986837E0,-4.488424361E-1,-3.717689514E-1
1.678694554E1,1.276691437E0,-3.684520721E-1,-2.723283470E-1
1.680705554E1,1.430997729E0,-1.137831956E-1,-2.301497757E-1
1.682716454E1,1.551510572E0,-9.821709245E-3,-4.973720610E-1
1.684727354E1,1.548012018E0,-1.519771516E-1,-8.193898201E-1
1.686738354E1,1.519378781E0,-3.859298229E-1,-9.116561413E-1
1.688749254E1,1.464492679E0,-5.049546361E-1,-7.982009649E-1
1.690760154E1,1.388974190E0,-5.094815493E-1,-5.777433515E-1
1.692771154E1,1.203263879E0,-3.574318290E-1,-3.604129553E-1
1.694782054E1,9.550211430E-1,-2.459380925E-1,-1.883859038E-1
1.696792954E1,7.272711992E-1,-2.042666972E-1,-1.075648665E-1
1.698803954E1,5.209345222E-1,-2.142435014E-1,-9.423725307E-2
1.700814854E1,3.602688909E-1,-2.070386857E-1,-1.139558107E-1
1.702825754E1,2.799066901E-1,-1.623248607E-1,-1.374579817E-1
1.704836654E1,2.679303288E-1,-9.239226580E-2,-1.287085712E-1
1.706847654E1,2.962509692E-1,-7.634864002E-2,-8.803410083E-2
1.708858554E1,3.187456131E-1,-1.038709581E-1,-4.302471876E-2
1.710869454E1,3.225665092E-1,-1.504241377E-1,8.498467505E-3
1.712880454E1,2.691445947E-1,-1.303882301E-1,4.322791472E-2
1.714891354E1,1.729735285E-1,-4.176110402E-2,3.885332868E-2
1.716902254E1,3.841323033E-2,1.234213123E-3,1.522945613E-2
1.718913254E1,-1.500415802E-1,1.050889194E-1,-5.134470016E-2
1.720924154E1,-3.140401244E-1,1.291214824E-1,-1.858251244E-1
1.722935054E1,-3.743484914E-1,-2.585973442E-1,-3.123233020E-1
1.724946054E1,-4.839080870E-1,-5.172960162E-1,-3.672000766E-1
1.726956954E1,-5.809866190E-1,-1.861441284E-1,-4.098151922E-1
1.728967854E1,-5.639997125E-1,-5.053005368E-2,-3.590114713E-1
1.730978854E1,-5.489450693E-1,-2.264855653E-1,-2.158094198E-1
1.732989754E1,-5.289299488E-1,-4.647875205E-2,-1.802969724E-2
1.735000654E1,-2.775591016E-1,5.416660905E-1,1.143478975E-1
1.737011654E1,-6.981734931E-2,5.439761281E-1,1.263576895E-1
1.739022554E1,-1.833893955E-1,5.992657319E-2,2.065870315E-1
1.741033454E1,-4.540640712E-1,-3.129814565E-1,2.890858948E-1
1.743044454E1,-7.063397765E-1,-5.695348978E-1,3.518331647E-1
1.745055354E1,-7.819358706E-1,-3.748927712E-1,5.187767744E-1
1.747066354E1,-7.055969238E-1,1.566080451E-1,6.585927010E-1
1.749077254E1,-7.241268158E-1,5.202495456E-1,6.857430935E-1
1.751088154E1,-7.991644144E-1,6.169577241E-1,6.363087296E-1
1.753099154E1,-7.556974888E-1,5.202410221E-1,5.639927387E-1
1.755110054E1,-6.496526003E-1,4.475210011E-1,4.649322629E-1
1.757120954E1,-5.180604458E-1,3.822707832E-1,4.270578325E-1
1.759131954E1,-3.858498633E-1,2.902629673E-1,3.587889075E-1
1.761142917E1,-3.548597693E-1,1.980687082E-1,2.463921010E-1
1.763153817E1,-3.255754411E-1,1.250248551E-1,1.166922972E-1
1.765164817E1,-2.625589967E-1,5.830365792E-2,2.885717526E-2
1.767175717E1,-2.784051895E-1,3.281138465E-2,1.043481473E-2
1.769186617E1,-3.144721985E-1,4.851596057E-2,1.323509030E-2
1.771197617E1,-3.348486722E-1,8.201336861E-2,-9.500828572E-3
1.773208517E1,-3.381425142E-1,9.249136597E-2,-6.509513408E-2
1.775219417E1,-3.554932773E-1,1.073297039E-1,-1.162103042E-1
1.777230417E1,-3.845046163E-1,1.084401906E-1,-1.828251630E-1
1.779241317E1,-4.123787582E-1,-2.211067826E-3,-2.531602085E-1
1.781252217E1,-3.594141304E-1,1.153345257E-1,-1.878049821E-1
1.783263217E1,6.811168045E-2,-1.618079096E-1,4.127163440E-2
1.785274117E1,1.743729562E-1,-4.140297771E-1,3.270987868E-1
1.787285017E1,2.294818163E-1,-2.903847694E-1,-4.701364040E-2
1.789296017E1,2.654370368E-1,2.109765261E-1,-4.259924293E-1
1.791306917E1,1.071769521E-1,3.791835159E-2,-4.753614664E-1
1.793317817E1,-3.051840663E-1,-3.620559573E-1,-3.036636114E-1
1.795328817E1,-5.343931317E-1,-5.205900073E-1,-1.414148957E-1
1.797339717E1,-2.431770563E-1,-4.907502830E-1,-6.790900975E-2
1.799350617E1,2.071524560E-1,-8.143536747E-2,-1.064714119E-1
1.801361617E1,5.598363280E-1,2.285046577E-1,-2.959537506E-1
1.803372517E1,8.152822852E-1,1.090053990E-1,-5.382972956E-1
1.805383417E1,1.066545486E0,1.545756962E-2,-8.061007857E-1
1.807394417E1,1.302594304E0,-1.063515898E-2,-9.677743316E-1
1.809405317E1,1.427078962E0,-2.072145045E-1,-9.450981021E-1
1.811416217E1,1.451638699E0,-3.404889107E-1,-8.108193278E-1
1.813427217E1,1.409864068E0,-2.421336025E-1,-6.262478828E-1
1.815438117E1,1.329620600E0,-6.110676751E-2,-4.316622019E-1
1.817449017E1,1.261956692E0,2.767499723E-2,-2.790361643E-1
1.819460017E1,1.220774651E0,2.549108304E-2,-2.196456343E-1
1.821470917E1,1.191827536E0,-8.546583354E-3,-2.558690012E-1
1.823481817E1,1.173254848E0,3.133879602E-2,-3.076377213E-1
1.825492817E1,1.177957296E0,1.223791689E-1,-3.274098337E-1
1.827503717E1,1.177835703E0,1.474904865E-1,-3.275161684E-1
1.829514617E1,1.167024136E0,2.501744963E-2,-3.482889235E-1
1.831525617E1,1.106105924E0,-1.347516030E-1,-3.589339554E-1
1.833536517E1,1.004614353E0,-1.352799088E-1,-3.697664440E-1
1.835547417E1,9.295545220E-1,-9.072307497E-3,-3.882062137E-1
1.837558417E1,9.232570529E-1,1.369564980E-1,-4.723197520E-1
1.839569317E1,1.006147027E0,2.311577946E-1,-6.328141689E-1
1.841580217E1,1.155984044E0,1.270271242E-1,-7.942963839E-1
1.843591217E1,1.251643300E0,-1.471703798E-1,-7.549309731E-1
1.845602117E1,1.327586174E0,-3.551776111E-1,-8.751515150E-1
1.847613017E1,1.241023421E0,-4.190782085E-2,-8.547385931E-1
1.849624017E1,1.157505751E0,1.963551641E-1,-7.525594831E-1
1.851634917E1,1.205686688E0,1.188637242E-1,-6.926776171E-1
1.853645817E1,1.439367294E0,2.095017433E-1,-6.318160295E-1
1.855656817E1,1.588426113E0,-3.122888505E-2,-3.644656241E-1
1.857667717E1,1.625838876E0,-3.919544220E-1,-1.864353418E-1
1.859678717E1,1.590325832E0,-4.630951583E-1,-2.048668563E-1
1.861689567E1,1.546044350E0,-2.545686960E-1,-2.940059900E-1
1.863700467E1,1.422000408E0,-1.482989192E-1,-3.245685101E-1
1.865711467E1,1.267454505E0,-6.946483254E-2,-3.094066679E-1
1.867722367E1,1.178207874E0,7.037808001E-2,-2.619091868E-1
1.869733267E1,1.210243940E0,1.372529864E-1,-2.385865599E-1
1.871744267E1,1.306884050E0,1.150209531E-1,-2.184804380E-1
1.873755167E1,1.380312920E0,4.661644995E-2,-2.396391928E-1
1.875766067E1,1.335828304E0,-2.392365783E-2,-2.773623765E-1
1.877777067E1,1.152756929E0,-5.538409576E-2,-3.047605753E-1
1.879787967E1,9.124440551E-1,-3.943451494E-2,-3.060109317E-1
1.881798867E1,7.286394835E-1,4.122374207E-2,-2.958817482E-1
1.883809867E1,6.248193383E-1,1.189116612E-1,-2.737317383E-1
1.885820767E1,5.984267592E-1,1.804813445E-1,-2.479196042E-1
1.887831667E1,6.117344499E-1,1.534725875E-1,-2.391624451E-1
1.889842667E1,6.160885096E-1,-1.230345108E-2,-2.403452545E-1
1.891853567E1,5.844990611E-1,1.553559601E-1,-2.218515575E-1
1.893864467E1,6.381022334E-1,4.847809076E-1,-2.458343059E-1
1.895875467E1,6.781357527E-1,6.795274019E-1,-1.862526983E-1
1.897886367E1,9.624631405E-1,5.703051090E-1,-4.646773264E-2
1.899897267E1,1.107175708E0,3.389788419E-2,1.717136055E-1
1.901908267E1,1.153614879E0,-3.479186893E-1,-6.488495320E-2
1.903919167E1,1.082130671E0,-3.073362708E-1,-5.096741319E-1
1.905930067E1,9.488237500E-1,-2.409855872E-1,-6.220290065E-1
1.907941067E1,6.387798786E-1,-1.260737181E-1,-5.500217080E-1
1.909951967E1,3.284799457E-1,-5.909057707E-2,-3.891589940E-1
1.911962867E1,2.675618827E-1,-1.859618165E-2,-2.560358047E-1
1.913973867E1,4.021823108E-1,1.293982863E-1,-1.148818657E-1
1.915984767E1,5.867930651E-1,3.515665531E-1,-1.855394989E-1
1.917995667E1,7.789431810E-1,3.126680553E-1,-4.483497441E-1
1.920006667E1,8.902302384E-1,5.429985002E-3,-7.780838609E-1
1.922017567E1,9.256567359E-1,-2.632524967E-1,-9.112470746E-1
1.924028467E1,9.222705960E-1,-4.274750054E-1,-8.376504183E-1
1.926039467E1,8.888390064E-1,-4.653293192E-1,-6.607073545E-1
1.928050367E1,8.341090679E-1,-3.510608375E-1,-4.726190865E-1
1.930061267E1,7.553465962E-1,-2.485996634E-1,-3.011551797E-1
1.932072267E1,6.719545722E-1,-2.361629456E-1,-1.840853840E-1
1.934083167E1,6.221548319E-1,-1.558512449E-1,-1.188749671E-1
1.936094067E1,5.861690044E-1,-1.101826727E-1,-1.208663881E-1
1.938105067E1,5.715114474E-1,-1.041200198E-2,-1.403354555E-1
1.940115967E1,5.776622295E-1,1.186407655E-1,-1.669456214E-1
1.942126867E1,6.207225323E-1,1.855027974E-1,-2.017762810E-1
1.944137867E1,6.745752692E-1,9.812013805E-2,-2.274345458E-1
1.946148767E1,6.684288383E-1,-1.291497350E-1,-2.328267395E-1
1.948159667E1,5.169021487E-1,-2.030248940E-1,-2.660151422E-1
1.950170667E1,3.190648556E-1,-2.221145853E-2,-3.553001285E-1
1.952181567E1,2.019371241E-1,1.276976615E-1,-4.895240068E-1
1.954192467E1,1.412426829E-1,-8.886471391E-2,-6.232327223E-1
1.956203467E1,1.127343252E-1,-2.811953425E-1,-7.424204350E-1
1.958214367E1,8.601631224E-2,-2.550374866E-1,-7.935760021E-1
1.960225267E1,2.393541485E-1,1.258758307E-1,-6.415129900E-1
1.962236233E1,4.028714895E-1,1.266773138E-2,-5.142160058E-1
1.964247133E1,4.883864820E-1,-6.935720146E-2,-3.403083086E-1
1.966258033E1,7.302035093E-1,4.586071968E-1,-2.348375916E-1
1.968269033E1,1.152953982E0,7.308512330E-1,-2.018313110E-1
1.970279933E1,1.338685274E0,2.623450160E-1,-8.644965291E-2
1.972290833E1,1.323675036E0,-1.081091762E-1,-4.330633208E-2
1.974301833E1,1.267738342E0,-1.415757686E-1,-1.098985374E-1
1.976312733E1,1.202028990E0,-7.955998927E-2,-1.330267191E-1
1.978323633E1,1.036890984E0,-2.809182554E-2,-1.198478416E-1
1.980334633E1,8.206405640E-1,5.503694993E-4,-9.152375162E-2
1.982345533E1,6.777541637E-1,7.941685617E-3,-8.852750808E-2
1.984356433E1,6.585683227E-1,-3.973452747E-2,-1.137937158E-1
1.986367433E1,7.325346470E-1,-8.808304369E-2,-1.514964998E-1
1.988378333E1,7.837999463E-1,-1.244155616E-1,-2.065494806E-1
1.990389233E1,7.637567520E-1,-9.703525901E-2,-2.558796406E-1
1.992400233E1,6.440055966E-1,-1.024311408E-1,-2.660516202E-1
1.994411133E1,4.606898725E-1,-1.161540002E-1,-2.424256802E-1
1.996422033E1,2.938400507E-1,-2.955869213E-2,-2.070514560E-1
1.998433033E1,1.718209535E-1,9.495560825E-2,-1.640120000E-1
2.000443933E1,9.459605068E-2,1.055296585E-1,-1.465966254E-1
2.002454933E1,4.608223215E-2,-3.645633534E-2,-1.547959000E-1
2.004465833E1,-2.969862521E-2,6.281670928E-2,-1.505880356E-1
2.006476733E1,5.267608212E-4,3.179133236E-1,-1.807061583E-1
2.008487733E1,7.554760575E-2,3.785686493E-1,-1.790320873E-1
2.010498633E1,2.094866782E-1,4.185192585E-1,-1.301954985E-1
2.012509533E1,4.555751085E-1,3.910724074E-2,1.521195471E-2
2.014520533E1,6.089240313E-1,-8.242055774E-2,1.077822000E-1
2.016531433E1,8.873522282E-1,-5.415396020E-2,-2.938761115E-1
2.018542333E1,1.032339096E0,-1.421265900E-1,-5.653918386E-1
2.020553333E1,9.826896787E-1,-4.019243717E-1,-6.004534960E-1
2.022564233E1,6.882249713E-1,-3.298621774E-1,-3.534599841E-1
2.024575133E1,5.153951049E-1,-1.271100789E-1,-1.955614835E-1
2.026586133E1,6.148988008E-1,-1.238603368E-1,-1.395400167E-1
2.028597033E1,7.580134869E-1,1.120596752E-1,-2.419119030E-1
2.030607933E1,1.010571599E0,8.936647326E-2,-5.005058646E-1
2.032618933E1,1.297473431E0,-1.467301100E-1,-8.381838799E-1
2.034629833E1,1.497943759E0,-2.436976582E-1,-1.137604475E0
2.036640733E1,1.598590374E0,-3.254460394E-1,-1.200631022E0
2.038651733E1,1.636238933E0,-4.701301157E-1,-1.035616159E0
2.040662633E1,1.616150856E0,-4.746205211E-1,-8.159819245E-1
2.042673533E1,1.558920979E0,-3.206445873E-1,-6.042988300E-1
2.044684533E1,1.444185138E0,-2.178513855E-1,-4.586154819E-1
2.046695433E1,1.343486547E0,-2.731916606E-1,-3.478752077E-1
2.048706433E1,1.235259771E0,-2.350141108E-1,-2.989414930E-1
2.050717333E1,1.086863637E0,-1.333599240E-1,-2.838122845E-1
2.052728233E1,9.373646379E-1,-4.895577207E-2,-2.468737811E-1
2.054739233E1,8.094704151E-1,-2.389659546E-2,-2.033158839E-1
2.056750133E1,6.879310012E-1,-7.176943868E-2,-1.729518771E-1
2.058761033E1,5.965764523E-1,-1.832122356E-1,-1.616966128E-1
2.060772133E1,4.877999723E-1,-2.821854055E-1,-1.359048188E-1
2.062783033E1,4.327528775E-1,-2.243988961E-1,-1.168285757E-1
2.064793933E1,4.384267926E-1,-1.374457590E-2,-1.868252754E-1
2.066804933E1,5.124210715E-1,2.307395935E-1,-3.471864164E-1
2.068815833E1,6.281760335E-1,3.342405856E-1,-5.560916662E-1
2.070826733E1,7.158983350E-1,3.116255999E-1,-7.085302472E-1
2.072837733E1,7.649635077E-1,-1.034740210E-1,-7.353373766E-1
2.074848633E1,8.336966634E-1,-4.956216216E-1,-7.788072228E-1
2.076859533E1,8.046288490E-1,-4.610958099E-1,-7.027410269E-1
2.078870533E1,7.629866600E-1,3.661055267E-1,-6.196773648E-1
2.080881433E1,6.277344823E-1,2.283796072E-1,-5.240159035E-1
2.082892433E1,6.593759060E-1,2.367967367E-1,-4.239438772E-1
2.084903333E1,9.905825257E-1,7.068119645E-1,-3.494178951E-1
2.086914233E1,1.258916974E0,3.962461054E-1,-1.685501039E-1
2.088925233E1,1.224937677E0,-9.493569285E-2,-3.283959255E-2
2.090936133E1,9.893535376E-1,-1.674167514E-1,6.170760840E-2
2.092947033E1,7.179071307E-1,-1.075242087E-1,3.836707771E-2
2.094958033E1,5.476045609E-1,2.918130532E-2,2.194712870E-2
2.096968933E1,3.972091973E-1,1.594612002E-1,-2.422451042E-3
2.098979833E1,2.647347152E-1,1.712307632E-1,5.001777317E-4
2.100990833E1,2.182262391E-1,5.712807551E-2,3.511850722E-3
2.103001733E1,3.397071064E-1,-4.398811143E-3,-1.178578380E-2
2.105012733E1,5.490445495E-1,-2.082780004E-2,-5.755302683E-2
2.107023633E1,6.792098880E-1,-2.211179957E-2,-1.275400817E-1
2.109034533E1,6.464455128E-1,-3.339296579E-2,-2.160693854E-1
2.111045533E1,4.903031886E-1,2.100692689E-2,-2.924692333E-1
2.113056433E1,3.415651023E-1,1.521528214E-1,-2.962524593E-1
2.115067333E1,2.682467699E-1,2.337610275E-1,-2.490481436E-1
2.117078333E1,2.120819688E-1,1.449875385E-1,-2.082957178E-1
2.119089233E1,1.034790799E-1,3.035636432E-2,-1.652490646E-1
2.121100233E1,-1.805507811E-3,1.963438094E-1,-1.393409222E-1
2.123111133E1,4.353892291E-4,4.061084390E-1,-9.331309795E-2
2.125122033E1,-2.468844410E-3,5.954090953E-1,-1.687086187E-2
2.127133033E1,2.529510260E-1,1.871048808E-1,1.343583763E-1
2.129143933E1,2.570576072E-1,-5.001247302E-2,3.926765919E-1
2.131154933E1,4.310742915E-1,-1.033584177E-1,-1.448868401E-2
2.133165833E1,4.949818254E-1,-8.502488583E-2,-3.595607281E-1
2.135176733E1,4.722177684E-1,-9.392029047E-2,-4.391140342E-1
2.137187733E1,2.386670113E-1,-2.420766652E-2,-2.837298214E-1
2.139198633E1,1.568884104E-1,-1.107329354E-1,-1.739310622E-1
2.141209633E1,3.704753518E-1,-2.943982780E-1,-1.118014157E-1
2.143220533E1,6.333873272E-1,-5.205384269E-2,-1.489504427E-1
2.145231433E1,9.101100564E-1,8.372105658E-2,-3.565479219E-1
2.147242433E1,1.139141560E0,-1.604118757E-2,-6.429964900E-1
2.149253333E1,1.274051189E0,-1.998141408E-1,-9.183672071E-1
2.151264333E1,1.323456049E0,-3.553747535E-1,-1.002038717E0
2.153275233E1,1.356222510E0,-4.395587444E-1,-9.121451974E-1
2.155286233E1,1.344656229E0,-3.414320350E-1,-7.098564506E-1
2.157297133E1,1.244983912E0,-1.824729443E-1,-4.733753502E-1
2.159308033E1,1.103606105E0,-1.464188248E-1,-3.217864633E-1
2.161318983E1,9.790589213E-1,-1.997596323E-1,-2.379912436E-1
2.163329883E1,8.927249908E-1,-2.264033109E-1,-2.022258788E-1
2.165340883E1,8.444834948E-1,-2.173523456E-1,-1.806954294E-1
2.167351783E1,8.353638649E-1,-2.259010673E-1,-1.625238061E-1
2.169362683E1,8.428227305E-1,-2.135532647E-1,-1.572497040E-1
2.171373683E1,8.561875820E-1,-1.620932072E-1,-1.954490989E-1
2.173384583E1,8.618391752E-1,-1.144443005E-1,-2.742863595E-1
2.175395583E1,8.126591444E-1,-6.055109203E-2,-3.593651354E-1
2.177406483E1,7.371142507E-1,-2.092860267E-2,-4.373596609E-1
2.179417483E1,6.818717718E-1,6.729260087E-2,-5.048537254E-1
2.181428383E1,6.689602137E-1,1.722126305E-1,-5.644582510E-1
2.183439383E1,6.933859587E-1,2.149418443E-1,-6.274096966E-1
2.185450283E1,6.700794697E-1,7.930336893E-2,-6.749256253E-1
2.187461183E1,5.237984061E-1,-1.661161184E-1,-6.383143663E-1
2.189472183E1,4.958901405E-1,-2.824606597E-1,-7.934358716E-1
2.191483083E1,5.205809474E-1,1.593802720E-1,-8.907703161E-1
2.193494083E1,5.915647149E-1,3.802601695E-1,-7.885782123E-1
2.195504983E1,5.577051640E-1,1.032276452E-1,-6.313704252E-1
2.197515983E1,7.015733123E-1,3.550162613E-1,-4.456503391E-1
2.199526883E1,1.076884508E0,5.995251536E-1,-2.794390023E-1
2.201537883E1,1.265829802E0,2.844480574E-1,7.632059976E-3
2.203548783E1,1.224172354E0,1.090415418E-1,2.181644142E-1
2.205559783E1,1.093997598E0,-9.925566614E-2,2.202384025E-1
2.207570683E1,9.391659498E-1,-1.360297501E-1,1.113243848E-1
2.209581583E1,7.617733479E-1,8.878128231E-2,-1.300808601E-2
2.211592583E1,5.555978417E-1,2.887806892E-1,-1.322907209E-1
2.213603483E1,4.351008236E-1,2.082941979E-1,-8.437775820E-2
2.215614483E1,4.775815606E-1,9.129302949E-2,6.188622490E-2
2.217625383E1,6.555119157E-1,6.176299229E-2,1.470123380E-1
2.219636383E1,7.922252417E-1,2.220326103E-2,1.699803323E-1
2.221647283E1,7.763280272E-1,-7.934606820E-2,1.084868237E-1
2.223658283E1,5.753380060E-1,-1.617431343E-1,2.707198728E-4
2.225669183E1,3.227766752E-1,-1.092033386E-1,-1.229433194E-1
2.227680183E1,1.632663757E-1,6.481685489E-2,-1.943328083E-1
2.229691083E1,1.267165244E-1,2.574107349E-1,-1.626124829E-1
2.231702083E1,1.591799408E-1,2.698860466E-1,-1.273415089E-1
2.233712983E1,2.023867071E-1,7.106465101E-2,-1.455411166E-1
2.235723983E1,1.966607869E-1,1.247229949E-1,-1.469401717E-1
2.237734883E1,2.528517544E-1,4.075362682E-1,-1.925303489E-1
2.239745783E1,3.734671175E-1,6.455538273E-1,-1.294944882E-1
2.241756783E1,6.665642858E-1,2.247602195E-1,4.205548763E-2
2.243767683E1,7.037438750E-1,-2.726807892E-1,2.186674774E-1
2.245778683E1,7.959299684E-1,-2.123467326E-1,-2.071721256E-1
2.247789583E1,8.569200635E-1,-7.778226584E-2,-5.120918155E-1
2.249800583E1,7.287803292E-1,-1.516240984E-1,-5.432932973E-1
2.251811483E1,4.692955911E-1,-1.612162590E-1,-3.198206425E-1
2.253822483E1,3.416897655E-1,-1.658950150E-1,-1.472195089E-1
2.255833383E1,4.301410615E-1,-2.052473575E-1,-5.561041087E-2
2.257844383E1,5.759565234E-1,-6.647471339E-2,-1.099429876E-1
2.259855283E1,7.167696953E-1,2.256399207E-2,-3.138391674E-1
2.261866242E1,8.244640231E-1,-1.139980927E-1,-6.521859169E-1
2.263877142E1,8.917313218E-1,-2.772171497E-1,-9.278761148E-1
2.265888142E1,9.868232012E-1,-4.135958850E-1,-1.036495805E0
2.267899042E1,1.110046148E0,-5.353015661E-1,-9.477566481E-1
2.269910042E1,1.211812615E0,-5.374191403E-1,-7.470256090E-1
2.271920942E1,1.222060204E0,-3.082614243E-1,-5.523924828E-1
2.273931942E1,1.166778207E0,-1.140584797E-1,-4.058287442E-1
2.275942842E1,1.075178862E0,-9.670968354E-2,-3.040463030E-1
2.277953842E1,9.508357048E-1,-1.568090916E-1,-2.444300950E-1
2.279964742E1,8.076337576E-1,-1.650462598E-1,-1.907512248E-1
2.281975742E1,7.035859823E-1,-1.907371730E-1,-1.019951999E-1
2.283986642E1,6.359637380E-1,-1.552417129E-1,-2.435262129E-2
2.285997642E1,5.950992107E-1,-1.140345261E-1,-1.713441126E-2
2.288008542E1,5.592067242E-1,-1.567461044E-1,-7.034267485E-2
2.290019542E1,5.014272928E-1,-1.762349308E-1,-1.533899605E-1
2.292030442E1,4.650706649E-1,-8.133409172E-2,-2.393638790E-1
2.294041442E1,4.774260819E-1,4.995525349E-3,-3.306696415E-1
2.296052342E1,5.362095833E-1,9.842696041E-2,-4.207716286E-1
2.298063342E1,6.331234574E-1,2.568990588E-1,-5.325812101E-1
2.300074242E1,7.157935500E-1,3.461017013E-1,-6.313875318E-1
2.302085242E1,6.622670293E-1,9.117382020E-2,-6.618832946E-1
2.304096142E1,5.730121136E-1,-1.629707366E-1,-6.786826253E-1
2.306107142E1,4.955819249E-1,-2.775898278E-1,-8.110564947E-1
2.308118042E1,4.593422115E-1,1.119775102E-1,-7.217690349E-1
2.310129042E1,3.853453994E-1,1.386564523E-1,-5.868809223E-1
2.312139942E1,3.420323431E-1,-4.715635628E-2,-3.878913224E-1
2.314150942E1,4.863374233E-1,2.425168902E-1,-2.097942084E-1
2.316161942E1,8.959645629E-1,5.896330476E-1,-5.927886069E-2
2.318172842E1,1.238973379E0,2.930542529E-1,7.700538635E-2
2.320183842E1,1.327379704E0,1.160339639E-2,1.295313090E-1
2.322194742E1,1.250103593E0,-6.200277433E-2,7.041995227E-2
2.324205742E1,1.164757371E0,-5.955882370E-2,1.798391528E-2
2.326216642E1,1.068711877E0,7.485534996E-2,6.747199688E-3
2.328227642E1,9.344585538E-1,2.393328398E-1,-2.805356123E-2
2.330238542E1,7.532053590E-1,2.359788418E-1,-4.055343568E-2
2.332249542E1,6.090807915E-1,1.244275048E-1,-2.595864236E-2
2.334260442E1,5.979288816E-1,3.944399208E-2,4.257492837E-4
2.336271442E1,6.217260957E-1,-8.062075824E-2,-2.785586054E-3
2.338282342E1,6.027747989E-1,-1.826301813E-1,-3.156910837E-2
2.340293342E1,4.814194739E-1,-2.326587141E-1,-7.984190434E-2
2.342304242E1,2.986443341E-1,-1.793033481E-1,-1.474228054E-1
2.344315242E1,1.582056135E-1,-6.419896334E-2,-1.931962073E-1
2.346326142E1,1.041862667E-1,9.740376472E-2,-1.934685111E-1
2.348337142E1,1.481701285E-1,5.011811852E-2,-2.034682333E-1
2.350348042E1,2.035304755E-1,-4.361332953E-2,-1.696451902E-1
2.352359042E1,2.378194928E-1,2.524684668E-1,-1.580579281E-1
2.354369942E1,3.228484690E-1,4.815457463E-1,-1.278884709E-1
2.356380942E1,3.876520991E-1,5.529468060E-1,-4.788195342E-2
2.358391942E1,5.720770955E-1,3.865989149E-1,5.748427659E-2
2.360402842E1,5.493364334E-1,-2.054485530E-1,2.076338530E-1
2.362413921E1,6.217648387E-1,-1.196938902E-1,-7.687392831E-2
2.364424821E1,6.746308208E-1,8.299706131E-2,-4.299333692E-1
2.366435821E1,6.707057357E-1,-1.020299420E-1,-5.836187005E-1
2.368446721E1,5.530353189E-1,-2.849238813E-1,-4.744157493E-1
2.370457721E1,3.583079576E-1,-2.575496137E-1,-2.657823563E-1
2.372468621E1,4.133886099E-1,-2.665564716E-1,-6.847393513E-2
2.374479621E1,5.637842417E-1,-2.601908334E-2,1.283020154E-2
2.376490521E1,6.454210281E-1,2.641975582E-1,-7.439151406E-2
2.378501521E1,7.609953284E-1,2.537967563E-1,-3.698081672E-1
2.380512421E1,8.671883345E-1,-4.274160415E-2,-7.635850906E-1
2.382523421E1,9.745039344E-1,-2.869352102E-1,-9.850514531E-1
2.384534321E1,1.104646087E0,-4.688197672E-1,-9.762194157E-1
2.386545321E1,1.224165082E0,-5.023418069E-1,-8.243320584E-1
2.388556221E1,1.233610511E0,-3.858877122E-1,-6.444319487E-1
2.390567221E1,1.166597724E0,-3.033735156E-1,-4.748169482E-1
2.392578121E1,1.096809745E0,-2.577497363E-1,-3.660254478E-1
2.394589121E1,1.039114714E0,-2.587667406E-1,-3.075227439E-1
2.396600021E1,9.579051733E-1,-2.263048589E-1,-2.586966157E-1
2.398611021E1,8.603306413E-1,-1.657766104E-1,-1.859735847E-1
2.400622021E1,7.748643160E-1,-1.044799387E-1,-8.639155328E-2
2.402632921E1,7.285456657E-1,-5.942547321E-2,-9.959475137E-3
2.404643921E1,6.812317371E-1,-3.902683500E-3,-1.552019455E-2
2.406654821E1,6.287686229E-1,-2.650183626E-3,-1.152589023E-1
2.408665821E1,5.726514459E-1,1.348489523E-2,-2.528741062E-1
2.410676721E1,5.526722670E-1,3.616587073E-2,-4.064328969E-1
2.412687721E1,5.857025981E-1,8.281585574E-2,-5.366647243E-1
2.414698621E1,6.380935907E-1,9.947010875E-2,-6.233935356E-1
2.416709621E1,6.279508471E-1,3.238059208E-2,-6.433264613E-1
2.418720521E1,5.231525302E-1,-2.425119430E-1,-5.659521818E-1
2.420731521E1,4.386512339E-1,-2.233320624E-1,-6.034577489E-1
2.422742421E1,3.986726999E-1,1.615418643E-1,-6.368472576E-1
2.424753421E1,4.661047459E-1,2.348152101E-1,-6.030896306E-1
2.426764321E1,4.357078373E-1,-1.773294359E-1,-4.577595592E-1
2.428775321E1,5.152091384E-1,-2.806442603E-2,-3.401086628E-1
2.430786221E1,8.501467109E-1,5.508037806E-1,-2.732153833E-1
2.432797221E1,1.255515695E0,6.159211993E-1,-1.104051620E-1
2.434808221E1,1.401845098E0,1.756096482E-1,6.347287446E-2
2.436819121E1,1.299088120E0,-8.662198484E-2,1.690722108E-1
2.438830121E1,1.113608122E0,-3.018432260E-1,9.648562968E-2
2.440841021E1,9.247422814E-1,-3.369581103E-1,4.486564919E-2
2.442852021E1,7.257177830E-1,-1.262704581E-1,1.054031961E-2
2.444862921E1,5.664366484E-1,7.930058986E-2,-7.083357777E-3
2.446873921E1,4.960912466E-1,1.256884187E-1,-5.873945192E-4
2.448884821E1,5.550457239E-1,7.485748082E-2,2.371786907E-2
2.450895821E1,6.929432750E-1,4.901879653E-2,1.144273300E-2
2.452906721E1,7.780014873E-1,-1.711953059E-2,-4.739473388E-2
2.454917721E1,7.483940721E-1,-1.020808145E-1,-1.520295143E-1
2.456928721E1,6.338444352E-1,-1.455447227E-1,-2.691774070E-1
2.458939621E1,5.368903875E-1,-2.691029198E-2,-3.573768735E-1
2.460950621E1,5.203160048E-1,1.537838727E-1,-3.855476081E-1
2.462961904E1,5.800594687E-1,1.623909175E-1,-4.027784169E-1
2.464972904E1,5.869194269E-1,-2.183406055E-2,-4.051640034E-1
2.466983804E1,4.592434466E-1,1.404465139E-1,-3.645289838E-1
2.468994804E1,3.760673702E-1,3.848743141E-1,-2.726150155E-1
2.471005704E1,2.540204823E-1,4.192098379E-1,-1.854955405E-1
2.473016704E1,1.067160964E-1,5.145251155E-1,-6.026124582E-2
2.475027704E1,1.301243752E-1,1.173049659E-1,1.434676200E-1
2.477038604E1,2.949121296E-1,-1.521182805E-1,2.597950101E-1
2.479049604E1,4.774596393E-1,-5.642609596E-1,-1.952133179E-1
2.481060504E1,6.397661567E-1,-3.531015217E-1,-4.809105694E-1
2.483071504E1,7.436044812E-1,-1.542990059E-1,-5.811669230E-1
2.485082404E1,5.536443591E-1,-2.968210913E-2,-5.069005489E-1
2.487093404E1,4.100039005E-1,-9.480284899E-2,-3.938104510E-1
2.489104304E1,5.291608572E-1,-2.473601103E-1,-2.745099366E-1
2.491115304E1,7.148062587E-1,1.619628444E-2,-2.644977868E-1
2.493126304E1,8.939228058E-1,1.042656973E-1,-4.026992619E-1
2.495137204E1,1.011590242E0,-8.983852714E-2,-7.156974077E-1
2.497148204E1,1.030502915E0,-3.088000119E-1,-9.580562711E-1
2.499159104E1,1.059829593E0,-3.778333366E-1,-1.027350307E0
2.501170104E1,1.119613051E0,-4.343926609E-1,-9.038806558E-1
2.503181004E1,1.160069346E0,-3.952754736E-1,-6.962190270E-1
2.505192004E1,1.156309962E0,-2.703915238E-1,-5.206110477E-1
2.507203004E1,1.169083953E0,-1.991701126E-1,-4.269081950E-1
2.509213904E1,1.174464703E0,-2.219117433E-1,-3.997757435E-1
2.511224904E1,1.115340829E0,-2.376288176E-1,-4.038300514E-1
2.513235804E1,1.013599038E0,-2.106367499E-1,-3.798990548E-1
2.515246804E1,9.116223454E-1,-6.312418729E-2,-3.116372526E-1
2.517257804E1,8.713101745E-1,-5.860977247E-2,-2.956668437E-1
2.519268704E1,8.138558269E-1,-1.324784458E-1,-2.791773975E-1
2.521279704E1,7.434860468E-1,-1.202057898E-1,-2.593674064E-1
2.523290604E1,6.996880174E-1,-1.617537811E-2,-2.499453723E-1
2.525301604E1,6.503129005E-1,1.704856753E-1,-2.964782119E-1
2.527312604E1,6.747357845E-1,3.412488699E-1,-4.014997780E-1
2.529323504E1,7.552186847E-1,3.412439525E-1,-5.073724389E-1
2.531334504E1,7.721696496E-1,1.003152598E-2,-5.255503058E-1
2.533345404E1,7.846007943E-1,-1.723736972E-1,-5.045426488E-1
2.535356404E1,7.788528800E-1,-1.305382997E-1,-6.163088679E-1
2.537367304E1,8.722744584E-1,3.581100106E-1,-5.951744318E-1
2.539378304E1,7.955834866E-1,2.787710428E-1,-4.983106554E-1
2.541389304E1,6.594648361E-1,2.422824502E-1,-3.105616868E-1
2.543400204E1,8.048869371E-1,5.875880718E-1,-1.609417498E-1
2.545411204E1,9.798890352E-1,4.746029377E-1,6.235978752E-2
2.547422104E1,9.925312400E-1,9.012625366E-2,1.735970527E-1
2.549433104E1,9.422883391E-1,-3.682833910E-2,1.249752045E-1
2.551444104E1,8.288782239E-1,-1.488315612E-1,5.764498189E-2
2.553455004E1,6.937182546E-1,-1.709488481E-1,7.120238990E-2
2.555466004E1,5.368277431E-1,-5.532079563E-2,1.719180197E-1
2.557476904E1,3.239083588E-1,3.632420301E-2,2.530125976E-1
2.559487904E1,1.318459362E-1,1.154922545E-1,2.813136578E-1
2.561498454E1,5.890660733E-2,2.117056251E-1,3.144719005E-1
2.563509354E1,5.779475719E-2,1.891428679E-1,3.102264106E-1
2.565520354E1,2.568166144E-2,1.000736654E-1,2.703427672E-1
2.567531254E1,-1.026612744E-1,7.697177678E-2,2.242175639E-1
2.569542254E1,-3.126199841E-1,1.107020676E-1,1.802373230E-1
2.571553254E1,-4.953552186E-1,1.073332280E-1,1.781698912E-1
2.573564154E1,-5.826039314E-1,1.226750761E-1,2.048352808E-1
2.575575154E1,-6.267982125E-1,1.464541256E-1,2.351940721E-1
2.577586054E1,-6.610461473E-1,9.896145761E-2,2.692060173E-1
2.579597054E1,-7.148790359E-1,3.175119311E-2,3.178735673E-1
2.581608054E1,-7.403350472E-1,4.793823883E-2,3.454457819E-1
2.583618954E1,-6.496216655E-1,1.294804215E-1,3.102256358E-1
2.585629954E1,-5.167095065E-1,1.440277249E-1,2.342401296E-1
2.587640854E1,-1.154508516E-1,-4.410398751E-2,1.763928384E-1
2.589651854E1,1.937791854E-1,-3.107108474E-1,2.465936244E-1
2.591662854E1,4.331138730E-1,-4.787850976E-1,1.506542414E-1
2.593673754E1,5.730857849E-1,-1.314640492E-1,-2.317680568E-1
2.595684754E1,5.407856107E-1,-3.443957865E-2,-5.764068365E-1
2.597695654E1,3.631417751E-1,-2.929848731E-1,-6.101769209E-1
2.599706654E1,1.999232620E-1,-4.602805078E-1,-5.093087554E-1
2.601717654E1,1.211396307E-1,-5.229623318E-1,-3.773281872E-1
2.603728554E1,1.071247309E-1,-4.624226689E-1,-2.451042831E-1
2.605739554E1,1.660530865E-1,-3.843238056E-1,-1.491123140E-1
2.607750454E1,1.560266167E-1,-2.748906910E-1,-6.110204384E-2
2.609761454E1,9.984303266E-2,-2.044743001E-1,-3.326627985E-2
2.611772454E1,1.504400969E-1,-2.154734284E-1,-4.772685096E-2
2.613783354E1,3.352686167E-1,-1.165863201E-1,-1.225805059E-1
2.615794354E1,5.376161933E-1,-4.262939095E-2,-2.390516847E-1
2.617805354E1,6.095589399E-1,2.181807533E-2,-3.488378823E-1
2.619816254E1,5.106788278E-1,3.606341314E-3,-4.000560343E-1
2.621827254E1,3.059064746E-1,1.490939967E-2,-3.648847044E-1
2.623838154E1,2.519042194E-1,4.041754454E-2,-2.420633137E-1
2.625849154E1,3.491677344E-1,4.356721789E-2,-2.478649467E-1
2.627860154E1,4.639664888E-1,1.689266786E-2,-3.071304560E-1
2.629871054E1,5.489223599E-1,1.127585769E-2,-3.687535226E-1
2.631882054E1,6.594918370E-1,6.943972316E-3,-4.057955742E-1
2.633892954E1,8.007200956E-1,4.943105951E-2,-4.128765166E-1
2.635903954E1,9.159939289E-1,1.209246144E-1,-3.929392993E-1
2.637914954E1,9.017049670E-1,1.908392906E-1,-3.954226375E-1
2.639925854E1,8.003062606E-1,2.034014910E-1,-4.199823439E-1
2.641936854E1,6.732006073E-1,2.566983700E-1,-4.827894866E-1
2.643947854E1,5.492591858E-1,2.604230344E-1,-5.882560611E-1
2.645958754E1,4.794836342E-1,1.373567432E-1,-7.438327074E-1
2.647969754E1,4.614039361E-1,-2.012037933E-1,-8.485653996E-1
2.649980654E1,4.428814948E-1,-3.683879673E-1,-7.755212784E-1
2.651991654E1,4.614593089E-1,-2.313115001E-1,-7.753305435E-1
2.654002654E1,6.910943985E-1,1.733014286E-1,-7.388124466E-1
2.656013554E1,9.368344545E-1,2.088479847E-1,-6.820163727E-1
2.658024554E1,1.091959715E0,2.518739700E-1,-6.046382189E-1
2.660035554E1,1.358192086E0,3.654972613E-1,-5.573678017E-1
2.662046479E1,1.537765622E0,4.020464793E-2,-3.723386228E-1
2.664057479E1,1.578377843E0,-3.074616194E-1,-2.226988673E-1
2.666068379E1,1.536721706E0,-2.644907534E-1,-1.557797492E-1
2.668079379E1,1.446203351E0,-1.280771941E-1,-1.917457432E-1
2.670090379E1,1.334404588E0,-3.722967580E-2,-2.055907547E-1
2.672101279E1,1.189519763E0,-4.098413885E-2,-1.978857219E-1
2.674112279E1,1.053683400E0,-9.322877228E-2,-1.991442591E-1
2.676123279E1,9.825990200E-1,-3.266523778E-2,-1.580588222E-1
2.678134179E1,1.008234501E0,-2.271889895E-2,-1.215280220E-1
2.680145179E1,1.058908105E0,-4.604750127E-2,-9.036175162E-2
2.682156179E1,1.060616016E0,-7.190334797E-2,-1.100311130E-1
2.684167079E1,9.875237942E-1,-1.021584719E-1,-1.763167381E-1
2.686178079E1,8.723915815E-1,-7.102309167E-2,-2.608864307E-1
2.688189079E1,7.798038125E-1,-5.138418637E-4,-3.410207927E-1
2.690199979E1,7.356103063E-1,1.085406169E-1,-3.647823334E-1
2.692210979E1,7.070606947E-1,1.521485001E-1,-3.458886147E-1
2.694221879E1,6.948387623E-1,2.489250153E-2,-3.451286256E-1
2.696232879E1,6.638454199E-1,-6.221131608E-2,-3.336427808E-1
2.698243879E1,6.356141567E-1,2.004238814E-1,-3.570006788E-1
2.700254779E1,6.872097850E-1,4.860402644E-1,-2.954976261E-1
2.702265779E1,9.623259902E-1,4.659918547E-1,-1.210216582E-1
2.704276779E1,1.064818740E0,-1.330373064E-2,1.087697446E-1
2.706287679E1,1.052518725E0,-1.322960705E-1,-4.757189006E-2
2.708298679E1,1.092103243E0,3.157988191E-1,-5.242846608E-1
2.710309679E1,1.005191207E0,8.479200304E-2,-7.125951648E-1
2.712320579E1,7.341074944E-1,-2.790102959E-1,-6.536591649E-1
2.714331579E1,4.180429876E-1,-3.073561192E-1,-4.388921559E-1
2.716342579E1,4.114142656E-1,-3.510574102E-1,-2.520451844E-1
2.718353479E1,6.168853641E-1,-1.882298291E-1,-1.381280869E-1
2.720364479E1,8.358181119E-1,1.158409268E-1,-2.167414278E-1
2.722375479E1,1.018397689E0,2.307742089E-1,-4.738437533E-1
2.724386379E1,1.194329977E0,1.718403772E-2,-8.468531966E-1
2.726397379E1,1.350109696E0,-2.443861663E-1,-1.131412268E0
2.728408379E1,1.478397250E0,-3.821208477E-1,-1.158876657E0
2.730419279E1,1.524309874E0,-4.604222476E-1,-1.028894305E0
2.732430279E1,1.446121216E0,-3.843885958E-1,-8.620707393E-1
2.734441279E1,1.310620666E0,-2.224954814E-1,-6.646387577E-1
2.736452179E1,1.205760717E0,-1.114481390E-1,-5.110296011E-1
2.738463179E1,1.158024311E0,-1.281467825E-1,-4.077546895E-1
2.740474179E1,1.132478237E0,-2.051241100E-1,-3.698730469E-1
2.742485079E1,1.088761687E0,-2.701782882E-1,-3.719434440E-1
2.744496079E1,1.045516253E0,-2.407583892E-1,-3.605991602E-1
2.746507079E1,1.014136314E0,-1.815776080E-1,-3.170080781E-1
2.748517979E1,9.694750309E-1,-1.495980471E-1,-2.740465701E-1
2.750528979E1,9.202474356E-1,-1.703914255E-1,-2.509799302E-1
2.752539979E1,8.554864526E-1,-2.520996034E-1,-2.480368763E-1
2.754550879E1,7.115359306E-1,-1.916810721E-1,-2.196029574E-1
2.756561879E1,6.606577635E-1,4.266633093E-2,-2.348534465E-1
2.758572879E1,6.937623620E-1,2.628745139E-1,-3.700411022E-1
2.760583879E1,7.895277739E-1,4.336497188E-1,-5.881635547E-1
2.762594817E1,9.205236435E-1,4.692050517E-1,-7.698527575E-1
2.764605817E1,1.004267216E0,1.693808101E-2,-8.164904714E-1
2.766616717E1,1.038106322E0,-5.322565436E-1,-8.198671341E-1
2.768627717E1,8.922867179E-1,-6.815861464E-1,-7.596336603E-1
2.770638717E1,8.809221387E-1,2.851819396E-1,-6.791281104E-1
2.772649717E1,7.280856371E-1,3.339918554E-1,-5.595223308E-1
2.774660617E1,6.590843201E-1,3.579818606E-1,-3.924461305E-1
2.776671617E1,9.471178055E-1,6.554949284E-1,-3.073202670E-1
2.778682617E1,1.153928041E0,3.042944372E-1,-6.762949377E-2
2.780693517E1,1.177779436E0,-5.985146016E-2,1.255792826E-1
2.782704517E1,1.091211200E0,-4.243610427E-2,1.467358768E-1
2.784715517E1,9.631544948E-1,-4.927451164E-2,1.025131270E-1
2.786726417E1,7.833948731E-1,-7.479832321E-2,9.486441314E-2
2.788737417E1,5.893224478E-1,3.172281012E-2,5.768855289E-2
2.790748417E1,4.485272169E-1,2.287239209E-2,6.561434828E-3
2.792759317E1,3.898271024E-1,-1.007698849E-2,-5.075598881E-2
2.794770317E1,4.224191606E-1,-3.582774103E-2,-6.930308789E-2
2.796781317E1,4.938161969E-1,-5.930476263E-2,-1.041100845E-1
2.798792217E1,5.287188888E-1,-7.733038068E-2,-1.540347636E-1
2.800803217E1,4.536811709E-1,-8.863917738E-2,-1.832775623E-1
2.802814217E1,2.798182964E-1,-7.580266893E-2,-1.816696823E-1
2.804825117E1,1.474183947E-1,-1.312571019E-2,-1.526930332E-1
2.806836117E1,1.050904691E-1,9.981530160E-2,-1.142732203E-1
2.808847117E1,1.409033388E-1,1.477812976E-1,-9.214516729E-2
2.810858117E1,2.152951211E-1,4.961992614E-3,-1.152879447E-1
2.812869017E1,2.218279541E-1,-3.973714635E-2,-1.959374249E-1
2.814880017E1,2.432025373E-1,2.556939721E-1,-1.717629731E-1
2.816891017E1,3.126257956E-1,4.929680228E-1,-1.103151888E-1
2.818901917E1,4.225668907E-1,4.757850468E-1,-1.164227910E-2
2.820912917E1,4.836550951E-1,3.330389559E-1,1.866959333E-1
2.822923917E1,4.377818704E-1,-8.001251519E-2,2.206171453E-1
2.824934817E1,4.820577800E-1,-7.515681535E-2,-1.919669509E-1
2.826945817E1,5.841694474E-1,-8.707553893E-2,-4.131566584E-1
2.828956817E1,5.227774382E-1,-7.400849462E-2,-4.305623174E-1
2.830967717E1,2.284282744E-1,-1.891109534E-2,-3.287282586E-1
2.832978717E1,1.487518251E-1,-6.805121154E-2,-2.259821892E-1
2.834989717E1,3.233037293E-1,-1.968425214E-1,-1.110584512E-1
2.837000617E1,4.923786223E-1,9.007526562E-3,-1.557643861E-1
2.839011617E1,7.006040215E-1,2.871559188E-2,-3.474575579E-1
2.841022617E1,9.389693141E-1,-3.354560956E-2,-6.308193207E-1
2.843033517E1,1.095438480E0,-1.296227127E-1,-9.121534228E-1
2.845044517E1,1.149612427E0,-2.966385484E-1,-9.725202322E-1
2.847055517E1,1.168267012E0,-4.165636301E-1,-8.576585650E-1
2.849066417E1,1.150026679E0,-3.899810910E-1,-6.607520580E-1
2.851077417E1,1.066895485E0,-2.758466899E-1,-4.691820741E-1
2.853088417E1,9.425308704E-1,-1.683017313E-1,-3.508266211E-1
2.855099317E1,8.559477925E-1,-1.646522731E-1,-2.498833239E-1
2.857110317E1,8.255394101E-1,-1.476568878E-1,-2.249970585E-1
2.859121317E1,8.224515915E-1,-1.376294941E-1,-2.320015877E-1
2.861132217E1,8.378084898E-1,-1.259398907E-1,-2.169180959E-1
2.863143542E1,8.655766845E-1,-1.166633591E-1,-2.045650780E-1
2.865154542E1,8.709806204E-1,-1.152014807E-1,-1.839430928E-1
2.867165442E1,8.507307768E-1,-1.576634198E-1,-1.890017092E-1
2.869176442E1,7.713906169E-1,-2.068586946E-1,-2.181962878E-1
2.871187442E1,6.621634960E-1,-1.297794729E-1,-2.736192346E-1
2.873198342E1,5.796213746E-1,6.288701296E-2,-3.750507236E-1
2.875209342E1,6.017947197E-1,1.737834811E-1,-5.419450998E-1
2.877220342E1,6.789243817E-1,1.698924601E-1,-7.216438651E-1
2.879231242E1,7.114302516E-1,1.971651241E-2,-7.851089835E-1
2.881242242E1,7.414368391E-1,-2.174262255E-1,-7.505353689E-1
2.883253242E1,7.617172003E-1,-3.279347420E-1,-8.071489334E-1
2.885264142E1,6.843358278E-1,4.531781748E-2,-7.066619992E-1
2.887275142E1,6.636894345E-1,1.387852579E-1,-6.254189610E-1
2.889286142E1,5.102849007E-1,-2.470361069E-2,-4.299332201E-1
2.891297042E1,4.899155796E-1,2.484125048E-1,-3.048686683E-1
2.893308042E1,8.027972579E-1,6.615889668E-1,-2.190292180E-1
2.895319042E1,1.069325328E0,5.001250505E-1,-6.478576362E-2
2.897329942E1,1.160351992E0,1.451561600E-1,3.514960781E-2
2.899340942E1,1.181686640E0,-7.469390333E-2,3.081473522E-3
2.901351942E1,1.059676290E0,-2.938798070E-1,-6.743940711E-2
2.903362842E1,9.147782922E-1,-2.734644413E-1,-4.574073479E-2
2.905373842E1,7.771196365E-1,-1.351591945E-1,-8.115422912E-3
2.907384842E1,6.696675420E-1,-2.727584727E-2,-6.098954938E-3
2.909395742E1,6.240847707E-1,-3.036507778E-2,9.882465936E-3
2.911406742E1,6.312362552E-1,-2.957829647E-2,4.153970629E-2
2.913417742E1,6.417420506E-1,-5.386002362E-2,4.594653845E-2
2.915428642E1,6.189641356E-1,-1.172496229E-1,2.171036601E-2
2.917439642E1,5.046157241E-1,-1.531194746E-1,-1.768884063E-2
2.919450642E1,3.761098385E-1,-1.827265918E-1,-7.303179801E-2
2.921461542E1,3.162276745E-1,-1.409010887E-1,-1.439356208E-1
2.923472542E1,3.141409159E-1,3.705114499E-2,-2.008250058E-1
2.925483542E1,3.638559878E-1,2.145504802E-1,-2.429012060E-1
2.927494442E1,4.018966556E-1,1.594178230E-1,-2.456552684E-1
2.929505442E1,3.207298815E-1,5.815698206E-2,-2.223187983E-1
2.931516442E1,1.930342764E-1,1.483751684E-1,-2.282033563E-1
2.933527342E1,1.199807376E-1,3.360652924E-1,-1.586494148E-1
2.935538342E1,1.085995883E-1,5.352792144E-1,-5.950136483E-2
2.937549342E1,3.005265594E-1,2.397079766E-1,3.527336568E-2
2.939560242E1,2.827639878E-1,-9.351274371E-2,2.435545772E-1
2.941571242E1,4.167205393E-1,-1.237130985E-1,-2.552101016E-2
2.943582142E1,5.370230675E-1,-2.875314839E-2,-3.548603356E-1
2.945593142E1,5.840362310E-1,-6.264036894E-2,-4.517800808E-1
2.947604142E1,3.622096181E-1,-2.181522921E-2,-3.450382650E-1
2.949615042E1,1.621964425E-1,4.615104944E-2,-2.444588244E-1
2.951626042E1,2.466960549E-1,-1.586834043E-1,-1.983248591E-1
2.953637042E1,4.226932824E-1,-3.138441592E-2,-2.280331254E-1
2.955647942E1,6.088891029E-1,6.245680898E-2,-3.901993036E-1
2.957658942E1,8.032642007E-1,1.108078845E-2,-6.206346750E-1
2.959669942E1,9.352366328E-1,-1.006266996E-1,-8.465576768E-1
2.961680896E1,1.013823390E0,-1.965629309E-1,-9.321140647E-1
2.963691896E1,1.066418886E0,-2.671700716E-1,-8.451710343E-1
2.965702896E1,1.110410810E0,-2.690989971E-1,-6.667797565E-1
2.967713796E1,1.100137115E0,-1.689604223E-1,-4.888545871E-1
2.969724796E1,1.039278030E0,-5.755825341E-2,-3.715687394E-1
2.971735696E1,9.657565951E-1,-1.306642592E-1,-3.035602868E-1
2.973746696E1,8.696491718E-1,-2.683284581E-1,-2.598539293E-1
2.975757696E1,8.132715225E-1,-2.843453884E-1,-2.397683263E-1
2.977768596E1,8.230193853E-1,-2.455933690E-1,-2.024304867E-1
2.979779596E1,8.590204716E-1,-1.668717563E-1,-1.714878082E-1
2.981790596E1,9.050527215E-1,-7.809325308E-2,-1.847519279E-1
2.983801496E1,9.279246330E-1,-9.677895904E-2,-2.482897639E-1
2.985812496E1,9.128493071E-1,-1.398333609E-1,-3.489105701E-1
2.987823496E1,8.557198048E-1,-7.000977546E-2,-4.327615201E-1
2.989834396E1,8.189819455E-1,1.126441732E-1,-4.877129197E-1
2.991845396E1,8.308460712E-1,2.997802496E-1,-5.658043623E-1
2.993856296E1,8.997942805E-1,3.910517097E-1,-7.037755847E-1
2.995867296E1,9.733189344E-1,3.248410821E-1,-8.387274146E-1
2.997878296E1,9.371318817E-1,-8.563198894E-2,-8.203140497E-1
2.999889196E1,9.645454288E-1,-3.417932987E-1,-8.479340076E-1
3.001900196E1,9.219279885E-1,2.998831682E-2,-8.617874980E-1
3.003911196E1,8.411632180E-1,3.600003719E-1,-7.953605056E-1
3.005922096E1,6.994848847E-1,1.379809529E-1,-6.212130189E-1
3.007933096E1,8.162806034E-1,3.838918507E-1,-5.027517080E-1
3.009943996E1,1.166978836E0,5.618641376E-1,-3.724943399E-1
3.011954996E1,1.372682214E0,-5.966532975E-2,-1.089005470E-1
3.013965996E1,1.419602752E0,-3.258388937E-1,3.880747408E-2
3.015976896E1,1.336591363E0,-1.386454999E-1,2.064616047E-2
3.017987896E1,1.202539921E0,-6.601459533E-2,5.806374550E-2
3.019998896E1,1.050969124E0,-4.177053273E-2,9.196259081E-2
3.022009796E1,9.121440053E-1,1.512282938E-1,6.943449378E-2
3.024020796E1,8.216379881E-1,2.049068213E-1,2.374054305E-2
3.026031796E1,8.414909840E-1,1.873327941E-1,-3.830675036E-2
3.028042696E1,9.244463444E-1,6.737351418E-2,-1.116323993E-1
3.030053696E1,9.944791794E-1,-4.052653536E-2,-2.201230675E-1
3.032064596E1,9.951665998E-1,-8.971151710E-2,-3.068273067E-1
3.034075596E1,8.689720035E-1,-9.100411832E-2,-3.643507361E-1
3.036086596E1,6.828085780E-1,-2.591178566E-2,-3.831351399E-1
3.038097496E1,5.501565337E-1,8.728946745E-2,-3.552581072E-1
3.040108496E1,4.808012843E-1,1.519027799E-1,-3.141098917E-1
3.042119396E1,4.585013390E-1,8.132662624E-2,-3.253038824E-1
3.044130396E1,4.554342628E-1,-8.517079055E-2,-3.487561345E-1
3.046141396E1,4.145720601E-1,9.866050631E-2,-3.430441618E-1
3.048152296E1,4.282337129E-1,3.264755309E-1,-3.506748378E-1
3.050163296E1,4.364762902E-1,5.340841413E-1,-3.511042297E-1
3.052174296E1,6.157527566E-1,3.151493073E-1,-2.263110578E-1
3.054185196E1,6.602615714E-1,-1.571858376E-1,4.841446877E-2
3.056196196E1,7.794736624E-1,-3.406380117E-1,-1.711818129E-1
3.058207096E1,8.459225297E-1,-2.743147314E-1,-4.032891989E-1
3.060218096E1,8.177636862E-1,-1.595201790E-1,-4.461311400E-1
3.062228729E1,6.137562394E-1,-3.289015219E-2,-2.907548547E-1
3.064239629E1,5.382119417E-1,-2.073912695E-2,-1.524638385E-1
3.066250629E1,6.407201290E-1,-1.039456949E-1,-1.735335588E-1
3.068261529E1,7.988511920E-1,-3.934186324E-2,-3.041292429E-1
3.070272529E1,9.891192317E-1,2.462671138E-3,-5.330214500E-1
3.072283529E1,1.209868550E0,-1.215020381E-2,-7.971813679E-1
3.074294429E1,1.365007639E0,-3.696550429E-2,-9.701525569E-1
3.076305429E1,1.452663898E0,-1.555306017E-1,-1.004859209E0
3.078316429E1,1.516515136E0,-3.244193196E-1,-9.068983197E-1
3.080327329E1,1.572401285E0,-4.078423977E-1,-7.178825736E-1
3.082338329E1,1.576492429E0,-2.717348933E-1,-5.706268549E-1
3.084349229E1,1.511342049E0,-1.115585566E-1,-4.893565476E-1
3.086360229E1,1.422960639E0,-1.497392505E-1,-4.209302366E-1
3.088371229E1,1.307358861E0,-2.847347856E-1,-4.039481580E-1
3.090382129E1,1.174353600E0,-2.657308280E-1,-4.021627605E-1
3.092393129E1,1.068275452E0,-1.457927078E-1,-3.796269596E-1
3.094404029E1,9.846279621E-1,-3.486402333E-2,-3.520041108E-1
3.096415029E1,9.500902891E-1,-3.601975366E-2,-3.397943377E-1
3.098426029E1,9.502459168E-1,-1.273660213E-1,-3.525406420E-1
3.100436929E1,8.462471962E-1,-2.374638021E-1,-3.385259509E-1
3.102447929E1,6.774943471E-1,-1.220485419E-1,-3.273295462E-1
3.104458829E1,6.171280742E-1,1.110589057E-1,-4.129311144E-1
3.106469829E1,6.442592144E-1,2.980663776E-1,-5.653105378E-1
3.108480829E1,6.956619024E-1,3.377051950E-1,-6.807960272E-1
3.110491729E1,6.086418033E-1,8.050544560E-2,-6.315122247E-1
3.112502729E1,6.620694399E-1,-2.054101229E-1,-6.272953153E-1
3.114513729E1,7.523797750E-1,-3.197730333E-2,-7.500939369E-1
3.116524629E1,6.223241687E-1,3.148049116E-1,-6.748195887E-1
3.118535629E1,3.911105394E-1,7.796930522E-2,-4.875929654E-1
3.120546529E1,4.674009383E-1,1.633707881E-1,-3.293097019E-1
3.122557529E1,7.756194472E-1,4.551828504E-1,-2.019408345E-1
3.124568529E1,1.016680121E0,1.126330569E-1,3.356467932E-2
3.126579429E1,1.139379978E0,-1.056389362E-1,1.180399731E-1
3.128590429E1,1.067056775E0,-2.187583297E-1,2.662358619E-2
3.130601329E1,9.435954690E-1,-2.617878020E-1,3.136667609E-2
3.132612329E1,7.469863296E-1,-2.769112885E-1,1.236627623E-1
3.134623329E1,5.055092573E-1,-1.886139214E-1,2.265184969E-1
3.136634229E1,3.639304638E-1,5.186663195E-2,3.000442386E-1
3.138645229E1,3.808493316E-1,1.729931384E-1,3.057820201E-1
3.140656129E1,5.012254119E-1,1.298933774E-1,2.647809684E-1
3.142667129E1,6.001820564E-1,1.955741644E-2,1.843302846E-1
3.144678129E1,5.668323040E-1,-8.809503168E-2,8.532655984E-2
3.146689029E1,4.298652411E-1,-8.173285425E-2,5.259252619E-3
3.148700029E1,2.101299465E-1,1.516567077E-2,-4.770628735E-2
3.150711029E1,2.445910871E-2,1.335912496E-1,-4.960667714E-2
3.152721929E1,-3.094153106E-2,2.284322083E-1,-2.269503661E-3
3.154732929E1,-4.529932048E-3,2.275920361E-1,2.367259562E-2
3.156743829E1,4.303365946E-2,1.298765391E-1,2.212240919E-2
3.158754829E1,9.100572020E-2,2.471495718E-1,-2.612161078E-2
3.160765829E1,1.392083913E-1,4.788114727E-1,-1.179789379E-1
3.162777054E1,1.740528196E-1,5.267478228E-1,-2.219316363E-1
3.164788054E1,1.356868595E-1,5.777605176E-1,-2.538497150E-1
3.166798954E1,3.997390866E-1,2.713217735E-1,-9.840425104E-2
3.168809954E1,4.972999692E-1,-1.633149236E-1,1.962012053E-1
3.170820954E1,6.606496572E-1,-2.683339119E-1,-5.137540027E-2
3.172831854E1,7.218974829E-1,-1.018433347E-1,-2.992347777E-1
3.174842854E1,6.424217224E-1,-1.539726853E-1,-2.990002334E-1
3.176853854E1,1.669175476E-1,-7.561535388E-2,-8.338931203E-2
3.178864754E1,-7.890848815E-2,-7.750613987E-2,3.271543607E-2
3.180875754E1,1.793869212E-2,-1.777318716E-1,4.334061220E-2
3.182886654E1,1.871302128E-1,-4.081667587E-2,-8.352559060E-2
3.184897654E1,4.542709589E-1,-3.216702864E-2,-3.530788124E-1
3.186908654E1,7.900524735E-1,-1.007051393E-1,-6.731990576E-1
3.188919554E1,1.042181253E0,-1.203417853E-1,-9.518862963E-1
3.190930554E1,1.184135556E0,-2.582244575E-1,-1.030298114E0
3.192941554E1,1.255101562E0,-4.275279045E-1,-9.088870287E-1
3.194952454E1,1.249020934E0,-3.866437674E-1,-6.901415586E-1
3.196963454E1,1.135215640E0,-2.433753759E-1,-4.760237932E-1
3.198974354E1,9.575198293E-1,-1.470665038E-1,-3.073343635E-1
3.200985354E1,7.948706150E-1,-1.995520294E-1,-1.910913885E-1
3.202996354E1,6.322556734E-1,-2.745692134E-1,-1.423395127E-1
3.205007254E1,5.332544446E-1,-2.283746898E-1,-1.308227181E-1
3.207018254E1,5.182480812E-1,-1.791400909E-1,-1.377197355E-1
3.209029254E1,5.701869726E-1,-7.525655627E-2,-1.421824694E-1
3.211040154E1,6.644014716E-1,1.195979305E-2,-1.543199420E-1
3.213051154E1,6.648256183E-1,-6.585485488E-2,-1.941585690E-1
3.215062054E1,4.971375465E-1,-1.420676261E-1,-2.280638516E-1
3.217073054E1,3.072830141E-1,-9.746618569E-2,-2.920300961E-1
3.219084054E1,2.285240591E-1,1.056729816E-2,-3.969130218E-1
3.221094954E1,2.635415792E-1,1.201714575E-1,-5.195019245E-1
3.223105954E1,3.134412169E-1,1.298619509E-1,-6.006190777E-1
3.225116954E1,2.750589848E-1,-1.881868392E-1,-5.723281503E-1
3.227127854E1,3.003468513E-1,-2.594854236E-1,-5.775005221E-1
3.229138854E1,2.711287737E-1,-5.580645800E-2,-6.022523642E-1
3.231149854E1,2.273353338E-1,1.770466566E-1,-5.646570325E-1
3.233160754E1,1.290189326E-1,6.921620667E-2,-4.043200612E-1
3.235171754E1,3.013323247E-1,3.163651526E-1,-2.995608747E-1
3.237182654E1,6.995350718E-1,4.329673052E-1,-2.308327109E-1
3.239193654E1,9.904028773E-1,-3.370453417E-2,-7.794789970E-2
3.241204654E1,1.094807863E0,-1.297863722E-1,8.190196007E-3
3.243215554E1,1.112245560E0,-3.716200590E-2,-5.134461820E-2
3.245226554E1,1.016063094E0,-4.077380151E-2,-7.019151747E-2
3.247237554E1,8.228814006E-1,-5.787881464E-2,8.870481513E-3
3.249248454E1,5.800318122E-1,-9.274451062E-3,7.734286040E-2
3.251259454E1,4.558450580E-1,2.662382461E-2,1.047196984E-1
3.253270454E1,4.865007699E-1,6.367951632E-2,7.607857138E-2
3.255281354E1,6.295468211E-1,8.781852573E-2,7.309929002E-3
3.257292354E1,7.671187520E-1,5.153675377E-2,-8.942523599E-2
3.259303254E1,8.233181238E-1,2.589490451E-2,-1.833414435E-1
3.261314254E1,7.942992449E-1,1.811687648E-2,-2.687322497E-1
3.263324954E1,6.520078778E-1,6.141388044E-2,-3.478127420E-1
3.265335854E1,4.531031847E-1,1.325438917E-1,-3.535320163E-1
3.267346854E1,3.290954530E-1,2.115251124E-1,-3.260020912E-1
3.269357854E1,2.794384956E-1,1.135453880E-1,-2.751668394E-1
3.271368754E1,2.754053771E-1,9.023351967E-2,-2.386905402E-1
3.273379754E1,2.585825324E-1,2.409016788E-1,-2.494121790E-1
3.275390754E1,2.169868052E-1,4.228258729E-1,-3.448739648E-1
3.277401654E1,2.139171660E-1,2.376941890E-1,-3.360242844E-1
3.279412654E1,4.360253215E-1,-2.176920325E-2,-2.229318209E-2
3.281423554E1,7.021807432E-1,-3.610078692E-1,9.547489882E-2
3.283434554E1,8.025071025E-1,-5.611654520E-1,-2.265140563E-1
3.285445554E1,9.176527262E-1,-7.104807347E-2,-4.137781262E-1
3.287456454E1,8.197792172E-1,1.443116218E-1,-4.189130366E-1
3.289467454E1,5.896105170E-1,1.469631344E-1,-3.001396060E-1
3.291478454E1,5.886976719E-1,2.502771467E-2,-2.640365362E-1
3.293489354E1,7.420752645E-1,7.222831994E-2,-3.120202124E-1
3.295500354E1,1.002610087E0,-2.777441218E-2,-4.579662979E-1
3.297511354E1,1.255018353E0,-9.502466768E-2,-6.924033761E-1
3.299522254E1,1.438359976E0,-2.589099295E-2,-8.730349541E-1
3.301533254E1,1.534057379E0,-9.399370849E-2,-8.858145475E-1
3.303544254E1,1.540518045E0,-2.861541212E-1,-8.051333427E-1
3.305555154E1,1.532226920E0,-3.792831302E-1,-6.896724105E-1
3.307566154E1,1.524432778E0,-3.619998395E-1,-5.656243563E-1
3.309577154E1,1.519962192E0,-2.648332715E-1,-4.557241499E-1
3.311588054E1,1.533215046E0,-1.281409562E-1,-4.255929589E-1
3.313599054E1,1.525905967E0,-4.583957791E-2,-4.618099928E-1
3.315609954E1,1.495242238E0,-1.700859889E-2,-5.105829239E-1
3.317620954E1,1.490287304E0,-9.994697571E-2,-5.027428865E-1
3.319631954E1,1.456150413E0,-1.527398825E-1,-4.611786306E-1
3.321642854E1,1.429846406E0,-1.443296373E-1,-4.250468612E-1
3.323653854E1,1.341698170E0,-1.803207248E-1,-3.825829923E-1
3.325664854E1,1.190388680E0,-1.678335220E-1,-3.717535436E-1
3.327675754E1,1.026834726E0,-8.205673099E-2,-3.778742552E-1
3.329686754E1,9.154874682E-1,3.076243214E-2,-4.302612841E-1
3.331697754E1,9.495692849E-1,1.357932389E-1,-5.310377479E-1
3.333708654E1,1.019581079E0,-6.957384199E-2,-5.975056887E-1
3.335719654E1,1.130567312E0,-1.558764279E-1,-7.019106150E-1
3.337730654E1,1.176603794E0,1.497526765E-1,-8.166761994E-1
3.339741554E1,1.267835379E0,4.339154065E-1,-8.013332486E-1
3.341752554E1,1.311786294E0,-2.940417454E-2,-7.397310138E-1
3.343763554E1,1.332865834E0,-2.168988734E-1,-6.057716012E-1
3.345774454E1,1.412189364E0,3.720808029E-2,-4.590175450E-1
3.347785454E1,1.551425219E0,1.070054397E-1,-2.889660597E-1
3.349796454E1,1.562258244E0,-2.491433322E-1,-1.940640360E-1
3.351807354E1,1.444809318E0,-2.996960282E-1,-1.303560883E-1
3.353818354E1,1.362935901E0,-1.105653718E-1,-1.761148423E-1
3.355829254E1,1.309554815E0,-5.906975642E-2,-1.848036349E-1
3.357840254E1,1.240080357E0,6.851266138E-3,-1.638536453E-1
3.359851254E1,1.127173543E0,4.480425268E-2,-1.665329933E-1
3.361862154E1,1.065772891E0,6.869135424E-3,-1.767031997E-1
3.363873492E1,1.059570909E0,-6.079288945E-2,-1.910108626E-1
3.365884492E1,1.054914117E0,-1.054978818E-1,-2.254374474E-1
3.367895392E1,1.028710842E0,-8.675250411E-2,-2.644821703E-1
3.369906392E1,9.561863542E-1,-6.486424804E-2,-2.710407376E-1
3.371917392E1,8.146128654E-1,2.296916582E-2,-2.537806034E-1
3.373928292E1,6.993005872E-1,9.528942406E-2,-2.566035688E-1
3.375939292E1,6.243382096E-1,1.048924550E-1,-2.839641869E-1
3.377950292E1,5.679879189E-1,2.053204365E-2,-3.554693758E-1
3.379961192E1,5.062118769E-1,-5.549501628E-2,-4.094106555E-1
3.381972192E1,4.684989452E-1,-5.835485179E-3,-4.276719093E-1
3.383983192E1,5.431635380E-1,-5.364710093E-2,-3.853349984E-1
3.385994092E1,7.196696401E-1,-5.788408518E-1,-2.079100907E-1
3.388005092E1,8.095332384E-1,-7.290626764E-1,9.590662271E-2
3.390015992E1,1.057941198E0,-4.448694289E-1,1.836225204E-2
3.392026992E1,1.161858559E0,1.171859726E-1,-1.382216215E-1
3.394037992E1,1.139574409E0,2.754430771E-1,-2.770452499E-1
3.396048892E1,9.963396788E-1,1.953422427E-1,-3.419791460E-1
3.398059892E1,9.771395922E-1,-2.051828057E-2,-2.871799171E-1
3.400070892E1,1.124091983E0,-2.760012262E-2,-2.565918565E-1
3.402081792E1,1.368419886E0,-2.834468149E-2,-2.912704945E-1
3.404092792E1,1.578654528E0,-9.622640908E-2,-4.290426075E-1
3.406103792E1,1.687985182E0,-1.880590171E-1,-5.960563421E-1
3.408114692E1,1.738592625E0,-3.509649932E-1,-7.339954972E-1
3.410125692E1,1.742199421E0,-4.364602864E-1,-8.443934917E-1
3.412136692E1,1.701549053E0,-3.857211471E-1,-8.736825585E-1
3.414147592E1,1.669212341E0,-2.361909151E-1,-8.522613049E-1
3.416158592E1,1.707707644E0,-1.074831188E-1,-8.549191356E-1
3.418169492E1,1.748174191E0,-3.839748725E-2,-8.746683002E-1
3.420180492E1,1.801307321E0,2.773610177E-3,-8.981485367E-1
3.422191492E1,1.885903955E0,5.861405749E-3,-9.215468764E-1
3.424202392E1,1.979042768E0,-8.792756125E-3,-9.318089485E-1
3.426213392E1,2.034202576E0,-4.421610385E-2,-9.311977029E-1
3.428224392E1,2.054549217E0,-1.139893904E-1,-9.218901396E-1
3.430235292E1,2.049830198E0,-8.102022856E-2,-8.910409212E-1
3.432246292E1,2.051420450E0,-7.083599921E-3,-8.674722314E-1
3.434257292E1,2.043963432E0,-2.886112966E-2,-8.483582139E-1
3.436268192E1,1.999246240E0,-1.386478394E-1,-8.324258327E-1
3.438279192E1,1.947907209E0,-3.111079335E-1,-8.177884817E-1
3.440290192E1,1.934995294E0,-4.071304202E-1,-7.968746424E-1
3.442301092E1,1.955628633E0,-2.689279318E-1,-7.593392134E-1
3.444312092E1,2.003240824E0,-4.904861748E-2,-6.839169860E-1
3.446322992E1,1.911617517E0,7.267519832E-2,-5.443984270E-1
3.448333992E1,1.717368126E0,2.962132394E-1,-4.015975595E-1
3.450344992E1,1.642118812E0,4.122092724E-1,-5.106371641E-1
3.452355892E1,1.570925474E0,-3.166526556E-2,-6.648401618E-1
3.454366892E1,1.396521211E0,-5.083902478E-1,-6.557138562E-1
3.456377892E1,1.175181389E0,-5.268703103E-1,-5.689688325E-1
3.458388792E1,1.018802643E0,-3.577389121E-1,-4.046542048E-1
3.460399792E1,9.640653133E-1,-2.541899681E-1,-2.603721321E-1
3.462410767E1,9.321096539E-1,-1.031082124E-1,-2.403232008E-1
3.464421767E1,9.234597683E-1,7.364474982E-2,-3.655486405E-1
3.466432767E1,8.960173130E-1,2.818935178E-2,-5.244211555E-1
3.468443667E1,8.225814700E-1,-1.480816305E-1,-6.286552548E-1
3.470454667E1,7.182340622E-1,-2.765946388E-1,-6.591436267E-1
3.472465667E1,5.967426896E-1,-3.272555768E-1,-6.257679462E-1
3.474476567E1,4.692609906E-1,-2.563626170E-1,-5.444008112E-1
3.476487567E1,4.250676632E-1,-1.205603853E-1,-3.721729815E-1
3.478498567E1,3.762878776E-1,-5.768600851E-2,-1.788136214E-1
3.480509467E1,3.484893143E-1,7.123355567E-2,-1.221331879E-1
3.482520467E1,2.741298676E-1,2.427446693E-1,-2.073361874E-1
3.484531367E1,1.993975788E-1,3.447305560E-1,-3.094725311E-1
3.486542367E1,1.419165283E-1,3.050412238E-1,-3.671068549E-1
3.488553367E1,1.161195114E-1,6.512995064E-2,-2.707011998E-1
3.490564267E1,1.138966903E-1,-9.544671327E-2,-1.203687340E-1
3.492575267E1,1.687352210E-1,-8.756467700E-2,-2.708809264E-2
3.494586267E1,2.238626778E-1,-4.305732623E-2,-1.642308198E-2
3.496597167E1,2.339901477E-1,4.430261254E-2,-4.981726035E-2
3.498608167E1,1.841796935E-1,9.534468502E-2,-8.589015156E-2
3.500619067E1,1.114615425E-1,7.197970897E-2,-1.002011821E-1
3.502630067E1,4.634930566E-2,3.407405317E-2,-8.853598684E-2
3.504641067E1,1.216616854E-2,-1.642035786E-3,-3.983890638E-2
3.506651967E1,-2.651226241E-3,-1.820385829E-2,2.106003463E-2
3.508662967E1,-1.814698428E-2,-2.421291918E-2,6.150736660E-2
3.510673967E1,-4.221124202E-2,-2.192371339E-2,7.334093004E-2
3.512684867E1,-4.980372638E-2,-4.721715581E-3,5.304842442E-2
3.514695867E1,-4.267340899E-2,3.630285151E-3,2.121989988E-2
3.516706767E1,-4.977464303E-2,6.972044706E-3,2.617643680E-3
3.518717767E1,-5.202192813E-2,6.122399122E-3,6.711417343E-3
3.520728767E1,-5.455948040E-2,1.166304806E-3,1.749493554E-2
3.522739667E1,-6.478989869E-2,-1.500624977E-2,2.905625291E-2
3.524750667E1,-6.196964532E-2,-1.949095353E-2,2.408091351E-2
3.526761667E1,-5.335178599E-2,-2.047702298E-2,1.199986599E-2
3.528772567E1,-2.969386242E-2,5.646115169E-4,-6.612168159E-3
3.530783567E1,-1.635496737E-3,1.336685009E-2,-1.588147134E-2
3.532794467E1,8.511446416E-3,2.312274650E-2,-2.527202293E-2
3.534805467E1,9.921278805E-3,3.027858958E-2,-1.871258393E-2
3.536816467E1,1.303876471E-2,2.699204162E-2,-2.137408778E-2
3.538827367E1,1.822293736E-2,4.007830471E-2,-2.601639740E-2
3.540838367E1,2.200238779E-2,3.221542016E-2,-2.818002552E-2
3.542849267E1,2.676862292E-2,3.038609587E-2,-2.569271065E-2
3.544860267E1,2.923272550E-2,3.530285880E-2,-2.244146727E-2
3.546871267E1,2.820575237E-2,4.213252291E-2,-2.483578213E-2
3.548882167E1,2.679439075E-2,4.948473722E-2,-2.820894122E-2
3.550893167E1,2.555288933E-2,4.307313263E-2,-2.916946635E-2
3.552904167E1,2.575885318E-2,4.362056404E-2,-2.870837785E-2
3.554915067E1,3.794233873E-2,4.456306994E-2,-2.738092467E-2
3.556926067E1,5.826858059E-2,3.818271682E-2,-2.833254822E-2
3.558936967E1,6.850847602E-2,3.287605569E-2,-3.269454092E-2
3.560947967E1,8.053649217E-2,2.689435333E-2,-3.622455895E-2
3.562958508E1,8.329601586E-2,1.633930206E-2,-4.306858033E-2
3.564969408E1,7.925532758E-2,1.020414103E-2,-4.194398224E-2
3.566980408E1,6.610896438E-2,7.153380197E-3,-3.208174929E-2
3.568991308E1,5.270955339E-2,5.862413906E-3,-2.374881320E-2
3.571002308E1,3.791315481E-2,1.504335925E-2,-1.665314287E-2
3.573013308E1,1.672931388E-2,2.310148999E-2,-1.006027870E-2
3.575024208E1,-1.787631307E-3,2.476050705E-2,-9.813232347E-3
3.577035208E1,-1.730182022E-2,2.133729309E-2,-5.991728511E-3
3.579046108E1,-2.938606963E-2,1.139820553E-2,3.985640360E-4
3.581057108E1,-3.714697435E-2,1.100467518E-2,8.214657195E-3
3.583068108E1,-3.719899803E-2,1.986772195E-2,8.895207196E-3
3.585079008E1,-3.090382554E-2,2.311577648E-2,3.451231401E-3
3.587090008E1,-3.161048517E-2,1.674499735E-2,5.009504035E-3
3.589100908E1,-2.538990974E-2,7.881950587E-4,-9.141843766E-4
3.591111908E1,-1.740551554E-2,3.302474739E-3,-6.680783350E-3
3.593122908E1,-1.316954754E-2,1.110891253E-2,-1.165919937E-2
3.595133808E1,-1.324152015E-2,1.274368260E-2,-1.431174763E-2
3.597144808E1,-1.218727604E-2,1.746690832E-2,-1.911938190E-2
3.599155808E1,-1.208288968E-2,1.731596701E-2,-2.491595969E-2
3.601166708E1,-7.188866846E-3,8.649895899E-3,-2.760845609E-2
3.603177708E1,-8.361688815E-3,1.180467894E-3,-2.683025971E-2
3.605188608E1,-8.639333770E-3,6.660152227E-3,-2.257511765E-2
3.607199608E1,-1.222813502E-2,1.540399715E-2,-2.040089481E-2
3.609210608E1,-1.013959292E-2,1.954623125E-2,-1.959460415E-2
3.611221508E1,-6.202086806E-3,2.034605108E-2,-2.345447615E-2
3.613232508E1,-2.854860155E-3,1.084107161E-2,-2.608231269E-2
3.615243408E1,2.987604588E-3,3.297474701E-3,-2.213486098E-2
3.617254408E1,5.482576322E-3,2.144555561E-3,-2.011544257E-2
3.619265408E1,1.032557804E-2,3.625684883E-3,-1.829441078E-2
3.621276308E1,9.981043637E-3,3.742682748E-3,-1.369115617E-2
3.623287308E1,7.930322550E-3,1.406001393E-3,-8.878480643E-3
3.625298208E1,9.741625749E-3,-3.050242085E-3,-8.819702081E-3
3.627309208E1,9.293559007E-3,-5.507238675E-3,-3.380937036E-3
3.629320208E1,5.676331930E-3,-7.098973729E-3,3.968138481E-4
3.631331108E1,2.517722547E-3,-4.235433880E-3,-4.083861131E-5
3.633342108E1,-4.914626945E-3,4.216358066E-4,-1.995630446E-4
3.635353008E1,-1.112328563E-2,-2.709986642E-3,2.026516944E-3
3.637364008E1,-1.159047429E-2,2.506200224E-3,3.021168755E-3
3.639375008E1,-1.331198402E-2,8.162610233E-3,1.226224122E-4
3.641385908E1,-9.331480600E-3,8.006318472E-3,-2.694412367E-3
3.643396908E1,-9.396351874E-3,-4.065120593E-4,-5.119715352E-3
3.645407808E1,-1.552923210E-2,1.832699403E-3,-6.109877955E-3
3.647418808E1,-2.127587050E-2,-3.514277283E-3,-4.979937337E-3
3.649429808E1,-2.230933122E-2,-6.937743630E-3,-2.877637977E-3
3.651440708E1,-2.292236686E-2,-8.596554399E-3,-1.905203681E-3
3.653451708E1,-2.221179008E-2,-1.423705555E-2,-6.132514216E-3
3.655462608E1,-2.120546252E-2,4.567775875E-3,-1.483247243E-2
3.657473608E1,-2.100667730E-2,1.780264825E-2,-1.693983190E-2
3.659484508E1,-1.490970701E-2,2.286783233E-2,-1.700272039E-2
3.661495508E1,-4.098835867E-3,1.436723024E-2,-1.247452945E-2
3.663506517E1,1.304841600E-2,1.834451593E-2,-1.132666878E-2
3.665517417E1,2.433002926E-2,2.115906216E-2,-1.292700041E-2
3.667528417E1,2.814183757E-2,2.345684171E-2,-1.328325458E-2
3.669539317E1,2.737990580E-2,2.584489807E-2,-1.070930995E-2
3.671550317E1,2.370068431E-2,2.325821854E-2,-7.689094637E-3
3.673561317E1,1.600655541E-2,8.592661470E-3,-8.172249421E-3
3.675572217E1,1.099026762E-2,2.898168750E-3,-5.071036518E-3
3.677583217E1,8.087710477E-3,4.669508431E-3,-2.580334200E-3
3.679594117E1,3.917235881E-3,1.762875821E-3,-3.280992620E-3
3.681605117E1,-1.951240934E-3,3.544747597E-3,-2.548547462E-3
3.683616117E1,-4.804638680E-3,8.131202776E-4,1.506426488E-4
3.685627017E1,-3.088511061E-3,2.792778891E-3,2.361161169E-3
3.687638017E1,1.386555843E-3,-7.631690241E-4,1.936881919E-3
3.689648917E1,2.984798746E-3,2.752877772E-4,5.398420617E-3
3.691659917E1,3.181561129E-3,1.084206393E-3,4.847736098E-3
3.693670917E1,2.517399378E-3,1.372371102E-3,2.025640802E-3
3.695681817E1,-1.200474100E-3,2.502235584E-4,3.337951377E-3
3.697692817E1,3.207524773E-3,1.863615355E-3,2.925085602E-3
3.699703717E1,-3.139161272E-4,-5.390751176E-4,-9.318371885E-4
3.701714717E1,-2.572059399E-3,-3.316029441E-3,-1.264214516E-4
3.703725717E1,-4.559209570E-3,-2.919327002E-3,2.027105540E-3
3.705736617E1,-8.057826199E-3,-5.501333158E-3,1.514865551E-3
3.707747617E1,-1.699032262E-2,-4.535802640E-3,7.237104699E-3
3.709758517E1,-2.128749713E-2,-5.450973753E-3,9.541100822E-3
3.711769517E1,-2.122099698E-2,-3.024918959E-3,1.033953484E-2
3.713780417E1,-1.814415120E-2,-6.196784787E-3,1.321987715E-2
3.715791417E1,-1.062925998E-2,-1.045185700E-2,1.185325719E-2
3.717802417E1,-6.838997826E-3,-5.267399363E-3,1.043715887E-2
3.719813317E1,-5.050138570E-3,-4.462191369E-3,7.786952890E-3
3.721824317E1,-6.921296939E-3,-9.226556867E-4,5.751384422E-3
3.723835217E1,-3.231177805E-3,-8.789489046E-3,5.199272651E-3
3.725846217E1,-8.869127487E-5,-8.482038975E-3,9.909377433E-3
3.727857217E1,3.853363451E-3,-1.108140498E-2,1.242576074E-2
3.729868117E1,9.339281358E-3,-1.239472348E-2,1.410410367E-2
3.731879117E1,6.753746886E-3,-2.058566082E-3,1.248480752E-2
3.733890017E1,5.651537329E-3,-1.471717842E-3,1.280413847E-2
3.735901017E1,4.589683376E-3,-6.916898303E-3,1.385272015E-2
3.737912017E1,5.586491432E-3,-1.751295291E-2,1.119817607E-2
3.739922917E1,6.097076461E-3,-1.716087013E-2,1.039163768E-2
3.741933917E1,6.750624161E-3,-8.948808536E-3,1.044750679E-2
3.743944817E1,7.237838581E-3,2.598334104E-4,1.112629008E-2
3.745955817E1,2.920098836E-3,2.784121782E-3,8.929143660E-3
3.747966717E1,1.480731182E-3,-2.718086820E-3,9.805096313E-3
3.749977717E1,7.739203516E-3,-1.110823080E-2,5.209241062E-3
3.751988717E1,1.277320180E-2,-7.882922888E-3,3.859982826E-5
3.753999617E1,1.415287238E-2,-4.596608225E-3,6.298211520E-4
3.756010617E1,1.337326411E-2,-9.096190333E-4,-3.641718067E-3
3.758021517E1,7.428080775E-3,-7.582422346E-3,-1.678834902E-3
3.760032517E1,1.824977575E-3,-8.667213842E-3,3.257451463E-4
3.762043517E1,-1.404869137E-3,-1.274696924E-2,9.095294517E-4
3.764054396E1,-7.663066499E-4,-1.364147104E-2,-2.384097083E-3
3.766065396E1,-5.938878749E-3,-1.038520597E-2,-6.753336173E-3
3.768076296E1,-5.502767395E-3,-1.226462610E-2,-1.070786361E-2
3.770087296E1,-7.155301981E-3,-1.397185586E-2,-1.104977634E-2
3.772098196E1,-9.040885605E-3,-1.124313287E-2,-8.965928108E-3
3.774109196E1,-4.132391419E-3,-3.681279253E-3,-8.753826842E-3
3.776120196E1,3.273902927E-3,-1.191269979E-2,-6.583122537E-3
3.778131096E1,1.149871573E-2,-2.183186449E-2,-1.129280776E-2
3.780142096E1,1.948038302E-2,-2.002966218E-2,-1.498115342E-2
3.782152996E1,1.800567470E-2,-1.509325393E-2,-2.131255157E-2
3.784163996E1,6.604941562E-3,-1.377253048E-2,-2.058119141E-2
3.786174896E1,4.009179771E-3,-1.193940267E-2,-2.435078286E-2
3.788185896E1,-1.681244757E-4,-3.772653174E-3,-1.744638570E-2
3.790196896E1,-8.282733150E-3,-2.830016427E-3,-1.368816942E-2
3.792207796E1,-9.499503300E-3,-2.607105300E-3,-8.978825994E-3
3.794218796E1,-1.830449142E-2,1.690955833E-4,-6.317757070E-3
3.796229696E1,-2.303339168E-2,1.779663144E-3,-3.810904920E-3
3.798240696E1,-2.469592541E-2,1.562435180E-3,-7.308453321E-3
3.800251696E1,-2.492220514E-2,-6.598532666E-3,-8.244364522E-3
3.802262596E1,-1.821112819E-2,-9.365046397E-3,-4.630644806E-3
3.804273596E1,-9.333545342E-3,-1.166623645E-2,-1.723614288E-3
3.806284496E1,-3.556594253E-3,-1.340360940E-2,5.646877689E-4
3.808295496E1,-6.498789415E-3,-1.507585868E-2,3.896910930E-3
3.810306396E1,-3.338468261E-3,-1.181729604E-2,3.437877167E-3
3.812317396E1,-3.533971496E-3,-1.571563631E-2,5.860478617E-3
3.814328396E1,-3.750220407E-3,-6.904832553E-3,6.756898947E-3
3.816339296E1,7.446770323E-4,-7.260762155E-3,5.750395358E-3
3.818350296E1,2.004647860E-3,-1.204512082E-2,2.280353103E-3
3.820361196E1,1.909630606E-3,-1.299372688E-2,3.310863394E-3
3.822372196E1,-5.562336883E-4,-1.870688237E-2,4.156454932E-3
3.824383096E1,4.073900054E-4,-1.864008419E-2,6.783549674E-3
3.826394096E1,3.378376714E-4,-1.183452085E-2,8.118097670E-3
3.828405096E1,4.276381806E-3,-6.115314085E-3,8.251293562E-3
3.830415996E1,4.752101377E-3,-4.430246539E-3,5.910355598E-3
3.832426996E1,3.728857846E-4,-1.008411497E-2,7.264497224E-3
3.834437896E1,1.575561706E-3,-1.183747686E-2,1.080176421E-2
3.836448896E1,-2.765750047E-3,-1.452722494E-2,1.355958171E-2
3.838459896E1,4.550795536E-3,-1.589354686E-2,1.192835812E-2
3.840470796E1,7.604382001E-3,-1.258703414E-2,8.550632745E-3
3.842481796E1,1.159990951E-2,-9.792981669E-3,6.913150195E-3
3.844492696E1,1.562464330E-2,-1.864628680E-2,3.209663555E-3
3.846503696E1,1.543678902E-2,-1.662350632E-2,2.146168146E-3
3.848514596E1,1.593441330E-2,-1.379759051E-2,2.680721460E-3
3.850525596E1,1.404952724E-2,-1.232949737E-2,1.922348281E-3
3.852536596E1,2.972577233E-3,-1.596040279E-2,4.620852880E-3
3.854547496E1,2.852130216E-3,-5.417895969E-3,2.986433450E-3
3.856558496E1,6.583132781E-3,-6.135639735E-3,4.003038164E-3
3.858569396E1,9.124940261E-3,-1.408408768E-2,2.994156675E-3
3.860580396E1,5.332482979E-3,-1.231844351E-2,-4.662177525E-5
3.862591333E1,-4.642540007E-4,-9.092448279E-3,5.719292909E-3
3.864602333E1,-7.924517849E-4,-6.795166526E-3,7.644893136E-3
3.866613333E1,9.651138680E-5,-6.303014699E-3,4.055217840E-3
3.868624233E1,5.928116152E-4,-4.451343790E-3,3.517524805E-3
3.870635233E1,1.310519991E-3,-4.293020815E-3,1.565788989E-3
3.872646133E1,2.457183553E-3,-6.727638189E-3,-2.282682108E-4
3.874657133E1,3.530133981E-3,-6.655945443E-3,2.615455072E-3
3.876668133E1,2.300181077E-4,-2.922838088E-3,5.722317845E-3
3.878679033E1,-3.667482408E-3,-1.629400067E-3,6.152703427E-3
3.880690033E1,-6.641722284E-3,5.039083771E-3,5.130201578E-3
3.882700933E1,-4.876824096E-3,9.850688279E-3,2.338257851E-3
3.884711933E1,-1.649475424E-3,6.026822608E-3,-4.395331780E-4
3.886722833E1,-5.228418391E-3,6.066589616E-3,-8.792400477E-4
3.888733833E1,-2.297539031E-3,5.996697117E-3,6.334737991E-4
3.890744833E1,-6.755950395E-3,4.760055803E-3,-2.398706740E-3
3.892755733E1,-7.376855239E-3,-5.025798455E-4,-4.838105291E-3
3.894766733E1,-9.817175567E-3,2.177941147E-3,-4.914880265E-3
3.896777633E1,-5.526875611E-3,1.244686078E-3,-8.730561472E-3
3.898788633E1,-7.899786346E-3,-2.751593478E-3,-8.383038454E-3
3.900799633E1,-6.483084988E-3,4.404428881E-3,-9.967181832E-3
3.902810533E1,-1.602175087E-2,5.925022066E-3,-9.794989601E-3
3.904821533E1,-2.497405931E-2,8.040150627E-3,-9.316838346E-3
3.906832433E1,-2.650972083E-2,1.299406867E-2,-9.859018959E-3
3.908843433E1,-2.634497732E-2,1.897703856E-2,-6.502162199E-3
3.910854333E1,-2.523024008E-2,1.082561351E-2,-4.617555998E-3
3.912865333E1,-2.177813090E-2,2.075567143E-3,-9.655744769E-3
3.914876333E1,-1.862768829E-2,1.697845291E-3,-9.804329835E-3
3.916887233E1,-1.642903313E-2,3.803263418E-3,-1.056218985E-2
3.918898233E1,-1.948170923E-2,3.736774437E-3,-7.562347222E-3
3.920909133E1,-1.715504006E-2,5.083919968E-4,1.451539458E-3
3.922920133E1,-1.079725381E-2,5.274191499E-3,3.443111782E-4
3.924931133E1,-8.913146332E-3,-9.745590389E-3,-2.530551981E-3
3.926942033E1,-1.230720431E-3,-1.480859518E-2,-3.458701540E-3
3.928953033E1,9.593277937E-4,-7.130267099E-3,-3.028715495E-3
3.930963933E1,-6.232599844E-5,-1.118930988E-3,-1.477499958E-3
3.932974933E1,-1.600567834E-3,-3.461447544E-3,-1.862859353E-3
3.934985833E1,-1.004666672E-3,-9.198721498E-3,-7.672351203E-4
3.936996833E1,-1.796193537E-4,-9.955858812E-3,-1.105456613E-3
3.939007833E1,1.069215825E-3,-7.876110263E-3,1.086594420E-4
3.941018733E1,1.495134318E-3,-2.535321284E-3,-2.828441793E-4
3.943029733E1,1.905151876E-3,-6.930431817E-3,-1.212279894E-4
3.945040633E1,6.087554619E-3,-1.272622310E-2,1.717798412E-3
3.947051633E1,4.621776752E-3,-1.540029980E-2,1.052883919E-3
3.949062633E1,8.857731707E-3,-7.545188069E-3,-2.568974160E-4
3.951073533E1,5.724443123E-3,-7.308518514E-3,-4.273207160E-4
3.953084533E1,6.032973062E-3,-4.815435037E-3,-1.168896561E-3
3.955095433E1,1.433370518E-3,-5.908941850E-3,6.489164662E-6
3.957106433E1,-3.043180564E-3,-1.318297908E-2,3.618306713E-3
3.959117333E1,-3.472770099E-3,-9.803499095E-3,5.666696001E-3
3.961128333E1,8.513440844E-5,-1.472683623E-3,4.967901390E-3
3.963139254E1,-1.989223529E-3,-5.324752070E-3,6.719348487E-3
3.965150154E1,4.277174012E-4,-6.480119191E-4,7.426893339E-3
3.967161154E1,2.071599476E-3,-3.577442840E-5,6.341198925E-3
3.969172054E1,7.457152475E-3,7.833695970E-3,8.109841496E-3
3.971183054E1,6.900372915E-3,5.555117968E-3,4.928353243E-3
3.973194054E1,8.993420750E-3,3.515284508E-3,2.417608630E-4
3.975204954E1,4.645024426E-3,3.719949396E-3,9.857537225E-4
3.977215954E1,3.749412950E-3,-1.679404639E-3,-5.573396920E-4
3.979226854E1,-3.828302026E-3,5.830954760E-4,-1.953406725E-3
3.981237854E1,-2.174362307E-4,-1.296856441E-3,-1.245272579E-3
3.983248754E1,8.685000939E-4,-5.062990356E-3,2.692648675E-3
3.985259754E1,4.314586986E-3,-3.275620751E-3,2.805604599E-3
3.987270754E1,5.706368946E-3,6.984075531E-3,1.021191827E-3
3.989281654E1,-8.687094087E-4,1.168109290E-2,-8.099976694E-4
3.991292654E1,-1.148694195E-2,8.845105767E-3,-2.916158643E-3
3.993303554E1,-1.201673690E-2,3.646661062E-3,-2.018026775E-3
3.995314554E1,-6.331434939E-3,2.551433165E-3,5.413661129E-4
3.997325554E1,-2.288231160E-3,-3.097867128E-3,-3.254646668E-3
3.999336454E1,3.809400368E-4,-4.726417363E-3,-1.581382472E-3
4.001347454E1,-1.530576032E-3,6.601762958E-3,4.698791890E-4
4.003358354E1,-6.673925091E-3,7.188326214E-3,-1.258341130E-3
4.005369354E1,-1.249492634E-2,4.062407184E-3,5.204865010E-5
4.007380254E1,-1.168671437E-2,-6.310618948E-3,1.338222064E-3
4.009391254E1,-1.003956329E-2,-6.588255055E-3,2.522624796E-3
4.011402254E1,-3.080060938E-3,-7.600889076E-3,6.529717939E-4
4.013413154E1,2.872924553E-3,-1.241987105E-3,3.090056125E-4
4.015424154E1,3.848504042E-3,-5.025594030E-3,-1.706912182E-3
4.017435054E1,1.531483256E-3,-4.184982739E-3,1.549829030E-3
4.019446054E1,4.336331622E-4,-1.277922932E-2,3.792344127E-3
4.021456954E1,-1.182416803E-3,-3.546994179E-3,4.011027981E-3
4.023467954E1,-5.346620455E-4,3.333437257E-3,4.066972993E-3
4.025478954E1,-8.447476430E-4,1.280450728E-3,3.303559031E-3
4.027489854E1,-5.345180398E-4,9.147904348E-4,9.015966207E-4
4.029500854E1,-4.743388854E-4,-1.478529535E-3,4.499819479E-4
4.031511754E1,2.487964230E-4,-5.147011019E-3,-4.989787703E-4
4.033522754E1,2.106560394E-3,-4.296410829E-3,-2.760934643E-3
4.035533754E1,4.084014799E-3,-2.409548033E-3,-2.626311965E-3
4.037544654E1,5.467160139E-3,1.295816153E-3,-6.334326230E-3
4.039555654E1,6.213168614E-3,1.987985102E-3,-2.471277490E-3
4.041566554E1,4.726692569E-3,7.403947413E-3,-2.502607647E-3
4.043577554E1,1.477081329E-3,5.613432266E-3,-4.138967954E-3
4.045588554E1,-1.317653107E-3,4.009009339E-3,-3.414227162E-3
4.047599454E1,-7.438957691E-3,4.571995698E-3,-3.697770881E-4
4.049610454E1,-1.221514214E-2,3.555580974E-3,2.589774318E-3
4.051621354E1,-1.265745051E-2,4.195949063E-3,2.306908835E-3
4.053632354E1,-1.035041828E-2,9.370881598E-4,4.642957356E-3
4.055643254E1,-4.488923587E-3,2.702001948E-3,1.822194317E-3
4.057654254E1,2.903701738E-3,-3.580805846E-3,-2.288889373E-3
4.059665254E1,7.601841353E-3,-8.446655236E-3,-6.047541276E-3
4.061676154E1,9.698226349E-4,-3.650485538E-3,-6.704905070E-3
4.063687192E1,-1.126258867E-3,3.584478050E-3,-1.013277378E-2
4.065698092E1,-7.099721115E-3,6.944792345E-3,-7.003616542E-3
4.067709092E1,-6.608720869E-3,1.713455655E-2,-5.605114624E-3
4.069719992E1,-6.122392602E-3,1.331632212E-2,-5.566212814E-3
4.071730992E1,-1.028935425E-2,-3.116156906E-3,-4.437108990E-3
4.073741992E1,-1.163709257E-2,-4.390989896E-3,-2.861392917E-3
4.075752892E1,-1.683286205E-2,-2.140738070E-4,1.134014456E-3
4.077763892E1,-1.500681974E-2,1.662100200E-3,8.533938089E-4
4.079774792E1,-1.547479443E-2,4.342558328E-3,-4.317266867E-3
4.081785792E1,-8.559940383E-3,5.233507138E-3,-2.901225816E-3
4.083796792E1,-6.013065111E-3,-2.402614802E-3,-6.299286615E-3
4.085807692E1,-2.102486789E-3,-6.533380598E-3,-2.387312241E-3
4.087818692E1,-2.164005768E-3,-5.693685263E-3,-3.531672526E-3
4.089829592E1,-4.949675058E-4,-5.110247061E-3,-1.418168424E-3
4.091840592E1,5.349640269E-4,-2.318431158E-3,-3.163414542E-3
4.093851492E1,-3.309073159E-3,-4.835235886E-4,-1.688878634E-3
4.095862492E1,-5.635366309E-3,2.051732736E-3,-3.379300935E-3
4.097873492E1,-6.778307259E-3,2.612618264E-3,-4.470740911E-3
4.099884392E1,-9.134800173E-3,-3.013205249E-3,-2.516418230E-3
4.101895392E1,-9.165190160E-3,-2.460075542E-3,-2.324994188E-3
4.103906292E1,-7.310664747E-3,-4.653879441E-3,-4.338172730E-3
4.105917292E1,-7.484202739E-3,-7.671038620E-4,-4.594273865E-3
4.107928292E1,-6.155494601E-3,8.140278514E-4,-4.678030033E-3
4.109939192E1,-5.589529406E-3,2.109001623E-3,2.986792242E-5
4.111950192E1,-2.371278591E-3,9.803767316E-4,-1.196327386E-3
4.113961092E1,-4.230072722E-3,-2.181906253E-3,-4.485445097E-3
4.115972092E1,-5.418187473E-3,8.111342322E-4,-2.750643063E-3
4.117983092E1,-5.526930559E-3,3.609032836E-3,-1.507955021E-3
4.119993992E1,-5.278651603E-3,3.172957338E-3,-2.527109114E-3
4.122004992E1,-4.069027025E-3,-4.922723398E-3,-2.325106878E-3
4.124015892E1,-2.447165083E-3,-9.542703629E-3,9.920552839E-5
4.126026892E1,1.741426531E-3,-1.743844710E-2,-2.826885786E-3
4.128037892E1,2.980536316E-3,-1.140028052E-2,-7.482471410E-3
4.130048792E1,-1.499201870E-3,-1.914840657E-3,-9.988258593E-3
4.132059792E1,-5.361274350E-3,-2.475291491E-3,-1.434602775E-2
4.134070692E1,-5.273953546E-3,-6.871381309E-3,-1.058303751E-2
4.136081692E1,-5.236258730E-3,-6.397036836E-3,-7.566418033E-3
4.138092692E1,-6.622792222E-3,-6.309639663E-3,-9.444098920E-3
4.140103592E1,-4.907235969E-3,-7.968338206E-3,-8.145180531E-3
4.142114592E1,-6.681503728E-3,-6.922396366E-3,-4.668727983E-3
4.144125492E1,-7.579552010E-3,-4.244863987E-3,-5.647230428E-3
4.146136492E1,-7.428050041E-3,-7.924031466E-3,-5.686434451E-3
4.148147392E1,-5.131362006E-3,-3.953332081E-3,-3.821537131E-3
4.150158392E1,-6.294975057E-3,-1.068828441E-2,-5.253766663E-3
4.152169392E1,-3.700513858E-3,-7.217321545E-4,-7.225628477E-3
4.154180292E1,-4.663011990E-3,9.179622866E-3,-5.595830269E-3
4.156191292E1,-1.073644124E-2,1.210568659E-2,-6.067895330E-3
4.158202192E1,-9.727546014E-3,1.315305941E-2,-5.972667597E-3
4.160213192E1,-8.221527562E-3,1.136343693E-3,-2.292445395E-3
4.162224192E1,-8.342212997E-3,-5.999208894E-3,1.544142957E-3
4.164235121E1,-7.368817925E-3,-8.163887076E-3,-4.277040716E-6
4.166246121E1,-5.426806398E-3,-4.476800561E-3,-5.190463271E-4
4.168257121E1,-4.461444914E-3,-1.225716621E-2,2.655011485E-4
4.170268021E1,-2.057575388E-3,-2.790535800E-3,-6.691728486E-4
4.172279021E1,-3.934703302E-3,-8.085868321E-3,7.914195303E-4
4.174289921E1,-7.103078067E-3,-7.835663855E-3,4.760156851E-3
4.176300921E1,-1.214214507E-2,-7.063505240E-3,3.042322351E-3
4.178311921E1,-1.375088282E-2,-1.004669350E-2,5.443143658E-3
4.180322821E1,-1.076169498E-2,-7.045031991E-3,4.440596793E-3
4.182333821E1,-1.116196811E-2,-1.017051749E-2,3.942851909E-3
4.184344721E1,-9.827535599E-3,-9.033507667E-3,3.505810397E-3
4.186355721E1,-7.364613470E-3,-1.131148916E-2,4.871305078E-3
4.188366721E1,-4.972781986E-3,-1.177347451E-2,5.269905087E-3
4.190377621E1,-3.612639150E-3,-7.746024523E-3,3.824417014E-3
4.192388621E1,3.417783300E-4,-2.597166225E-3,4.113332368E-3
4.194399621E1,-9.830000345E-4,-3.845756873E-4,3.231084440E-3
4.196410521E1,-3.038716270E-3,3.581597237E-3,9.744740673E-4
4.198421521E1,1.198590035E-4,-1.038494147E-2,3.824363463E-3
4.200432421E1,-1.375894295E-3,-2.723713871E-3,4.343505483E-3
4.202443421E1,-4.002980888E-3,6.763152312E-3,1.842172467E-3
4.204454421E1,-4.526214674E-3,5.646838341E-3,1.816854114E-3
4.206465321E1,-9.540458210E-3,5.645438097E-3,3.142382950E-3
4.208476321E1,-1.070257276E-2,5.978891160E-3,4.032334313E-3
4.210487321E1,-1.308637857E-2,2.057496458E-4,2.437159419E-3
4.212498221E1,-1.577144489E-2,4.350952804E-4,4.940455314E-3
4.214509221E1,-1.806161925E-2,-4.121004604E-3,7.080628071E-3
4.216520221E1,-1.818164997E-2,-5.997383967E-3,5.317065399E-3
4.218531121E1,-1.400177460E-2,-3.506649286E-3,7.982051000E-3
4.220542121E1,-1.650716551E-2,-6.014528219E-3,6.462720688E-3
4.222553021E1,-1.255784370E-2,-4.978594836E-3,7.434983738E-3
4.224564021E1,-1.535389572E-2,-4.643569235E-3,1.107951906E-2
4.226575021E1,-1.432221942E-2,-2.312174998E-3,1.026883349E-2
4.228585921E1,-9.488983080E-3,-1.224712934E-3,1.200719457E-2
4.230596921E1,-1.054947451E-2,-4.631156567E-3,1.263881661E-2
4.232607921E1,-1.255920716E-2,-9.505003691E-4,7.950285450E-3
4.234618821E1,-1.258000173E-2,2.257203916E-3,9.198927321E-3
4.236629821E1,-1.222224999E-2,-1.848889515E-4,1.070193760E-2
4.238640821E1,-1.505176164E-2,3.065574914E-3,6.415908691E-3
4.240651721E1,-1.305317879E-2,8.624589536E-4,6.093490403E-3
4.242662721E1,-1.450771932E-2,-5.588699132E-3,1.002536248E-2
4.244673721E1,-1.066536922E-2,2.885922091E-3,6.450966932E-3
4.246684621E1,-1.224351116E-2,5.709897727E-3,8.387345821E-3
4.248695621E1,-9.156518616E-3,1.331358217E-3,8.289817721E-3
4.250706521E1,-5.218270700E-3,-4.664765205E-3,5.670810118E-3
4.252717521E1,-2.872535726E-3,-4.441517871E-3,4.148394801E-3
4.254728521E1,-7.064450998E-3,-3.939403221E-3,4.915822297E-3
4.256739421E1,-1.133472938E-2,1.211041119E-3,2.279121894E-3
4.258750421E1,-1.854361780E-2,-5.852388218E-3,5.682489369E-3
4.260761421E1,-1.683204062E-2,-3.448103089E-3,1.017572079E-2
4.262772333E1,-1.277575735E-2,3.653503954E-4,8.145706728E-3
4.264783333E1,-5.212090444E-3,-1.440199558E-3,7.252329960E-3
4.266794333E1,-4.177617375E-3,5.169203505E-3,5.861223675E-3
4.268805233E1,-2.782290103E-3,1.394119859E-2,3.967778757E-3
4.270816233E1,-2.208542544E-3,4.943680484E-3,4.825712182E-3
4.272827233E1,-4.815411288E-3,-6.384151056E-4,2.376764314E-3
4.274838133E1,-2.742442070E-3,1.809812151E-3,2.086692257E-3
4.276849133E1,1.631623716E-3,3.941166680E-3,1.013094094E-3
4.278860133E1,3.444915172E-3,9.004358202E-3,3.245325643E-4
4.280871033E1,2.910685260E-3,1.859630225E-3,4.758000723E-4
4.282882033E1,3.155407496E-3,9.405091405E-3,-2.353655873E-3
4.284892933E1,2.653533127E-3,1.349739730E-2,-6.853353698E-4
4.286903933E1,2.927671652E-3,2.331529744E-2,1.495623030E-3
4.288914933E1,-8.872384205E-5,2.361820824E-2,9.008432971E-4
4.290925833E1,-1.690660371E-3,1.543363556E-2,-1.365201548E-3
4.292936833E1,1.344313379E-3,3.651561914E-3,-2.175014932E-3
4.294947833E1,3.064580727E-3,1.889973413E-3,-2.428164706E-3
4.296958733E1,3.420501249E-3,7.558475249E-3,-1.974418992E-3
4.298969733E1,6.464791950E-3,2.878970001E-3,-3.329148050E-3
4.300980733E1,8.375533856E-3,7.026494481E-3,-5.168842152E-3
4.302991633E1,6.004334893E-3,6.578715518E-3,-1.360240043E-3
4.305002633E1,7.073488086E-5,1.437450387E-2,-2.406577580E-3
4.307013633E1,-5.832119845E-3,1.948783919E-2,-1.913965214E-3
4.309024533E1,-4.503022879E-3,1.444706134E-2,8.276036824E-4
4.311035533E1,-2.266133903E-3,9.925436229E-3,-5.326434039E-4
4.313046533E1,-1.847870881E-4,-4.641843028E-3,1.848111860E-3
4.315057433E1,1.943868119E-3,-4.383378197E-3,2.775517292E-3
4.317068433E1,-3.994003404E-3,6.895046681E-6,-7.035249728E-4
4.319079333E1,-6.517271046E-3,4.687217996E-3,-2.997057512E-3
4.321090333E1,-7.621472701E-3,4.720230587E-3,-3.539944068E-3
4.323101333E1,-7.931498811E-3,3.373454325E-3,-4.752328678E-4
4.325112233E1,-3.294682130E-3,-1.157633960E-4,5.373607855E-4
4.327123233E1,1.877844101E-3,-1.933729276E-3,-2.774130320E-3
4.329134233E1,-1.816993579E-3,6.149965804E-3,2.534902189E-3
4.331145133E1,-5.165485200E-3,1.227747649E-2,4.804438795E-4
4.333156133E1,-2.702026395E-3,8.492076769E-3,3.203314263E-3
4.335167133E1,-3.377560759E-3,-1.142154913E-3,2.353768330E-3
4.337178033E1,-9.720493690E-4,3.804702777E-3,1.109063393E-3
4.339189033E1,1.343957381E-3,-2.835126594E-3,-3.067297803E-4
4.341200033E1,5.509631243E-3,1.831463538E-3,1.620139810E-3
4.343210933E1,3.759432584E-4,7.677439135E-4,6.570294499E-4
4.345221933E1,-2.597652841E-3,4.094858188E-3,4.781655967E-3
4.347232933E1,1.022503944E-3,-5.398779176E-4,2.466779202E-3
4.349243833E1,3.025345271E-3,2.786447061E-3,2.721700817E-3
4.351254833E1,6.701184437E-3,3.984905779E-3,1.360616181E-3
4.353265733E1,5.287068430E-3,2.028354909E-3,6.679595448E-3
4.355276733E1,3.513101954E-3,-3.147111274E-4,3.090398386E-3
4.357287733E1,5.184947513E-3,-3.399583511E-4,9.096471476E-4
4.359298633E1,1.291072695E-3,-3.827875480E-4,2.397870994E-4
4.361309633E1,5.203544628E-3,2.323855879E-3,2.923302120E-3
4.363320967E1,1.645195764E-3,1.689358614E-4,7.327565691E-4
4.365331867E1,2.973070135E-3,8.864229545E-3,2.200005576E-3
4.367342867E1,8.208145737E-4,7.089331280E-3,2.848255914E-3
4.369353867E1,-3.381497809E-4,-3.801845014E-5,9.331036126E-4
4.371364767E1,-3.611795139E-3,-2.832687926E-3,1.952673309E-3
4.373375767E1,-8.973348304E-4,-4.948991816E-3,3.410658799E-3
4.375386767E1,5.002054852E-3,-5.011988338E-3,5.761735607E-3
4.377397667E1,4.009502009E-3,1.567238942E-4,3.359970637E-3
4.379408667E1,2.410055604E-3,-4.312364850E-3,6.421002094E-3
4.381419667E1,3.469316754E-3,-1.041157357E-2,1.472259522E-3
4.383430567E1,7.430857979E-3,-4.757923540E-3,-1.478067716E-3
4.385441567E1,2.271394012E-3,-5.699847359E-3,-3.974724561E-3
4.387452467E1,-1.989297569E-3,-4.212047439E-3,-4.592748359E-3
4.389463467E1,-7.048937492E-3,-1.448063180E-3,-2.476238878E-3
4.391474467E1,-1.160963532E-2,2.965311753E-3,3.916647984E-4
4.393485367E1,-6.556640845E-3,6.261292845E-3,5.608869833E-4
4.395496367E1,-7.324320730E-3,-8.914056234E-4,2.076760400E-3
4.397507367E1,-6.531607360E-3,-4.045995884E-4,1.858911477E-3
4.399518267E1,-1.270512491E-2,4.373231437E-3,-3.197815968E-4
4.401529267E1,-9.689539671E-3,-1.587696373E-3,-2.041326370E-3
4.403540267E1,-7.960071787E-3,-2.661049366E-4,-4.421220627E-3
4.405551167E1,-6.639032625E-3,1.807265216E-3,-5.991916172E-3
4.407562167E1,-5.655272864E-3,4.725081846E-3,-2.920167055E-3
4.409573167E1,-2.873235382E-3,1.129438402E-3,-9.900789009E-4
4.411584067E1,4.045268986E-3,-3.428525757E-3,-4.181554075E-3
4.413595067E1,4.060463980E-4,-1.329366118E-3,7.237284444E-5
4.415606067E1,1.769151422E-4,-1.144166104E-3,3.561700578E-4
4.417616967E1,-4.113347270E-3,3.858342301E-3,-1.380555099E-3
4.419627967E1,-4.258832894E-3,5.617010873E-3,-5.323201185E-4
4.421638967E1,-7.602155674E-3,3.195527941E-3,-4.437406082E-3
4.423649867E1,-7.310729008E-3,5.273409188E-3,8.753158618E-4
4.425660867E1,-9.127493016E-3,7.522329688E-3,2.178361639E-3
4.427671867E1,-9.572060779E-3,3.482633736E-3,-5.470061442E-4
4.429682767E1,-1.165890321E-2,8.732653223E-3,-1.499445876E-3
4.431693767E1,-1.054605655E-2,4.196277354E-3,8.325293311E-4
4.433704767E1,-7.422103547E-3,4.877920263E-3,-1.745635644E-3
4.435715667E1,-1.406189636E-3,6.082891021E-3,-1.308248844E-3
4.437726667E1,-3.648086567E-5,6.686775945E-3,1.054202439E-3
4.439737667E1,-9.355773800E-4,-5.063666031E-4,2.846412826E-6
4.441748567E1,6.314717466E-4,7.097795606E-4,-9.929484222E-4
4.443759567E1,1.561135985E-3,2.591156168E-3,-1.610230189E-3
4.445770567E1,3.440741217E-3,-2.993235365E-3,5.164355389E-4
4.447781467E1,6.535356864E-3,-9.266505018E-3,1.727222232E-3
4.449792467E1,7.543972693E-3,-9.076804854E-3,3.221204970E-4
4.451803367E1,7.582146209E-3,-9.426183999E-3,1.042693970E-3
4.453814367E1,6.485230289E-3,-8.839691989E-3,3.951326944E-3
4.455825367E1,7.156568114E-3,-1.074826159E-2,5.858988501E-3
4.457836267E1,1.180305798E-2,-1.366172172E-2,8.982451633E-3
4.459847267E1,2.057429962E-2,-1.734224707E-2,1.318672579E-2
4.461858267E1,3.745893389E-2,-3.290126845E-2,1.978380233E-2
4.463868967E1,4.565944523E-2,-3.884680569E-2,2.264389768E-2
4.465879867E1,5.642991140E-2,-3.813651949E-2,2.554994449E-2
4.467890867E1,6.387984008E-2,-4.741497338E-2,3.148932382E-2
4.469901867E1,7.403442264E-2,-5.862569809E-2,4.026048258E-2
4.471912767E1,8.366251737E-2,-4.509490728E-2,5.359863862E-2
4.473923767E1,9.630931169E-2,-5.108709633E-2,6.272144616E-2
4.475934767E1,1.090703160E-1,-6.468222290E-2,7.618605345E-2
4.477945667E1,1.147275791E-1,-7.628244162E-2,9.779821336E-2
4.479956667E1,1.171456575E-1,-8.558708429E-2,1.141958460E-1
4.481967667E1,1.164280474E-1,-1.001060009E-1,1.269750744E-1
4.483978567E1,1.204706281E-1,-1.155113503E-1,1.331408918E-1
4.485989567E1,1.318468750E-1,-1.331115663E-1,1.443342716E-1
4.488000567E1,1.467040330E-1,-1.616941690E-1,1.722291261E-1
4.490011467E1,1.546998471E-1,-1.652130932E-1,1.972855031E-1
4.492022467E1,1.628737897E-1,-1.838950515E-1,2.172128558E-1
4.494033467E1,1.615671664E-1,-1.861172765E-1,2.500504255E-1
4.496044367E1,1.568972319E-1,-1.815353930E-1,2.756985724E-1
4.498055367E1,1.657381356E-1,-2.317933142E-1,2.892580330E-1
4.500066367E1,1.843333244E-1,-2.878299356E-1,2.974771261E-1
4.502077267E1,1.878189147E-1,-3.310971260E-1,3.039968610E-1
4.504088267E1,1.764167547E-1,-3.739725947E-1,3.270247579E-1
4.506099267E1,1.662046313E-1,-4.015186429E-1,3.528115153E-1
4.508110167E1,1.710237265E-1,-4.795464575E-1,3.800584376E-1
4.510121167E1,1.729835421E-1,-5.733752251E-1,4.111580253E-1
4.512132167E1,1.703257561E-1,-5.868750215E-1,4.425310194E-1
4.514143067E1,1.726824194E-1,-5.920597911E-1,4.637786448E-1
4.516154067E1,1.533959061E-1,-6.166545749E-1,4.775626361E-1
4.518165067E1,1.377184838E-1,-6.449496150E-1,4.811598361E-1
4.520175967E1,1.218203083E-1,-7.259770632E-1,4.863566756E-1
4.522186967E1,9.094487876E-2,-7.860563993E-1,4.948624671E-1
4.524197967E1,8.295655251E-2,-7.659127116E-1,5.091570020E-1
4.526208867E1,1.085687429E-1,-6.928030252E-1,5.292930007E-1
4.528219867E1,1.291741431E-1,-6.835948825E-1,5.570961237E-1
4.530230867E1,1.243655160E-1,-6.985836625E-1,5.839442015E-1
4.532241767E1,1.325803250E-1,-7.050178647E-1,5.807961226E-1
4.534252767E1,1.430807263E-1,-6.764987707E-1,5.684150457E-1
4.536263767E1,1.398569196E-1,-6.652348638E-1,5.170634985E-1
4.538274667E1,1.140475869E-1,-6.448193192E-1,4.794713855E-1
4.540285667E1,1.051409692E-1,-5.971775651E-1,4.301710725E-1
4.542296667E1,8.960001171E-2,-4.856553376E-1,3.810269833E-1
4.544307567E1,1.020145491E-1,-4.016869068E-1,3.142597973E-1
4.546318567E1,1.022548452E-1,-5.227088332E-1,2.580657601E-1
4.548329567E1,4.681054130E-2,-6.870564222E-1,2.796415687E-1
4.550340567E1,4.256864544E-3,-7.032141089E-1,2.684654295E-1
4.552351467E1,7.764414418E-3,-6.454761028E-1,1.790025830E-1
4.554362467E1,2.237588540E-2,-5.571826696E-1,4.620371014E-2
4.556373467E1,2.343794703E-2,-4.422335923E-1,-1.266529262E-1
4.558384367E1,-1.444910280E-2,-3.906814158E-1,-2.978051603E-1
4.560395367E1,-1.295676827E-1,-4.003933370E-1,-4.210175574E-1
4.562406367E1,-2.713906169E-1,-3.829176724E-1,-5.824933648E-1
4.564417217E1,-3.775487840E-1,-4.083114564E-1,-6.584417224E-1
4.566428217E1,-4.371091127E-1,-5.548992157E-1,-6.669207811E-1
4.568439217E1,-4.481975436E-1,-5.923082829E-1,-6.802350283E-1
4.570450117E1,-4.822625220E-1,-6.354190111E-1,-8.196569681E-1
4.572461117E1,-6.116230488E-1,-6.305375695E-1,-1.005296469E0
4.574472117E1,-7.216663957E-1,-4.067656398E-1,-9.869402051E-1
4.576483017E1,-7.104844451E-1,6.647653133E-2,-1.023502946E0
4.578494017E1,-6.240525842E-1,5.518940687E-1,-9.907923341E-1
4.580505017E1,-5.239949226E-1,1.013457179E0,-7.617372274E-1
4.582515917E1,-3.944218755E-1,1.477874398E0,-5.819589496E-1
4.584526917E1,-2.945207953E-1,1.514445901E0,-5.069187284E-1
4.586537917E1,-2.233564407E-1,1.405804992E0,-4.551119208E-1
4.588548817E1,-1.530307829E-1,1.480474114E0,-4.189124703E-1
4.590559817E1,-1.341761798E-1,1.772338748E0,-4.285293519E-1
4.592570817E1,-1.867411137E-1,1.925339580E0,-4.960125685E-1
4.594581717E1,-2.424800098E-1,1.860782504E0,-5.476999879E-1
4.596592717E1,-2.639114559E-1,1.671247959E0,-5.691449642E-1
4.598603717E1,-2.435158342E-1,1.479711771E0,-5.578380823E-1
4.600614617E1,-1.987074763E-1,1.371734381E0,-5.693652630E-1
4.602625617E1,-1.831645370E-1,1.310026050E0,-5.764126182E-1
4.604636617E1,-2.028976381E-1,1.217570305E0,-5.739752650E-1
4.606647517E1,-2.099899501E-1,1.132447839E0,-5.235781074E-1
4.608658517E1,-1.921664178E-1,1.077185869E0,-4.726844430E-1
4.610669517E1,-1.872690171E-1,1.067929387E0,-4.097383022E-1
4.612680417E1,-2.164368033E-1,1.094482064E0,-3.805491328E-1
4.614691417E1,-2.471732199E-1,1.112048149E0,-3.690213561E-1
4.616702417E1,-3.222266734E-1,1.030045271E0,-3.708956540E-1
4.618713317E1,-4.115630090E-1,7.965896130E-1,-3.611375391E-1
4.620724317E1,-3.661299348E-1,5.693517327E-1,-2.803948522E-1
4.622735317E1,-1.746280491E-1,4.920902550E-1,-1.428279430E-1
4.624746217E1,-3.407251462E-2,5.897701383E-1,-7.784083951E-3
4.626757217E1,7.008821703E-3,6.243392825E-1,7.127384841E-2
4.628768217E1,2.177004516E-2,4.462289512E-1,1.097657904E-1
4.630779117E1,6.947829574E-2,1.393243521E-1,1.313021779E-1
4.632790117E1,1.091051698E-1,-6.971512735E-2,1.133438796E-1
4.634801117E1,8.853473514E-2,-1.532740444E-1,6.706595421E-2
4.636812017E1,1.598739438E-2,-1.460973322E-1,6.521576550E-3
4.638823017E1,-5.965025350E-2,-1.222492978E-1,-8.460040390E-2
4.640833917E1,-1.292299479E-1,-7.267937064E-2,-1.607414335E-1
4.642844917E1,-1.780039519E-1,-2.305561211E-3,-2.100890875E-1
4.644855917E1,-1.992279142E-1,5.292437598E-2,-2.161710858E-1
4.646866817E1,-1.693764180E-1,8.310381323E-2,-1.674435437E-1
4.648877817E1,-1.106228530E-1,8.554591238E-2,-1.030281261E-1
4.650888817E1,-4.271755368E-2,7.277613133E-2,-5.760699883E-2
4.652899717E1,5.155662540E-3,6.032032520E-2,-4.563025013E-2
4.654910717E1,2.599880286E-2,3.241303191E-2,-4.880625755E-2
4.656921717E1,3.426400200E-2,-1.187924948E-2,-5.542849377E-2
4.658932617E1,4.242863506E-2,-4.126984254E-2,-6.142955273E-2
4.660943617E1,4.522138834E-2,-2.266462147E-2,-6.923856586E-2
4.662954617E1,4.369085655E-2,3.214835003E-2,-9.343412519E-2
4.664965942E1,3.239601478E-2,9.382519871E-2,-1.157818064E-1
4.666976942E1,2.607929707E-2,1.247945875E-1,-1.214673370E-1
4.668987942E1,2.537682280E-2,1.294021457E-1,-1.096105725E-1
4.670998842E1,2.476457320E-2,1.210859492E-1,-8.206641674E-2
4.673009842E1,2.681628056E-2,1.091516539E-1,-5.079807341E-2
4.675020842E1,3.207008913E-2,1.004997566E-1,-2.096932009E-2
4.677031742E1,2.656412497E-2,8.852534741E-2,-1.698476728E-3
4.679042742E1,1.042959746E-2,8.115511388E-2,1.358298678E-2
4.681053742E1,-5.143015645E-3,9.875579923E-2,2.130486071E-2
4.683064642E1,-1.479306631E-2,1.220782176E-1,1.815178990E-2
4.685075642E1,-2.071146667E-2,1.448723972E-1,5.202267319E-3
4.687086642E1,-2.632516623E-2,1.511773616E-1,-3.578022122E-3
4.689097542E1,-3.125340864E-2,1.502376497E-1,-1.112359855E-2
4.691108542E1,-3.099044785E-2,1.244153902E-1,-1.686821342E-4
4.693119542E1,-2.145404555E-2,1.130478606E-1,2.711757086E-3
4.695130442E1,-1.216494106E-2,1.276869774E-1,9.410140105E-3
4.697141442E1,-1.875014789E-2,1.422040164E-1,1.603005081E-2
4.699152442E1,-2.346457541E-2,1.386354864E-1,1.548960060E-2
4.701163342E1,-3.120347857E-2,1.173458397E-1,1.377254725E-2
4.703174342E1,-2.773572132E-2,8.683853596E-2,6.531546824E-3
4.705185342E1,-2.188429981E-2,6.982351840E-2,4.337918945E-3
4.707196242E1,-1.651590131E-2,6.904987246E-2,8.938264102E-3
4.709207242E1,-1.221476402E-2,7.165826857E-2,9.416950867E-3
4.711218242E1,-1.357625518E-2,7.328182459E-2,1.050031092E-2
4.713229142E1,-7.844395004E-3,6.810557097E-2,1.111093070E-2
4.715240142E1,-1.398755237E-3,6.359298527E-2,8.325356990E-3
4.717251142E1,-4.595855426E-4,4.567731544E-2,2.125009662E-3
4.719262042E1,4.683601670E-3,2.713854983E-2,2.401367528E-3
4.721273042E1,6.224370562E-3,1.728787273E-2,3.228929592E-3
4.723284042E1,6.808240432E-3,4.998424090E-3,1.006382285E-3
4.725294942E1,7.540048100E-3,5.696278065E-3,-1.191136311E-3
4.727305942E1,6.308084819E-3,6.672274321E-3,-4.895388614E-3
4.729316942E1,5.431828089E-3,2.575718332E-3,-1.234955806E-2
4.731327842E1,5.062926561E-3,-2.065913752E-3,-1.094274595E-2
4.733338842E1,2.269066405E-3,-9.818468243E-6,-1.202074997E-2
4.735349842E1,3.407162614E-3,8.323218208E-4,-9.986386634E-3
4.737360842E1,-5.617291899E-4,5.163675640E-3,-1.242762432E-2
4.739371742E1,1.502973959E-3,3.305173712E-3,-1.063554361E-2
4.741382742E1,-2.339564729E-3,-2.694751602E-3,-1.080423966E-2
4.743393742E1,-2.144888043E-3,-1.128953509E-2,-1.186669525E-2
4.745404642E1,-2.991682151E-3,-1.106610335E-2,-1.270554867E-2
4.747415642E1,-3.865159815E-3,-7.624173071E-3,-1.119853556E-2
4.749426642E1,-3.041033167E-3,-5.268114619E-4,-6.243668031E-3
4.751437542E1,-4.587896168E-3,7.377028465E-3,-2.767540282E-3
4.753448542E1,-1.844741171E-3,3.029307351E-3,-3.169048810E-3
4.755459542E1,1.314034220E-3,2.361653140E-3,-2.387410961E-3
4.757470542E1,2.793480642E-3,-7.559022866E-3,1.454243436E-3
4.759481442E1,4.979258403E-3,-5.657563452E-3,1.287473016E-3
4.761492442E1,3.320178017E-3,5.996119697E-3,-1.333270222E-3
4.763502996E1,-3.729210584E-5,1.496557239E-2,2.654700074E-3
4.765513896E1,-2.943751635E-3,1.332596876E-2,5.763176363E-3
4.767524896E1,-4.555664025E-3,3.860450350E-3,6.769947242E-3
4.769535896E1,-4.950032569E-3,-1.569321379E-3,3.038818948E-3
4.771546796E1,-3.454348072E-3,-1.213940047E-2,3.268519184E-3
4.773557796E1,1.529787784E-3,-2.171379700E-2,4.194256384E-3
4.775568796E1,4.619244952E-3,-2.498929948E-2,5.596427713E-3
4.777579796E1,4.739962053E-3,-2.906918526E-2,8.795666508E-3
4.779590696E1,3.698902437E-3,-3.129338846E-2,1.162179001E-2
4.781601696E1,3.342061769E-3,-3.918159753E-2,1.160299499E-2
4.783612696E1,4.251310602E-3,-4.645374045E-2,1.772023551E-2
4.785623696E1,6.055799779E-3,-5.142368749E-2,1.148490328E-2
4.787634596E1,7.965056226E-3,-5.385057256E-2,1.569316350E-2
4.789645596E1,6.698854733E-3,-5.715496466E-2,1.017905958E-2
4.791656596E1,6.945081986E-3,-5.664560944E-2,1.216760743E-2
4.793667496E1,8.146966808E-3,-5.350387841E-2,9.146784432E-3
4.795678496E1,6.109313574E-3,-4.275824875E-2,5.776480306E-3
4.797689496E1,2.370287664E-3,-4.717003554E-2,8.521652780E-4
4.799700496E1,7.661167067E-3,-3.835131600E-2,5.654960987E-4
4.801711396E1,5.721227732E-3,-3.313128650E-2,-2.686410211E-3
4.803722396E1,3.178655636E-3,-3.821846098E-2,1.804874511E-3
4.805733396E1,-4.271849990E-3,-4.013875127E-2,2.171631670E-3
4.807744396E1,-3.451937810E-3,-3.739763796E-2,5.153323524E-3
4.809755296E1,3.075940767E-4,-3.327613696E-2,7.299961522E-3
4.811766296E1,-2.026133938E-3,-2.741744556E-2,8.064022288E-3
4.813777296E1,1.448949450E-3,-2.477114461E-2,1.169738919E-2
4.815788196E1,-1.826824853E-3,-2.885261551E-2,1.482206583E-2
4.817799196E1,6.726211868E-3,-2.992753685E-2,1.692651957E-2
4.819810196E1,1.024649385E-2,-3.173731267E-2,1.362343412E-2
4.821821196E1,7.659991272E-3,-2.980042621E-2,9.763399139E-3
4.823832096E1,6.025314797E-3,-3.418578207E-2,8.370010182E-3
4.825843096E1,2.475060057E-3,-3.200906143E-2,7.881230675E-3
4.827854096E1,4.463445395E-3,-1.432224922E-2,4.993637558E-3
4.829865096E1,-2.638776321E-3,3.632111475E-4,5.393636879E-3
4.831875996E1,-3.851649351E-3,5.561742932E-3,4.889960401E-3
4.833886996E1,-2.121556085E-3,1.429057447E-3,3.585019149E-3
4.835897996E1,2.721443307E-3,-7.574794348E-3,1.077785273E-4
4.837908996E1,1.827535569E-3,-1.624354161E-2,2.284529619E-4
4.839919896E1,2.556356136E-3,-2.862262540E-2,4.763838951E-4
4.841930896E1,5.339307711E-3,-2.696268260E-2,4.367657937E-3
4.843941896E1,4.790690262E-3,-2.217710391E-2,4.447642714E-3
4.845952896E1,8.641193621E-3,-2.218934335E-2,6.748620421E-3
4.847963796E1,6.740083918E-3,-2.523071319E-2,1.045674924E-2
4.849974796E1,6.251347251E-3,-3.058168478E-2,9.563831612E-3
4.851985796E1,8.936538361E-3,-2.501335926E-2,5.651930347E-3
4.853996796E1,5.757614970E-3,-2.476085722E-2,4.269403871E-3
4.856007696E1,4.862190690E-3,-2.370034717E-2,7.037686184E-3
4.858018696E1,7.447633892E-3,-1.985645667E-2,9.293077514E-3
4.860029696E1,8.953621611E-3,-1.702864096E-2,9.694659151E-3
4.862040696E1,1.457149722E-2,-1.199830044E-2,1.133020967E-2
4.864051633E1,1.420044340E-2,-1.560722850E-2,1.125379372E-2
4.866062633E1,1.824738272E-2,-1.488657668E-2,1.044525765E-2
4.868073633E1,1.334755402E-2,-1.526478305E-2,8.970608935E-3
4.870084633E1,8.693437092E-3,-2.037824504E-2,6.670283619E-3
4.872095633E1,8.117089048E-3,-2.460923791E-2,4.535178654E-3
4.874106533E1,7.531608921E-3,-2.109024674E-2,6.423860788E-3
4.876117533E1,1.021062210E-2,-1.123050693E-2,7.099648938E-3
4.878128533E1,7.002601866E-3,-7.644219790E-3,8.941604756E-3
4.880139533E1,7.581797428E-3,-1.189652085E-2,6.880535744E-3
4.882150433E1,8.336794563E-3,-1.695889421E-2,9.778232314E-3
4.884161433E1,1.114859246E-2,-2.248650417E-2,8.471887559E-3
4.886172433E1,1.576268859E-2,-2.798582055E-2,1.343059633E-2
4.888183433E1,1.919152401E-2,-2.409418672E-2,1.652485877E-2
4.890194333E1,2.457156777E-2,-1.394043118E-2,1.536267065E-2
4.892205333E1,2.533224598E-2,-1.579539105E-2,1.118965913E-2
4.894216333E1,1.425700635E-2,-2.092741802E-2,8.663077839E-3
4.896227333E1,9.914137423E-3,-2.894486673E-2,6.724426057E-3
4.898238233E1,6.635276601E-3,-2.919645980E-2,2.264543436E-3
4.900249233E1,7.260540966E-3,-2.899873815E-2,-2.193015534E-3
4.902260233E1,1.095314603E-2,-3.079258278E-2,-2.806904959E-3
4.904271233E1,1.312566735E-2,-2.809071541E-2,4.165241495E-3
4.906282133E1,1.782547310E-2,-2.044816315E-2,7.810696959E-3
4.908293133E1,1.914319955E-2,-2.026212588E-2,1.449558698E-2
4.910304133E1,1.307020336E-2,-2.121998742E-2,1.492646895E-2
4.912315133E1,5.538106430E-3,-2.398438379E-2,1.331706438E-2
4.914326033E1,-5.905333674E-4,-2.001437917E-2,1.039043628E-2
4.916337033E1,-3.391392995E-3,-1.242127642E-2,4.386316054E-3
4.918348033E1,-2.808338962E-3,-5.573840812E-3,6.047603674E-3
4.920359033E1,2.749206033E-6,7.356829010E-4,6.113859825E-3
4.922370033E1,1.438010833E-3,3.295828123E-3,2.158340998E-3
4.924380933E1,-8.694076678E-4,4.259239417E-3,-1.870539039E-3
4.926391933E1,-3.309630556E-4,5.887878593E-3,-1.255574520E-3
4.928402933E1,6.753699388E-3,5.415395834E-3,-9.396008682E-5
4.930413933E1,4.327433184E-3,-2.681493759E-3,2.544844756E-3
4.932424833E1,2.163787838E-3,-9.509873576E-3,8.199961740E-4
4.934435833E1,4.456306808E-3,-5.904792342E-3,-1.575776841E-4
4.936446833E1,1.641350565E-3,-1.388219651E-3,2.109482884E-3
4.938457833E1,-1.716582454E-3,5.302857142E-3,7.080871146E-4
4.940468733E1,-2.819564252E-4,5.978809670E-3,2.830425510E-3
4.942479733E1,2.527669072E-3,-1.226609107E-3,3.347255057E-3
4.944490733E1,1.909931307E-4,-5.540886428E-3,-1.694043633E-3
4.946501733E1,-1.461306820E-3,-5.411800928E-3,-1.352610649E-3
4.948512733E1,-1.276703086E-3,-2.305871807E-3,-3.281045938E-3
4.950523633E1,-6.816033856E-4,8.706986904E-3,-3.770300420E-3
4.952534633E1,-3.140899935E-5,1.454288326E-2,-2.039746614E-3
4.954545633E1,-1.540229889E-3,1.701171324E-2,-3.051359672E-3
4.956556633E1,-5.164694041E-3,8.745415136E-3,-4.269925412E-3
4.958567633E1,-6.409670692E-3,4.280626774E-3,-4.784043413E-3
4.960578533E1,-6.089731120E-3,6.039947271E-3,-7.094949950E-3
4.962589533E1,-5.308242980E-3,1.164148375E-2,-7.518894039E-3
4.964600829E1,-2.496066503E-3,1.676118374E-2,-3.381616436E-3
4.966611829E1,-1.490667346E-3,1.400439814E-2,2.435006900E-5
4.968622729E1,-2.636555349E-3,6.169871893E-3,5.907345098E-3
4.970633729E1,-2.689911984E-3,-2.158402000E-3,8.450478315E-3
4.972644729E1,-6.224898156E-3,-3.175160382E-3,2.274792874E-3
4.974655729E1,-7.647868246E-3,1.223814208E-3,1.594841713E-3
4.976666729E1,-7.187529467E-3,7.201582659E-3,1.767646754E-4
4.978677629E1,-2.767386846E-3,1.084722113E-2,-7.708698395E-4
4.980688629E1,1.007142477E-3,1.109440159E-2,3.638421767E-4
4.982699629E1,1.284158323E-3,7.074778900E-3,-1.651413040E-3
4.984710629E1,9.699955699E-4,1.288465224E-2,-3.200835316E-3
4.986721629E1,3.221230581E-4,1.224130951E-2,-4.267713055E-3
4.988732529E1,-3.924265620E-4,1.362874079E-2,-4.014559090E-3
4.990743529E1,-9.846861940E-4,1.248883270E-2,-3.189485986E-3
4.992754529E1,-1.613478875E-3,7.671745028E-3,-3.531368449E-3
4.994765529E1,-2.071483759E-3,6.785059813E-3,-3.412258811E-3
4.996776529E1,-2.378921723E-3,6.924728397E-3,9.364780271E-4
4.998787429E1,-4.035579972E-3,1.150460541E-2,-1.213041716E-3
5.000798429E1,-5.140478257E-3,1.191941090E-2,-2.105241641E-3
5.002809429E1,-7.085799007E-5,1.051398553E-2,-1.863933285E-3
5.004820429E1,-4.991095047E-3,3.648203332E-3,-1.610625419E-3
5.006831429E1,-3.543741303E-3,-3.702463116E-3,-2.314217389E-3
5.008842329E1,1.568456646E-4,-1.335104462E-3,-2.883211244E-3
5.010853329E1,2.572717145E-3,5.250741728E-3,-5.461121444E-3
5.012864329E1,3.565286752E-4,1.516599581E-2,-3.664901480E-3
5.014875329E1,-2.592675854E-3,2.092698216E-2,-7.018010947E-4
5.016886329E1,-6.133567542E-3,1.896358654E-2,-2.248339821E-3
5.018897229E1,-1.040290855E-2,1.233052649E-2,-4.389547743E-3
5.020908229E1,-1.272791810E-2,5.475322716E-3,-5.961949471E-3
5.022919229E1,-9.967744350E-3,4.010393284E-3,-6.839475594E-3
5.024930229E1,-8.456525393E-3,9.280978702E-3,-2.860037843E-3
5.026941229E1,-5.832846276E-3,1.829113811E-2,1.527362270E-3
5.028952129E1,-4.294506740E-3,1.547579654E-2,4.321116023E-3
5.030963129E1,1.038172515E-3,9.368214756E-3,7.149806246E-3
5.032974129E1,-6.959760212E-4,3.322042525E-3,9.639073163E-3
5.034985129E1,-3.698686603E-3,5.780254025E-3,1.166939037E-3
5.036996129E1,-2.366860397E-3,2.892358461E-3,-2.167803003E-3
5.039007029E1,1.317181508E-3,8.316344582E-3,-1.088953461E-3
5.041018029E1,4.421756603E-5,6.066962145E-3,-5.853233743E-4
5.043029029E1,-8.975538658E-4,7.374650799E-3,7.945618127E-4
5.045040029E1,1.071664970E-3,6.859518588E-3,-1.069219783E-3
5.047051029E1,6.307165022E-4,8.116493002E-3,-9.623557562E-4
5.049061929E1,5.365349352E-4,4.944173619E-3,-3.104964271E-4
5.051072929E1,-1.929646591E-3,2.996565774E-3,-6.407155888E-5
5.053083929E1,-3.896829439E-3,-1.469250768E-3,-9.033160750E-4
5.055094929E1,-2.642116509E-3,-5.719503388E-3,1.793232048E-3
5.057105929E1,-3.754464909E-3,-6.332716905E-3,8.760924684E-4
5.059116929E1,-4.141153302E-3,-2.371153329E-3,-7.687609759E-4
5.061127829E1,-4.281022586E-3,3.795551835E-3,-3.421323607E-3
5.063138829E1,-1.697274041E-3,6.188669242E-3,-6.174371578E-3
5.065149817E1,-5.437582731E-3,7.051798049E-3,-5.461698398E-3
5.067160817E1,3.318017814E-3,4.449814092E-3,-1.248030341E-3
5.069171817E1,2.491641790E-3,5.513248034E-4,-2.535753883E-3
5.071182717E1,3.246061970E-3,-6.738923956E-3,-1.446041977E-3
5.073193717E1,2.330356510E-4,-9.968196973E-3,-2.791219624E-3
5.075204717E1,-4.263599985E-4,-4.669912159E-4,-4.516234621E-3
5.077215717E1,-1.116293599E-3,1.057413407E-2,-7.465682924E-3
5.079226717E1,-6.927745882E-3,2.103465050E-2,-8.181975223E-3
5.081237717E1,-9.577440098E-3,2.134357393E-2,-9.401551448E-3
5.083248617E1,-7.919891737E-3,2.031894401E-2,-8.092522621E-3
5.085259617E1,-9.093857370E-3,1.060076058E-2,-1.098822150E-2
5.087270617E1,-5.865814164E-3,1.757921185E-3,-8.731430396E-3
5.089281617E1,-4.340461455E-3,-9.834896773E-4,-4.814827815E-3
5.091292617E1,-3.165199887E-3,7.500877138E-3,-2.228621859E-3
5.093303617E1,-1.478838618E-3,1.321777143E-2,1.588445157E-3
5.095314517E1,-4.218625370E-3,1.033444144E-2,5.422317889E-3
5.097325517E1,-2.397703007E-3,8.198970929E-3,4.629256204E-3
5.099336517E1,-3.985867370E-3,4.733970389E-3,2.124609426E-3
5.101347517E1,-3.789903829E-3,9.445590898E-3,-3.915873240E-4
5.103358517E1,-3.588716034E-3,7.519179024E-3,8.071293705E-4
5.105369517E1,-3.761262633E-6,4.263272043E-3,1.508858404E-3
5.107380517E1,1.974358223E-3,5.115831736E-3,2.109233756E-3
5.109391417E1,-5.250870599E-4,9.232958779E-3,2.999934950E-4
5.111402417E1,-3.987319069E-4,8.572988212E-3,1.808085595E-3
5.113413417E1,4.188366584E-4,4.137524869E-3,1.755425939E-3
5.115424417E1,7.989192964E-4,3.144693561E-3,2.785677323E-3
5.117435417E1,-2.803443000E-3,5.092306994E-3,3.084399272E-3
5.119446417E1,-4.578199238E-3,7.565665524E-3,1.473690732E-3
5.121457317E1,-4.888167605E-3,7.598233409E-3,1.735058846E-3
5.123468317E1,-2.462536795E-3,6.405213848E-3,2.253422048E-3
5.125479317E1,-3.133748658E-3,7.209712639E-3,1.114206156E-3
5.127490317E1,4.121787497E-4,3.889584448E-3,-1.024381607E-3
5.129501317E1,3.079042537E-3,9.315056726E-3,-2.565049101E-3
5.131512317E1,1.899214461E-3,7.236839272E-3,-3.005210019E-4
5.133523317E1,1.539399265E-3,2.435189206E-3,4.540240043E-4
5.135534317E1,-8.970296476E-4,2.998863813E-3,1.739580184E-4
5.137545217E1,4.165747669E-5,8.739053737E-4,6.548387464E-4
5.139556217E1,1.126464107E-3,-2.307141200E-3,-1.268031891E-3
5.141567217E1,-8.400846273E-4,-1.966918353E-3,1.791789662E-3
5.143578217E1,1.804310363E-3,-4.687947221E-4,1.594669186E-3
5.145589217E1,8.046584553E-4,-7.974393666E-4,3.920021700E-4
5.147600217E1,1.822880702E-3,-1.412851736E-3,1.000714954E-3
5.149611217E1,-1.424286282E-3,-9.981915355E-6,1.555747585E-3
5.151622217E1,1.246331725E-3,-2.484058496E-3,-7.968888385E-4
5.153633117E1,3.891914384E-3,1.748132054E-3,-1.606674166E-3
5.155644117E1,7.405743818E-4,1.130142482E-3,1.117464970E-3
5.157655117E1,-2.849295735E-3,3.054141067E-3,2.480887109E-3
5.159666117E1,2.522468567E-4,-3.368156031E-3,-5.625435733E-4
5.161677117E1,5.018627271E-3,-5.642801523E-3,-3.484087065E-3
5.163688117E1,7.475215825E-4,-5.898763426E-3,-2.522084629E-3
5.165698817E1,4.543350078E-3,-6.343596615E-3,-1.647472382E-3
5.167709817E1,4.858233500E-3,6.668326911E-3,-3.416325198E-3
5.169720817E1,-9.611624992E-4,1.881697029E-2,-4.283499438E-3
5.171731717E1,-7.815411314E-3,2.145123668E-2,-4.374462646E-3
5.173742717E1,-6.071064621E-3,1.594480686E-2,-3.252584487E-3
5.175753717E1,-5.096831359E-3,1.030795090E-2,-4.905998241E-3
5.177764717E1,-3.823817475E-3,3.485175781E-3,-5.745500792E-3
5.179775717E1,-3.194124904E-3,-1.881398726E-3,-4.726897925E-3
5.181786717E1,-6.231807056E-4,-2.300616354E-3,-8.980314014E-4
5.183797717E1,4.048002884E-3,5.276943557E-3,1.085116761E-3
5.185808717E1,2.150840592E-3,5.415597465E-3,8.320035413E-3
5.187819717E1,4.341657041E-4,8.123887237E-4,8.808352053E-3
5.189830717E1,2.974313917E-3,-3.450519405E-3,5.795203615E-3
5.191841717E1,-9.962655604E-4,-8.071353659E-4,-9.788013995E-4
5.193852617E1,-2.282984555E-3,2.230592305E-3,-2.104553860E-4
5.195863617E1,-1.449293224E-3,3.044614336E-3,-2.541201655E-3
5.197874617E1,2.030530013E-4,4.746600520E-3,1.177048078E-3
5.199885617E1,4.358613514E-4,4.908313509E-3,-2.120975405E-3
5.201896617E1,6.774094072E-4,5.379592534E-3,3.546586959E-5
5.203907617E1,7.670132909E-4,2.031261567E-3,1.371172024E-3
5.205918617E1,-2.699865028E-3,3.639287315E-3,5.631226813E-4
5.207929617E1,-1.721613458E-3,3.418046748E-3,1.148474286E-3
5.209940617E1,-1.471107244E-3,6.412694231E-3,1.846279949E-3
5.211951617E1,-2.845201176E-3,5.331696942E-3,-1.249357825E-3
5.213962617E1,-3.580838908E-3,6.546827499E-4,2.225043718E-4
5.215973617E1,-1.554028131E-3,2.960655838E-3,3.981405171E-4
5.217984617E1,2.505058073E-4,1.745474059E-3,6.328419549E-4
5.219995617E1,1.385302749E-3,5.416356958E-3,-6.844534073E-5
5.222006617E1,1.870966516E-3,5.410810001E-3,1.253292081E-3
5.224017517E1,1.822327729E-3,1.161521999E-3,2.020193497E-3
5.226028517E1,1.979284454E-3,1.054438995E-3,4.058599938E-3
5.228039517E1,-9.124968201E-4,2.921088599E-3,1.948366407E-3
5.230050517E1,3.150752746E-4,6.956157740E-4,3.038686235E-3
5.232061517E1,6.050209049E-4,-2.330336254E-3,2.860265784E-3
5.234072517E1,6.778703537E-4,-2.951249480E-3,2.877553925E-3
5.236083517E1,4.277269472E-4,-7.866979577E-3,3.012853675E-3
5.238094517E1,2.828881377E-3,-6.011833437E-3,4.961633123E-3
5.240105517E1,3.402477596E-3,-1.160329953E-2,5.600570235E-3
5.242116517E1,1.548602246E-3,-1.262468752E-2,4.052443430E-3
5.244127517E1,3.337496659E-3,-1.603906043E-2,7.002724335E-3
5.246138517E1,7.351751439E-3,-1.282668859E-2,4.427170847E-3
5.248149517E1,3.645817749E-3,-1.095079817E-2,3.932832740E-3
5.250160517E1,5.108174519E-4,-9.239211679E-3,3.121433547E-3
5.252171517E1,3.369285259E-3,-6.936589722E-3,5.440425128E-3
5.254182517E1,2.985595260E-3,-1.151351258E-2,4.079919308E-3
5.256193517E1,8.530224673E-3,-2.014594711E-2,1.017560484E-3
5.258204517E1,5.216524471E-3,-2.175620385E-2,1.367684454E-4
5.260215517E1,6.735592149E-3,-2.602481097E-2,1.586808357E-4
5.262226517E1,5.524943583E-3,-2.677387744E-2,3.868841333E-3
5.264237442E1,9.985325858E-3,-1.400050614E-2,3.604792058E-3
5.266248442E1,6.943753455E-3,2.254699357E-4,1.298530726E-3
5.268259442E1,8.695442230E-4,3.392879618E-3,-1.484655309E-3
5.270270442E1,-2.359781414E-3,-3.064583521E-3,-3.838853678E-3
5.272281442E1,-6.567385863E-4,-6.492765620E-3,-2.991656307E-3
5.274292442E1,-9.991715197E-4,-1.066746470E-2,-2.560994588E-3
5.276303442E1,-1.774999895E-3,-1.918805391E-2,-1.935446635E-3
5.278314442E1,6.547159515E-3,-1.851988584E-2,3.224841086E-3
5.280325442E1,8.746738546E-3,-1.319447346E-2,5.797859281E-3
5.282336442E1,6.263558287E-3,-1.871350408E-2,1.039212476E-2
5.284347442E1,5.285936408E-3,-1.771180704E-2,1.431560330E-2
5.286358442E1,3.841268364E-3,-2.106990851E-2,1.213137992E-2
5.288369442E1,2.097067423E-3,-2.036404982E-2,1.129930653E-2
5.290380442E1,1.168616349E-3,-1.808941923E-2,5.420047790E-3
5.292391442E1,-2.655079123E-3,-1.425591484E-2,2.288621385E-3
5.294402442E1,2.278597560E-3,-1.314986963E-2,5.293171853E-3
5.296413442E1,3.936778754E-3,-9.714601561E-3,5.140746944E-3
5.298424442E1,6.234503351E-3,-6.300149951E-3,2.987215063E-3
5.300435442E1,3.997037653E-3,-1.032644324E-2,-1.044261036E-3
5.302446442E1,6.217532791E-3,-9.478655644E-3,4.286368378E-3
5.304457442E1,2.428194974E-3,-1.299254037E-2,2.934152726E-3
5.306468442E1,1.331842737E-3,-1.289758086E-2,3.492269199E-3
5.308479442E1,8.324254304E-4,-1.469697058E-2,5.271924660E-3
5.310490442E1,3.222177736E-3,-1.690919884E-2,7.216204423E-3
5.312501442E1,1.837964170E-3,-1.921170950E-2,6.019820459E-3
5.314512442E1,3.432470607E-3,-1.553488616E-2,4.696220625E-3
5.316523442E1,3.098945366E-3,-1.453839149E-2,4.529599566E-3
5.318534442E1,3.786186222E-3,-1.141792536E-2,7.217849139E-3
5.320545442E1,1.388252829E-3,-1.043458469E-2,8.015960455E-3
5.322556442E1,-1.398674445E-3,-7.185648195E-3,9.353852831E-3
5.324567442E1,2.307211980E-3,-8.810382336E-3,9.831530973E-3
5.326578442E1,4.335256759E-3,-1.180086657E-2,8.367206901E-3
5.328589442E1,1.611061627E-3,-1.452126540E-2,4.562732764E-3
5.330600442E1,3.829617286E-3,-1.503291912E-2,7.753646467E-3
5.332611442E1,1.056915987E-2,-1.477010548E-2,9.032354690E-3
5.334622442E1,1.389718987E-2,-1.219257526E-2,8.249104023E-3
5.336633442E1,1.247963775E-2,-1.438286155E-2,7.192047779E-3
5.338644442E1,1.135324314E-2,-1.612549089E-2,5.815475248E-3
5.340655442E1,7.246502209E-3,-1.170407049E-2,8.045215160E-3
5.342666442E1,5.033197813E-3,-1.606722921E-2,7.695760578E-3
5.344677442E1,2.791179111E-3,-2.006928436E-2,8.749941364E-3
5.346688442E1,6.253288593E-3,-1.866100542E-2,8.387485519E-3
5.348699442E1,2.180444077E-3,-2.085551061E-2,4.156263545E-3
5.350710442E1,5.623762961E-3,-2.535933070E-2,4.100410268E-3
5.352721442E1,8.925332688E-3,-2.570670657E-2,9.943173500E-4
5.354732442E1,1.207844168E-2,-1.709935255E-2,5.959986243E-3
5.356743442E1,9.262127802E-3,-5.522566382E-3,5.537371151E-3
5.358754442E1,4.580313805E-3,3.323285840E-3,3.696101485E-3
5.360765442E1,-8.434557822E-4,-5.826898851E-4,2.104439773E-3
5.362776442E1,-5.199539475E-3,-4.600170534E-3,-1.828031614E-3
5.364787654E1,-3.330122912E-3,-6.918604486E-4,-4.284013063E-3
5.366798654E1,9.471083176E-4,-5.596132483E-3,-4.987613298E-3
5.368809654E1,1.912541338E-4,9.649330750E-4,-8.207837818E-4
5.370820654E1,3.380463226E-3,6.634517573E-3,1.828590757E-3
5.372831654E1,2.911259886E-3,8.752585389E-3,4.195423797E-3
5.374842654E1,-3.648663405E-4,7.393524051E-3,6.055677775E-3
5.376853654E1,-2.353517106E-3,3.910697065E-3,3.121548332E-3
5.378864654E1,-7.044675294E-3,4.861179274E-3,-2.290527802E-3
5.380875654E1,-7.407301571E-3,8.350063115E-3,-2.543159295E-3
5.382886654E1,-4.449134227E-3,7.510840427E-3,-1.642737538E-3
5.384897654E1,-2.123325132E-3,8.122439496E-3,1.806538203E-4
5.386908654E1,1.571885077E-4,4.544648342E-3,-1.976288389E-3
5.388919654E1,-1.097885659E-3,9.117543697E-3,-1.561572892E-3
5.390930654E1,-1.328758895E-3,6.206869613E-3,-2.678461373E-3
5.392941654E1,-2.981442958E-3,1.016084664E-2,-4.424634855E-3
5.394952654E1,-3.952722531E-3,1.272884943E-2,-3.851631889E-3
5.396963654E1,-4.860716406E-3,9.636505507E-3,-2.697430784E-3
5.398974754E1,-7.396748755E-3,1.168514974E-2,-5.887794774E-3
5.400985754E1,-5.180343054E-3,1.616606861E-2,-2.543384442E-3
5.402996754E1,-5.249707960E-3,1.509293076E-2,-6.027516210E-4
5.405007754E1,-7.156556007E-3,1.254633348E-2,-4.773104563E-3
5.407018754E1,-4.187178798E-3,1.333944686E-2,-5.468873773E-3
5.409029754E1,-1.131613157E-3,8.517486975E-3,-3.628683742E-3
5.411040754E1,-2.012152458E-3,9.459912777E-3,-6.369245704E-3
5.413051754E1,-1.242933329E-3,8.426140994E-3,-5.472656339E-3
5.415062754E1,-4.594933242E-3,8.696409874E-3,-3.503835993E-3
5.417073754E1,-4.608541727E-3,1.050761621E-2,-5.940270610E-3
5.419084754E1,-4.608515184E-3,1.469704509E-2,-2.519265283E-3
5.421095754E1,-5.769096781E-3,1.454426162E-2,-4.703864397E-4
5.423106754E1,-4.679960199E-3,1.002952922E-2,-1.176493010E-3
5.425117754E1,-4.350116942E-3,5.365119781E-3,7.308506174E-4
5.427128854E1,-1.431460609E-3,7.113284897E-3,-1.030660933E-3
5.429139854E1,-1.586674014E-3,4.710481036E-3,-2.920487896E-3
5.431150854E1,-8.947601309E-4,5.222955719E-3,-3.484969027E-3
5.433161854E1,-8.393698372E-4,1.162880659E-2,-4.490445834E-3
5.435172854E1,-1.792156603E-3,2.379227802E-2,-5.550941452E-3
5.437183854E1,-2.003896516E-3,3.329041228E-2,-2.751874039E-3
5.439194854E1,-9.729847312E-3,3.080865368E-2,-3.888722975E-3
5.441205854E1,-1.380550209E-2,2.715716697E-2,-3.859809367E-3
5.443216854E1,-1.029996108E-2,1.670734584E-2,-6.111468654E-3
5.445227854E1,-7.852296345E-3,4.915161058E-3,-5.731321406E-3
5.447238854E1,-1.702744048E-3,9.653696790E-3,-2.766005229E-3
5.449249854E1,3.181302454E-3,1.377964392E-2,-2.997308504E-3
5.451260954E1,5.042657722E-3,1.648627222E-2,1.589980442E-3
5.453271954E1,1.170153264E-3,1.284314040E-2,4.384370055E-3
5.455282954E1,8.745669038E-4,8.813062683E-3,4.275822081E-3
5.457293954E1,-6.296091015E-4,5.794212688E-3,3.335149959E-3
5.459304954E1,-4.342080094E-3,5.634872708E-3,-6.357321399E-4
5.461315954E1,-4.719280172E-3,9.201768786E-3,-4.366307403E-4
5.463326954E1,-3.981343005E-3,1.259322092E-2,6.532922271E-4
5.465337933E1,-1.994891092E-3,9.788114578E-3,-5.906703300E-4
5.467348933E1,-7.677327376E-4,1.189652644E-2,-2.493406180E-3
5.469359933E1,-3.446362913E-3,1.649911329E-2,-2.349373186E-3
5.471370933E1,-2.455959795E-3,1.332354639E-2,-1.161510241E-3
5.473382033E1,-3.917330876E-3,1.373186428E-2,3.439359716E-4
5.475393033E1,-2.596716397E-3,1.151374262E-2,2.472715452E-3
5.477404033E1,-1.769175753E-3,8.192122914E-3,-1.679848763E-3
5.479415033E1,-1.736517181E-3,7.486583665E-3,-5.870562163E-4
5.481426033E1,-3.718683496E-3,6.362280343E-3,4.402336781E-4
5.483437033E1,-4.772178829E-3,7.281430531E-3,-1.736350358E-3
5.485448033E1,-3.519284539E-3,9.795304388E-3,1.171010779E-3
5.487459033E1,-3.230017843E-3,6.361930631E-3,1.289140899E-3
5.489470033E1,-2.511447761E-3,7.620708086E-3,9.292988689E-4
5.491481033E1,-2.804807387E-3,5.850463174E-3,3.236416378E-4
5.493492033E1,-3.001616802E-3,9.347797371E-3,-1.084702672E-3
5.495503033E1,-1.546510961E-3,1.070729550E-2,7.059196942E-4
5.497514133E1,-8.262326941E-3,1.158305816E-2,1.319234492E-3
5.499525133E1,7.075885660E-4,5.256071221E-3,2.071322408E-3
5.501536133E1,1.492423937E-3,1.283625374E-3,9.723024559E-4
5.503547133E1,2.232080093E-3,-5.502766464E-3,4.485614481E-4
5.505558133E1,1.254626433E-3,-6.323269103E-3,-3.156353720E-3
5.507569133E1,-3.835014300E-3,5.890003406E-3,-4.419018514E-3
5.509580133E1,-9.580974467E-3,1.727865264E-2,-5.575769115E-3
5.511591133E1,-1.311833318E-2,3.072285652E-2,-4.028593656E-3
5.513602133E1,-1.337738335E-2,2.991635911E-2,-3.309412161E-3
5.515613133E1,-8.936952800E-3,2.866193652E-2,-3.639190691E-3
5.517624133E1,-8.101976477E-3,2.398160473E-2,-4.702463746E-3
5.519635133E1,-7.087240461E-3,9.183010086E-3,-5.362401716E-3
5.521646133E1,-2.146084793E-3,2.393031958E-3,-3.693192499E-3
5.523657233E1,-2.018468454E-3,1.259730197E-4,-8.157745469E-6
5.525668233E1,2.455564681E-3,1.158912899E-3,2.360264305E-3
5.527679233E1,2.202131785E-3,4.783735145E-3,4.265191965E-3
5.529690233E1,1.791906776E-3,4.434261471E-3,1.258313889E-3
5.531701233E1,-1.978764776E-3,4.009554163E-3,1.793778618E-3
5.533712233E1,7.282175939E-4,5.049559753E-3,-2.191587351E-3
5.535723233E1,-1.606866485E-3,4.713119939E-3,-5.152598955E-3
5.537734233E1,2.441041870E-3,4.607783165E-3,-1.343316049E-3
5.539745233E1,-1.353600062E-3,5.382105708E-3,-7.503936649E-4
5.541756233E1,-1.778472215E-3,1.094884425E-2,-3.379369155E-3
5.543767233E1,-2.515839296E-4,1.021201536E-2,-1.595947309E-3
5.545778233E1,-3.722553374E-3,8.116580546E-3,-3.167738672E-3
5.547789233E1,-7.505721413E-3,1.385945454E-2,-1.224817475E-3
5.549800333E1,-6.578622386E-3,1.128339209E-2,-2.455111127E-3
5.551811333E1,-7.173671853E-3,1.107621007E-2,-4.871901590E-3
5.553822333E1,-8.605748415E-3,1.449948549E-2,-2.898534294E-3
5.555833333E1,-2.958879806E-3,1.791146211E-2,-2.341571264E-3
5.557844333E1,-2.526312601E-3,2.332260646E-2,-4.206922371E-3
5.559855333E1,-3.407887183E-3,1.724026911E-2,-5.189754535E-3
5.561866333E1,-2.758757211E-3,1.407255046E-2,-1.936093438E-3
5.563877333E1,-3.169683041E-3,1.260541379E-2,-7.445951342E-4
5.565888358E1,-2.124994993E-3,8.165523410E-3,1.226034947E-4
5.567899358E1,-4.553409293E-3,1.287014410E-2,-6.512973923E-4
5.569910358E1,-6.515992340E-3,1.419055276E-2,-2.039309125E-3
5.571921358E1,-3.158157924E-3,1.451275311E-2,-1.364252297E-3
5.573932358E1,-2.258493332E-4,3.896261100E-3,-3.204399720E-3
5.575943358E1,-2.417848213E-3,-5.036462098E-4,2.137191477E-4
5.577954358E1,3.078842536E-3,-2.608060371E-3,-1.869465923E-3
5.579965458E1,1.195772318E-3,4.400187172E-4,-1.917650923E-3
5.581976458E1,2.047451446E-3,1.189773716E-2,-5.402396899E-3
5.583987458E1,-3.536566859E-3,2.097092569E-2,-7.190805394E-3
5.585998458E1,-8.897268213E-3,2.305689827E-2,-2.513072453E-3
5.588009458E1,-1.115725096E-2,1.951507479E-2,-3.218652913E-3
5.590020458E1,-1.282811910E-2,1.240097359E-2,-5.396852735E-3
5.592031458E1,-2.327032620E-3,3.620981704E-3,-1.606750768E-3
5.594042458E1,2.547303913E-3,-5.104043055E-3,-1.189850271E-3
5.596053458E1,6.448860746E-3,-1.002795808E-2,1.668698853E-3
5.598064458E1,8.244502358E-3,-5.710361060E-3,5.890126340E-3
5.600075458E1,7.989086211E-3,-9.491028264E-3,7.397034671E-3
5.602086458E1,9.002392180E-3,-1.483226940E-2,1.074178796E-2
5.604097458E1,6.822089199E-3,-1.777425781E-2,9.545673616E-3
5.606108458E1,5.353714805E-3,-1.952925324E-2,4.593227059E-3
5.608119458E1,4.228916485E-3,-2.068617195E-2,5.354037974E-3
5.610130458E1,6.019484252E-3,-2.360865101E-2,3.387905424E-3
5.612141558E1,5.136308260E-3,-2.051758021E-2,2.279770793E-3
5.614152558E1,6.125887856E-3,-2.032485418E-2,5.346913356E-3
5.616163558E1,2.477963455E-3,-1.617113873E-2,4.632448778E-3
5.618174558E1,-6.448100903E-4,-1.268569566E-2,5.602590274E-3
5.620185558E1,-8.075047517E-4,-8.946001530E-3,4.788837396E-3
5.622196558E1,-2.511542523E-3,-4.194621462E-3,5.777280312E-3
5.624207558E1,-8.979787817E-4,-3.043390810E-3,5.466140807E-3
5.626218558E1,1.262623118E-5,-3.378545865E-3,6.482594181E-3
5.628229558E1,-4.001620691E-4,-7.758190390E-3,5.140961614E-3
5.630240558E1,-6.485875929E-4,-8.332392201E-3,4.551754333E-3
5.632251558E1,3.272484057E-3,-9.829634801E-3,5.840697791E-3
5.634262558E1,5.287454464E-3,-6.509842817E-3,6.198400632E-3
5.636273558E1,4.989788402E-3,-6.952294149E-3,9.098980576E-3
5.638284558E1,1.712232828E-3,-1.446038578E-2,7.560067810E-3
5.640295558E1,2.577712759E-3,-1.004057936E-2,6.185993087E-3
5.642306558E1,1.779127168E-3,-6.947442424E-3,5.643076729E-3
5.644317558E1,-1.902037766E-3,-7.396305446E-3,7.195448037E-3
5.646328658E1,1.522328006E-3,-6.863959134E-3,4.827160854E-3
5.648339658E1,5.114035215E-3,-1.383830700E-2,3.254925366E-3
5.650350658E1,2.077329438E-3,-1.778310537E-2,4.458776210E-3
5.652361658E1,3.491707845E-3,-2.677580528E-2,6.442653481E-3
5.654372658E1,3.210744355E-3,-2.063029446E-2,2.604505979E-3
5.656383658E1,3.101265524E-3,-5.300501827E-3,5.418463843E-4
5.658394658E1,-2.380173188E-3,1.213072799E-2,-2.136173658E-3
5.660405658E1,-1.000749134E-2,1.827908494E-2,-8.611615049E-4
5.662416658E1,-1.367630903E-2,8.653644472E-3,-1.712723984E-3
5.664427583E1,-8.931232616E-3,3.187650582E-3,-6.424107589E-3
5.666438583E1,-6.023304071E-3,-9.531355463E-4,-3.958513029E-3
5.668449583E1,-1.769605326E-3,-1.170878112E-2,-1.050169463E-3
5.670460583E1,4.660425708E-3,-1.553472131E-2,3.284956794E-3
5.672471583E1,8.276562206E-3,-1.605895720E-2,3.174538258E-3
5.674482583E1,7.164355833E-3,-1.455281302E-2,6.351499353E-3
5.676493583E1,7.625858299E-3,-2.080607787E-2,9.197846986E-3
5.678504583E1,9.932589717E-3,-1.955836825E-2,7.360556629E-3
5.680515583E1,5.181632470E-3,-2.165200002E-2,3.440930508E-3
5.682526583E1,3.948177211E-3,-2.136095800E-2,2.289058641E-3
5.684537583E1,5.212038290E-3,-2.602032572E-2,3.269504057E-3
5.686548583E1,7.578744553E-3,-2.696375735E-2,2.837528940E-3
5.688559583E1,4.038120154E-3,-2.466786653E-2,4.666736349E-3
5.690570583E1,7.062962744E-3,-2.751230635E-2,2.809025114E-3
5.692581683E1,7.625858299E-3,-2.670364827E-2,2.397731179E-3
5.694592683E1,4.658321384E-3,-1.965436339E-2,4.694746807E-3
5.696603683E1,6.379399449E-3,-1.551569067E-2,4.129343200E-3
5.698614683E1,3.418668639E-3,-1.759744063E-2,2.719699405E-3
5.700625683E1,2.380326390E-3,-1.779443212E-2,2.143767430E-3
5.702636683E1,1.634471584E-3,-1.366985217E-2,3.266124986E-3
5.704647683E1,3.273986978E-3,-9.031711146E-3,2.523964969E-3
5.706658683E1,2.961596940E-3,-5.938101560E-3,8.050906472E-4
5.708669683E1,2.810961101E-3,-3.950339276E-3,1.444758615E-3
5.710680683E1,4.220402334E-3,-8.156551048E-4,8.586985641E-4
5.712691683E1,2.388269873E-3,-1.410463825E-3,5.082431599E-4
5.714702683E1,4.493174492E-4,1.351462211E-3,-9.940158343E-4
5.716713683E1,-1.376424683E-3,3.533881623E-3,-5.152344238E-4
5.718724683E1,-1.301588607E-3,1.075655688E-2,-8.632382960E-4
5.720735683E1,-2.694518305E-3,7.543309592E-3,-9.847985348E-5
5.722746683E1,-2.120368183E-3,2.341707703E-3,-5.639856681E-4
5.724757683E1,2.126020612E-3,-3.641332034E-3,8.435266209E-4
5.726768683E1,-5.109787919E-3,-2.922012005E-3,-4.990394227E-3
5.728779683E1,-3.495162353E-3,-1.562364865E-3,-7.942706579E-4
5.730790683E1,1.023857854E-3,-2.120357007E-3,7.648373721E-4
5.732801683E1,1.519256970E-3,8.924297988E-3,-2.664684318E-3
5.734812683E1,-7.703137817E-4,1.425675210E-2,-7.520991494E-4
5.736823683E1,-2.277687425E-3,1.208885666E-2,-2.903776709E-3
5.738834683E1,-3.532688599E-3,7.335604634E-3,-3.135345876E-3
5.740845683E1,-5.170895718E-3,6.875799038E-3,-5.976507906E-3
5.742856683E1,-1.319892472E-3,2.802556381E-3,-8.711315691E-3
5.744867683E1,-2.344121225E-3,-3.315358423E-3,-8.477983996E-3
5.746878683E1,-1.143015397E-4,3.810576862E-3,-4.211071879E-3
5.748889683E1,3.469030606E-3,8.568741381E-3,5.745827802E-4
5.750900683E1,3.354369430E-3,8.572430350E-3,1.433396945E-3
5.752911683E1,-5.096378736E-4,6.238259841E-3,3.792437026E-3
5.754922683E1,-3.746829927E-3,-5.797427148E-4,1.072812011E-4
5.756933683E1,-5.222704727E-3,9.125885554E-4,2.329362324E-4
5.758944683E1,-4.316843115E-3,-2.523185685E-4,-2.630815841E-3
5.760955683E1,1.567555591E-3,2.499118913E-3,-6.086950889E-4
5.762966683E1,2.546291798E-3,-2.385289408E-4,2.866839990E-3
5.764977742E1,3.168237628E-3,1.893922919E-3,7.806934300E-4
5.766988742E1,2.344569424E-3,2.973550465E-3,-5.033158232E-5
5.768999742E1,5.401570234E-4,5.318771116E-3,-2.230074024E-3
5.771010742E1,-1.847245963E-3,5.151749589E-3,-3.001114121E-3
5.773021742E1,-1.219563186E-3,2.214201493E-3,-4.278209992E-3
5.775032742E1,-2.472118940E-3,4.651541822E-4,-3.533774987E-3
5.777043742E1,-4.319714499E-4,3.057415597E-4,-3.554065712E-3
5.779054742E1,-3.643232863E-3,2.115642885E-3,-1.387817436E-3
5.781065742E1,-2.322252840E-5,4.054875113E-3,-2.776556357E-4
5.783076742E1,-1.848020474E-3,3.696680069E-3,-5.892454647E-4
5.785087742E1,-2.246285090E-3,-8.436180651E-4,2.565578325E-4
5.787098742E1,-5.415275693E-3,-5.463724956E-4,1.375322230E-3
5.789109742E1,-1.193584176E-3,-1.117724460E-3,1.006694278E-3
5.791120742E1,1.399655594E-3,2.348957583E-3,-1.162311295E-3
5.793131742E1,2.150773071E-6,1.806079177E-3,7.037831238E-4
5.795142742E1,-1.451839809E-3,6.786952727E-3,-3.300269309E-4
5.797153742E1,-1.403295319E-4,7.143138908E-3,-2.559993183E-3
5.799164742E1,-1.002636622E-3,6.742947735E-3,-2.050953219E-3
5.801175742E1,-1.882061362E-3,5.398953799E-3,-2.557706088E-3
5.803186742E1,-2.240493486E-4,-3.711138852E-4,-4.929489805E-4
5.805197742E1,9.866727050E-4,-4.388610832E-4,-2.465332393E-3
5.807208742E1,-2.082066145E-3,-1.375511754E-3,-4.075512756E-3
5.809219742E1,3.021437442E-4,-5.876105279E-4,-1.511489274E-3
5.811230742E1,4.127725493E-3,-1.067142468E-3,8.782113437E-4
5.813241742E1,2.891292330E-3,5.220910534E-3,-4.461701494E-3
5.815252742E1,-3.371446393E-3,1.386350393E-2,-5.088829435E-3
5.817263742E1,-4.081761464E-3,2.192774229E-2,-6.967180874E-3
5.819274742E1,-2.512555337E-3,1.588668860E-2,-6.301663816E-3
5.821285742E1,-9.234758094E-3,1.170540042E-2,-9.971836582E-3
5.823296742E1,-8.508803323E-3,6.027815398E-4,-7.214703597E-3
5.825307742E1,-6.930494681E-3,-8.933376521E-4,-4.641684704E-3
5.827318742E1,-4.196156748E-3,2.693818184E-3,3.022013698E-5
5.829329742E1,-3.094525076E-3,5.447135307E-3,1.931647887E-3
5.831340742E1,2.057554200E-3,1.054809056E-2,6.130130030E-3
5.833351742E1,-4.478036135E-4,9.592408314E-3,5.090947263E-3
5.835362742E1,2.390988520E-4,6.955323741E-3,1.465915935E-3
5.837373742E1,-2.429607324E-3,2.772544511E-3,-4.087159410E-3
5.839384742E1,-2.503641881E-3,4.494725261E-3,-4.961669445E-3
5.841395842E1,-5.442589754E-4,4.054734018E-3,-3.766945796E-3
5.843406842E1,1.596584218E-3,3.667980200E-3,-1.589004649E-3
5.845417842E1,1.085293479E-4,1.770521281E-3,-3.380106296E-3
5.847428842E1,5.206915084E-4,3.688035998E-3,-9.401487187E-4
5.849439842E1,6.939899176E-4,3.619614057E-3,-4.845450749E-4
5.851450842E1,-1.060840208E-3,4.929111805E-3,-1.913660322E-3
5.853461842E1,-6.968365051E-5,3.367904807E-3,-1.600198098E-3
5.855472842E1,-2.385230269E-3,3.424425609E-3,-2.381577622E-3
5.857483842E1,-1.491739647E-3,1.573528862E-3,-1.362918643E-3
5.859494842E1,1.709937118E-3,6.883763708E-4,-3.422854352E-4
5.861505842E1,-5.106800818E-4,1.706523355E-3,-2.510019112E-4
5.863516842E1,5.129590863E-5,3.328818362E-3,-1.705401111E-3
5.865527783E1,7.575917989E-4,3.125616815E-3,-7.893588045E-4
5.867538783E1,1.891201828E-3,5.031581502E-3,9.804049041E-4
5.869549783E1,1.953908242E-3,3.903075121E-3,1.337551512E-3
5.871560783E1,-9.782102425E-4,4.516915884E-3,-1.203935826E-3
5.873571783E1,-1.374799991E-3,9.308591485E-3,-3.086795332E-3
5.875582783E1,-2.098142868E-3,5.824015476E-3,-1.283093938E-3
5.877593783E1,-1.336209709E-3,7.038784213E-3,-1.264310325E-3
5.879604783E1,7.648557657E-4,1.028887229E-3,-2.012690529E-4
5.881615783E1,-1.368798083E-3,3.650917206E-3,-1.104160910E-3
5.883626783E1,-2.559229732E-3,4.473165609E-4,8.275012951E-4
5.885637783E1,8.218202274E-4,-5.420250818E-4,4.717251868E-4
5.887648783E1,2.917706268E-3,2.145122271E-3,-1.711235149E-3
5.889659783E1,-7.057907060E-4,4.877259489E-3,-1.262226258E-3
5.891670783E1,-2.502721967E-3,3.435012884E-3,-1.806677668E-3
5.893681783E1,6.375064841E-4,8.457431570E-3,-1.405309653E-3
5.895692783E1,-2.268727869E-3,7.779368199E-3,-1.933085034E-3
5.897703783E1,2.206985373E-4,3.279014956E-3,8.434252231E-4
5.899714783E1,4.702829756E-4,-2.073608804E-3,-3.858042182E-3
5.901725783E1,-7.415027358E-4,-2.081310842E-3,-4.443553276E-3
5.903736783E1,3.095557680E-3,-6.033161189E-3,-3.466139548E-3
5.905747783E1,3.378092078E-3,-9.637461044E-4,-4.306886345E-3
5.907758783E1,5.063104909E-4,1.152944751E-2,-3.727945732E-3
5.909769783E1,-6.259160582E-3,2.099075913E-2,-2.732151188E-3
5.911780783E1,-7.859818637E-3,2.234171890E-2,-2.762417775E-3
5.913791783E1,-9.467930533E-3,1.923278533E-2,-6.787550170E-3
5.915802783E1,-7.704385091E-3,9.967381135E-3,-1.154821645E-2
5.917813783E1,-5.894454662E-3,5.204123445E-4,-6.717430893E-3
5.919824783E1,2.949855756E-3,-3.002928570E-3,-4.118068609E-3
5.921835783E1,1.747294562E-3,1.096497290E-4,-1.745974761E-3
5.923846783E1,3.537157550E-3,6.050115451E-3,1.598008676E-3
5.925857783E1,1.975767082E-4,2.944236388E-3,5.941129755E-3
5.927868783E1,1.154133934E-3,2.261853311E-3,5.730982870E-3
5.929879783E1,-9.324501734E-4,-2.713896334E-3,4.572668695E-4
5.931890783E1,-1.922371564E-3,-6.178040057E-4,-1.035544788E-3
5.933901783E1,-9.604404913E-4,7.291883230E-5,-1.182272681E-4
5.935912783E1,1.052909298E-3,-2.193697263E-3,2.114034258E-3
5.937923783E1,2.885479480E-3,-2.381552011E-3,3.041565884E-3
5.939934783E1,3.521175822E-3,-3.721965477E-4,1.919842558E-3
5.941945783E1,1.095931511E-3,-6.117378362E-4,2.858176362E-3
5.943956783E1,8.077040548E-4,2.490151674E-4,3.775573336E-3
5.945967783E1,-1.206758432E-3,-1.556054223E-3,2.521607326E-3
5.947978883E1,-5.851819180E-3,-2.250524238E-3,1.879888587E-4
5.949989883E1,-7.149950252E-4,-3.167411778E-3,-9.445114410E-4
5.952000883E1,-8.099734550E-4,-4.351842683E-3,2.507846337E-3
5.954011883E1,2.110885223E-3,-3.266176209E-4,2.217459725E-3
5.956022883E1,-1.595264766E-3,-3.981231246E-3,2.157239709E-3
5.958033883E1,-1.575995004E-3,-4.590604454E-3,8.539212286E-4
5.960044883E1,1.897010254E-3,-5.731930956E-3,2.011557575E-3
5.962055883E1,5.173950922E-4,6.268355064E-4,1.017227769E-3
5.964066883E1,2.804566640E-3,-7.692952640E-4,1.682970673E-3
5.966077979E1,2.903513843E-3,1.725186594E-4,9.023837629E-4
5.968088979E1,2.232859377E-3,-3.803454340E-3,-3.683671821E-5
5.970099979E1,1.218724530E-3,5.025025457E-4,3.816744429E-4
5.972110979E1,1.926158089E-3,-7.992649451E-3,6.620095810E-4
5.974121979E1,6.219223142E-3,-5.845711101E-3,1.256645890E-3
5.976132979E1,4.254509229E-3,-1.134699024E-2,5.716935731E-3
5.978143979E1,4.061843734E-3,-1.427277550E-2,4.678159021E-3
5.980154979E1,4.359730054E-3,-1.095044054E-2,5.705128424E-3
5.982165979E1,2.651650459E-3,-1.059937477E-2,5.755455699E-3
5.984176979E1,3.018805757E-3,-6.848800927E-3,6.977812387E-3
5.986187979E1,6.138189230E-3,-1.737345196E-2,3.994313534E-3
5.988198979E1,5.001503043E-3,-2.462220937E-2,4.558951594E-3
5.990210079E1,2.799070440E-3,-1.976335049E-2,2.194932196E-3
5.992221079E1,3.655732609E-3,-2.152432501E-2,1.642396208E-3
5.994232079E1,6.439392921E-3,-1.414889656E-2,2.257133834E-3
5.996243079E1,6.092959084E-3,-6.974213757E-3,1.563397469E-3
5.998254079E1,1.095758285E-3,3.321518190E-3,3.092766041E-3
6.000265079E1,1.912262524E-4,3.154920880E-3,3.659207840E-3
6.002276079E1,-1.327767270E-3,-4.901690874E-3,-3.839427081E-4
6.004287079E1,-1.829479006E-4,-1.025382802E-2,-2.089757705E-3
6.006298079E1,2.923415741E-3,-1.657056808E-2,-3.075040178E-3
6.008309079E1,4.105204251E-3,-1.689349115E-2,2.931972034E-3
6.010320079E1,7.663159166E-3,-1.436102297E-2,5.400213413E-3
6.012331079E1,9.579038247E-3,-1.173468772E-2,8.413912728E-3
6.014342079E1,4.807934631E-3,-1.063143369E-2,1.233007386E-2
6.016353179E1,6.267419085E-3,-1.025001239E-2,1.199424453E-2
6.018364179E1,3.705658019E-3,-1.604746468E-2,9.717180394E-3
6.020375179E1,3.615131602E-3,-1.683126204E-2,6.538406014E-3
6.022386179E1,1.309170155E-3,-1.421431080E-2,1.838654513E-3
6.024397179E1,1.822627615E-3,-1.700157486E-2,3.232286777E-3
6.026408179E1,5.136810709E-3,-1.557407808E-2,4.452335183E-3
6.028419179E1,3.517221659E-3,-1.722599566E-2,4.684084095E-3
6.030430179E1,4.096752033E-3,-1.668882370E-2,9.313320625E-4
6.032441179E1,4.971356597E-3,-1.594830863E-2,1.474393532E-3
6.034452179E1,5.394485779E-3,-1.547743566E-2,8.942051791E-4
6.036463179E1,3.639434231E-3,-1.427309588E-2,6.175015122E-3
6.038474279E1,4.116863478E-3,-1.586718298E-2,4.088307731E-3
6.040485279E1,5.006944761E-3,-1.741178520E-2,3.929660190E-3
6.042496279E1,5.551729351E-3,-1.893039048E-2,3.565704217E-3
6.044507279E1,4.783696495E-3,-1.911878958E-2,3.398503177E-3
6.046518279E1,3.458048217E-3,-1.727402955E-2,2.510397462E-3
6.048529279E1,5.244980101E-3,-1.942070574E-2,2.606853610E-3
6.050540279E1,5.749675911E-3,-1.297930442E-2,2.746308688E-3
6.052551279E1,5.697332323E-3,-1.048210077E-2,4.538029432E-3
6.054562279E1,2.530903555E-3,-1.417285018E-2,3.962186165E-3
6.056573379E1,3.038960975E-3,-1.128011290E-2,3.543745261E-3
6.058584379E1,4.155382980E-3,-1.098708063E-2,3.191783326E-3
6.060595379E1,2.325260546E-3,-1.000231132E-2,2.128179651E-3
6.062606379E1,2.894910751E-3,-8.901625872E-3,3.689058125E-3
6.064617333E1,3.118708497E-3,-7.462183479E-3,5.514369346E-3
6.066628333E1,8.409926668E-3,-1.393722184E-2,3.664753400E-3
6.068639333E1,2.778772265E-3,-1.675537229E-2,4.983779043E-3
6.070650333E1,1.934185624E-3,-1.944683492E-2,1.977968495E-3
6.072661433E1,3.509056056E-3,-1.609593816E-2,3.775062505E-3
6.074672433E1,4.103350919E-3,-6.995811127E-3,1.020281808E-3
6.076683433E1,4.650822841E-3,2.514879219E-3,1.127816737E-3
6.078694433E1,3.032352310E-3,6.656180136E-3,1.485071611E-3
6.080705433E1,-2.121522091E-3,4.089330323E-3,-1.507857116E-3
6.082716433E1,-3.148121294E-3,1.032725209E-3,-2.509788843E-3
6.084727433E1,-4.603053443E-3,5.575045012E-3,-6.531583145E-3
6.086738533E1,-3.353694687E-3,2.349539660E-3,-6.630184129E-3
6.088749533E1,5.479570827E-4,6.348765455E-3,-5.082408432E-3
6.090760533E1,1.556242350E-4,1.015451737E-2,-6.170351407E-4
6.092771533E1,1.362982672E-3,1.107222401E-2,1.209473936E-3
6.094782533E1,-2.341109794E-3,9.321004152E-3,4.611028358E-3
6.096793533E1,-4.238591529E-3,6.486279424E-3,2.087671310E-3
6.098804533E1,-7.296166383E-3,3.701411886E-3,-1.568409498E-4
6.100815633E1,-1.088390220E-2,3.398273140E-3,-3.757850733E-3
6.102826633E1,-1.271317806E-2,6.958024576E-3,-4.262836650E-3
6.104837633E1,-9.568737820E-3,9.847051464E-3,-4.972978495E-4
6.106848633E1,-3.936539870E-3,1.212036796E-2,-3.251485294E-3
6.108859633E1,8.493776550E-4,7.678843103E-3,-2.789641730E-3
6.110870633E1,4.358819686E-3,6.564791314E-3,-3.057286842E-3
6.112881633E1,3.719241940E-4,1.172615774E-2,-4.115354735E-3
6.114892733E1,-7.965567056E-5,1.446814183E-2,-5.641093012E-3
6.116903733E1,-2.806173638E-3,1.394059695E-2,-4.969810601E-3
6.118914733E1,-4.105726257E-3,1.100297365E-2,-6.341399159E-3
6.120925733E1,-4.883295856E-3,1.242056675E-2,-4.411616828E-3
6.122936733E1,-3.520990489E-3,1.198947895E-2,-8.053858764E-3
6.124947733E1,-2.473179949E-3,1.466158964E-2,-3.744059475E-3
6.126958833E1,-1.999383094E-3,9.839611128E-3,-3.690540325E-3
6.128969833E1,-1.208325848E-3,9.088944644E-3,-2.672783099E-3
6.130980833E1,9.419122944E-4,1.153952349E-2,-3.970526159E-4
6.132991833E1,-6.284821313E-3,1.329102460E-2,-3.187788883E-3
6.135002833E1,-6.599244196E-3,1.661185734E-2,-6.148586050E-3
6.137013833E1,-6.405845284E-3,1.629605889E-2,-5.049167201E-3
6.139024933E1,-4.631962627E-3,1.157170534E-2,-4.233922344E-3
6.141035933E1,-3.212670097E-3,9.484784678E-3,-3.008556319E-3
6.143046933E1,-3.279253142E-3,5.206795875E-3,-4.583396949E-3
6.145057933E1,-2.564214868E-3,8.561380208E-3,-2.945812885E-3
6.147068933E1,-2.068039495E-3,1.310762577E-2,-4.778107628E-3
6.149079933E1,2.694826690E-4,1.788263768E-2,-8.294191211E-3
6.151091033E1,-2.299183281E-3,2.769509144E-2,-6.999786012E-3
6.153102033E1,-2.897716593E-3,3.192290291E-2,-7.174701896E-3
6.155113033E1,-6.155126728E-3,2.817974985E-2,-7.862226106E-3
6.157124033E1,-6.281721871E-3,2.310117334E-2,-6.815119646E-3
6.159135033E1,-7.638868410E-3,1.325227320E-2,-8.009547368E-3
6.161146033E1,-6.186404731E-3,8.775944822E-3,-2.474540845E-3
6.163157133E1,-1.931801089E-4,1.052134484E-2,-2.337497193E-3
6.165168096E1,4.318391439E-4,1.873338223E-2,-1.915493514E-3
6.167179096E1,-9.989524260E-4,2.106987871E-2,6.090069655E-5
6.169190096E1,-2.324577654E-3,2.027319744E-2,1.394450315E-3
6.171201096E1,-2.990130102E-3,1.554158889E-2,-2.168548526E-3
6.173212096E1,-1.492558978E-3,1.711971499E-2,-2.742081182E-3
6.175223196E1,-2.416962758E-3,1.817784831E-2,-5.998583976E-3
6.177234196E1,-2.552297374E-4,1.344117709E-2,-4.783819430E-3
6.179245196E1,-6.179012125E-4,1.038930379E-2,-6.085564382E-3
6.181256196E1,2.039034385E-3,9.815908968E-3,-3.486542031E-3
6.183267196E1,2.898532664E-3,9.327355772E-3,-1.044584438E-3
6.185278196E1,1.634182641E-3,1.044216845E-2,-3.419435350E-3
6.187289296E1,-9.121597977E-4,1.169019844E-2,-2.845306415E-3
6.189300296E1,-1.729776850E-3,1.133916434E-2,-4.251353443E-3
6.191311296E1,-3.443783382E-3,1.063677296E-2,-6.428373046E-3
6.193322296E1,-3.275862895E-3,7.870174013E-3,-2.773245331E-3
6.195333296E1,-3.025720129E-3,1.098132879E-2,-1.480015693E-3
6.197344296E1,-1.097032335E-3,8.869206533E-3,-1.155745471E-3
6.199355396E1,-5.396657158E-3,1.040682103E-2,-4.583152477E-4
6.201366396E1,-4.758518189E-3,1.306068059E-2,-1.270744717E-3
6.203377396E1,-2.572038677E-3,1.552898623E-2,-2.992371330E-3
6.205388396E1,-1.668401295E-3,1.598574780E-2,-3.227364738E-3
6.207399396E1,-3.255163785E-3,1.692918874E-2,-5.054564215E-3
6.209410396E1,-1.297304174E-3,1.008392964E-2,-3.663967131E-3
6.211421496E1,7.362631150E-4,9.158551693E-4,-6.418791600E-3
6.213432496E1,1.337602851E-3,-2.019957639E-3,-6.091012619E-3
6.215443496E1,-7.804788765E-4,-3.002237529E-3,-4.498650320E-3
6.217454496E1,2.801159397E-3,-2.916366793E-4,-4.486721300E-4
6.219465496E1,2.354039112E-3,4.934369586E-3,-4.000955261E-3
6.221476496E1,-2.267540898E-3,1.351518370E-2,-6.034072023E-3
6.223487596E1,-3.249399131E-3,1.784618944E-2,-3.849532921E-3
6.225498596E1,-2.500858391E-3,1.597239636E-2,-4.868513905E-3
6.227509596E1,-4.276365042E-3,1.360365562E-2,-4.808275029E-3
6.229520596E1,-3.635051427E-3,6.176453084E-3,-8.820486255E-3
6.231531596E1,7.560667582E-4,5.094491411E-3,-5.675131455E-3
6.233542696E1,-3.659435897E-4,5.719598383E-3,-6.494311616E-3
6.235553696E1,8.789613494E-4,1.059248671E-2,-3.953127656E-3
6.237564696E1,1.894908026E-3,1.559958979E-2,-1.875810558E-3
6.239575696E1,1.950350124E-4,1.028566062E-2,2.116850577E-3
6.241586696E1,1.999787521E-3,4.254617263E-3,3.476129845E-3
6.243597696E1,1.809674432E-4,4.473807290E-3,-3.645244869E-4
6.245608796E1,4.986128188E-4,6.599170156E-3,-3.034551861E-3
6.247619796E1,-1.298197312E-3,6.890607066E-3,-4.691463429E-3
6.249630796E1,1.419509295E-3,1.005586702E-2,-4.750267603E-3
6.251641796E1,-6.654852186E-4,7.491935976E-3,-4.451892804E-3
6.253652796E1,1.709599164E-3,5.207632668E-3,-1.877783798E-3
6.255663796E1,-6.223853561E-4,2.132789930E-3,-1.087303972E-3
6.257674896E1,-1.596281945E-4,7.618075237E-3,-3.733105259E-3
6.259685896E1,-5.310201668E-4,6.000744645E-3,-1.605080091E-3
6.261696896E1,-2.676868811E-3,6.270320155E-3,-4.711546004E-3
6.263707896E1,-4.624102265E-3,6.023016293E-3,-4.229304846E-3
6.265718892E1,-3.174955491E-3,6.389157847E-3,-1.899358584E-3
6.267729992E1,-2.414282877E-3,4.905239213E-3,-1.888385275E-3
6.269740992E1,7.262108847E-4,2.122157486E-3,-5.138721783E-3
6.271751992E1,3.411463113E-4,5.509944633E-3,-3.225289751E-3
6.273762992E1,2.301278291E-3,3.758665873E-3,-2.118110890E-3
6.275773992E1,3.772844560E-3,4.935381468E-3,-3.802133724E-3
6.277785092E1,3.944665659E-3,6.318321452E-3,-1.976377796E-3
6.279796092E1,1.430133590E-3,7.944269106E-3,-3.136610147E-3
6.281807092E1,-1.688694349E-3,7.857449353E-3,-4.098810256E-3
6.283818092E1,-3.306953702E-3,7.804281078E-3,-5.715616047E-3
6.285829092E1,-2.204235177E-3,4.675997421E-3,-8.360123611E-4
6.287840192E1,-1.844321261E-3,2.611737698E-3,-1.696532941E-3
6.289851192E1,-4.386557266E-4,5.430069752E-3,-6.550238468E-4
6.291862192E1,-2.894671867E-3,2.847161144E-3,-2.142345998E-3
6.293873192E1,-2.787658013E-3,3.961681388E-3,1.314332243E-3
6.295884192E1,-3.850820474E-3,3.410156118E-3,2.542899922E-3
6.297895292E1,8.015066269E-4,6.095812190E-3,5.552805029E-3
6.299906292E1,-2.742178331E-4,4.890736192E-3,4.561789334E-3
6.301917292E1,3.695152001E-3,1.868799329E-3,1.927124336E-3
6.303928292E1,3.972241655E-3,6.152056158E-4,-6.378195831E-4
6.305939292E1,1.676302403E-3,-2.537700348E-3,-4.910251009E-4
6.307950392E1,2.687872620E-3,-3.522019368E-3,-8.795807953E-4
6.309961392E1,9.559434839E-4,3.435011022E-3,-3.274935298E-3
6.311972392E1,-4.093387164E-3,1.645001583E-2,-4.403528757E-3
6.313983392E1,-6.334506907E-3,1.835807599E-2,-4.335831851E-3
6.315994392E1,-9.737399407E-3,1.866958290E-2,-4.723268095E-3
6.318005492E1,-7.888170891E-3,1.044298243E-2,-4.139450379E-3
6.320016492E1,-2.850197256E-3,1.360851107E-3,-7.504354697E-3
6.322027492E1,-1.957048196E-3,-1.008509845E-2,-6.405373104E-3
6.324038492E1,1.882772660E-3,-1.195415482E-2,-1.163368113E-3
6.326049492E1,3.535794793E-3,-8.078143001E-3,3.033454763E-3
6.328060592E1,4.970949609E-3,-1.021253597E-2,2.410221146E-3
6.330071592E1,-1.339678653E-3,-1.533880644E-2,8.122649044E-3
6.332082592E1,-1.371296472E-3,-1.593828574E-2,1.070383750E-2
6.334093592E1,-7.707272889E-4,-2.299216203E-2,1.403774228E-2
6.336104592E1,1.465359004E-3,-1.759406738E-2,1.503227372E-2
6.338115692E1,4.494594177E-4,-1.990715228E-2,1.535302401E-2
6.340126692E1,4.818446934E-3,-1.878911071E-2,1.126986556E-2
6.342137692E1,1.276347972E-2,-1.904548705E-2,8.456342854E-3
6.344148692E1,1.508490741E-2,-2.146487683E-2,8.262517862E-3
6.346159692E1,1.217485219E-2,-2.259184979E-2,9.724328294E-3
6.348170792E1,1.087411214E-2,-2.105027065E-2,1.215765718E-2
6.350181792E1,1.177181676E-2,-1.913807914E-2,1.156414486E-2
6.352192792E1,9.665547870E-3,-1.628441550E-2,1.003985852E-2
6.354203792E1,6.571970414E-3,-1.626435108E-2,7.397523616E-3
6.356214792E1,6.016191095E-3,-1.364126615E-2,6.139765028E-3
6.358225892E1,1.532905037E-3,-1.200737245E-2,5.439140834E-3
6.360236892E1,5.222401582E-3,-1.263690274E-2,8.481375873E-3
6.362247892E1,1.742835855E-3,-1.459090784E-2,9.255504236E-3
6.364258892E1,-1.004044781E-3,-1.944545284E-2,7.708367426E-3
6.366269967E1,2.310308162E-3,-2.159551531E-2,6.998315454E-3
6.368281067E1,4.343777429E-3,-2.093740366E-2,5.341882352E-3
6.370292067E1,4.094165284E-3,-1.748354547E-2,4.047799390E-3
6.372303067E1,2.851192607E-3,-1.612315141E-2,2.028750954E-3
6.374314067E1,5.677341018E-3,-1.752029359E-2,3.688751487E-3
6.376325167E1,2.770332387E-3,-1.756095514E-2,1.554388087E-3
6.378336167E1,4.711363465E-3,-1.507329009E-2,-1.848972053E-3
6.380347167E1,5.074837711E-3,-1.234484091E-2,1.308578067E-3
6.382358167E1,6.563374773E-3,-1.557671838E-2,1.033377484E-4
6.384369167E1,5.126357544E-3,-1.758145913E-2,2.289899625E-3
6.386380267E1,8.052513935E-3,-2.159310505E-2,3.925029654E-3
6.388391267E1,4.723007791E-3,-2.115834504E-2,3.398467554E-3
6.390402267E1,4.361303058E-3,-1.453369111E-2,3.229462542E-3
6.392413267E1,4.247175995E-3,-1.373856328E-2,4.206576850E-3
6.394424267E1,4.381203093E-3,-1.722614467E-2,4.706665874E-3
6.396435367E1,2.504256554E-3,-1.293534972E-2,8.855284192E-3
6.398446367E1,1.918723574E-3,-1.312536560E-2,8.313704282E-3
6.400457367E1,-2.220144263E-3,-1.477403939E-2,6.741693709E-3
6.402468367E1,1.052036416E-3,-1.435539685E-2,6.358890329E-3
6.404479367E1,2.201672178E-3,-1.129368693E-2,5.298153963E-3
6.406490467E1,2.778805560E-3,-3.224003594E-3,4.453025758E-3
6.408501467E1,3.577799536E-3,4.046166316E-3,6.105625071E-3
6.410512467E1,2.799434587E-3,2.490778686E-3,2.226090757E-3
6.412523467E1,-1.552195055E-3,-6.713726558E-3,2.903986024E-4
6.414534567E1,-1.735934056E-3,-1.179507002E-2,-1.535782125E-3
6.416545567E1,3.035436152E-3,-1.897908188E-2,-5.070051993E-4
6.418556567E1,7.117310539E-3,-2.216346748E-2,4.433710710E-4
6.420567567E1,4.599461798E-3,-2.341848239E-2,6.799164228E-3
6.422578567E1,6.983428728E-3,-1.722734980E-2,1.114219334E-2
6.424589667E1,8.889643475E-3,-1.564458199E-2,1.089840848E-2
6.426600667E1,6.538364105E-3,-2.155324817E-2,1.201491151E-2
6.428611667E1,3.318141215E-3,-2.614822052E-2,7.274752483E-3
6.430622667E1,4.145560786E-3,-3.058993071E-2,5.284999032E-3
6.432633667E1,2.583086025E-3,-2.480985224E-2,1.704164315E-3
6.434644767E1,5.177101120E-3,-1.790147834E-2,5.312055349E-3
6.436655767E1,7.311186753E-3,-1.526823174E-2,6.342221983E-3
6.438666767E1,6.640602835E-3,-1.841475442E-2,8.232533932E-3
6.440677767E1,7.149220910E-3,-1.783285849E-2,5.494161975E-3
6.442688867E1,8.171437308E-3,-1.976320520E-2,3.846519627E-3
6.444699867E1,9.083036333E-3,-1.709551364E-2,4.584747832E-3
6.446710867E1,6.901038811E-3,-1.727563702E-2,6.911869161E-3
6.448721867E1,6.585983559E-3,-2.047906071E-2,5.675260909E-3
6.450732867E1,8.416691795E-3,-2.183261514E-2,2.454963047E-3
6.452743967E1,2.235420747E-3,-2.319428697E-2,2.356373705E-3
6.454754967E1,2.707283711E-3,-2.320911177E-2,2.649108879E-3
6.456765967E1,4.348204471E-3,-2.168951370E-2,5.939017050E-3
6.458776967E1,3.242990933E-3,-2.184872329E-2,5.354933906E-3
6.460788067E1,9.481189190E-4,-1.572456397E-2,3.390430473E-3
6.462799067E1,-5.777743063E-4,-1.141441520E-2,1.587893814E-3
6.464810067E1,-2.810714068E-3,-2.468634862E-3,-3.897205694E-3
6.466820983E1,-4.364622757E-3,4.958385136E-3,-5.376744550E-3
6.468831983E1,-1.809848938E-3,8.504831232E-3,-3.811239963E-3
6.470843083E1,-1.613528235E-3,1.434966922E-2,-5.848179106E-3
6.472854083E1,-2.418139484E-3,1.046403032E-2,-5.894736852E-3
6.474865083E1,-2.107565524E-5,1.078818087E-2,-5.187029950E-3
6.476876083E1,-7.652608328E-4,1.429414377E-2,-4.094493110E-3
6.478887183E1,-2.611315111E-3,1.819132641E-2,4.938128404E-4
6.480898183E1,-3.315989161E-3,1.936768740E-2,8.245275822E-4
6.482909183E1,-2.740091179E-3,1.647913456E-2,1.622407697E-3
6.484920183E1,-2.565822331E-3,1.366505958E-2,4.262738512E-4
6.486931183E1,-6.175737362E-3,8.646067232E-3,-1.978560584E-3
6.488942283E1,-5.317910109E-3,7.368682418E-3,-1.714586164E-3
6.490953283E1,-6.302261725E-3,1.024067961E-2,1.506079454E-3
6.492964283E1,-1.476976788E-3,1.413781568E-2,-1.710201614E-4
6.494975283E1,-3.526622197E-3,1.694141328E-2,-1.145621995E-3
6.496986383E1,-5.465134047E-3,2.019650862E-2,-2.006789204E-3
6.498997383E1,-4.033590201E-3,1.966059022E-2,-2.905815141E-3
6.501008383E1,-4.318813328E-3,1.039727405E-2,-3.866101149E-3
6.503019383E1,-3.994394094E-3,8.983931504E-3,-7.450602949E-3
6.505030483E1,1.267458196E-3,3.761563450E-3,-6.243665237E-3
6.507041483E1,5.968350917E-3,5.969055463E-3,-3.486922476E-3
6.509052483E1,4.650131799E-3,9.112920612E-3,-3.761384403E-3
6.511063483E1,5.093355197E-3,1.176063344E-2,-2.052115975E-3
6.513074483E1,-1.690394012E-3,5.659021903E-3,-1.546168467E-3
6.515085583E1,2.521401620E-4,-2.710405737E-3,-2.297340194E-3
6.517096583E1,-4.442940932E-3,-1.103540231E-2,-1.241548639E-2
6.519107583E1,-7.115613669E-3,-9.972849861E-3,-1.436375175E-2
6.521118583E1,-5.101952236E-3,2.413515933E-3,-1.661933959E-2
6.523129583E1,-4.666671157E-3,6.741375197E-3,-7.986223325E-3
6.525140683E1,-6.271563470E-3,8.345885202E-3,-2.291054698E-3
6.527151683E1,-1.047257986E-2,7.836110890E-3,9.816510137E-4
6.529162683E1,-1.277042646E-2,4.026947543E-3,-3.664422547E-4
6.531173683E1,-1.113517396E-2,3.371854546E-3,-7.006677333E-4
6.533184783E1,-6.789522246E-3,3.441449255E-3,-2.702887869E-3
6.535195783E1,-7.348279469E-3,5.748237949E-3,-2.518488560E-3
6.537206783E1,8.802628145E-6,9.297737852E-3,-1.247151289E-3
6.539217783E1,-2.846109681E-3,1.070664451E-2,-4.126397893E-3
6.541228783E1,-9.803444846E-4,1.107762009E-2,-7.943602977E-4
6.543239883E1,7.896642201E-4,1.244679652E-2,1.771063311E-3
6.545250883E1,2.232081257E-3,1.677167974E-2,4.581709858E-3
6.547261883E1,4.813340027E-3,2.001265436E-2,8.542895317E-3
6.549272883E1,2.894914243E-3,1.785052940E-2,9.104348719E-3
6.551283883E1,-8.250086103E-4,1.089359168E-2,1.180430874E-2
6.553294983E1,-2.372499788E-3,1.123345830E-2,9.336357005E-3
6.555305983E1,-6.028900389E-3,6.721634418E-4,6.033666432E-3
6.557316983E1,-9.393124841E-3,-2.213907428E-3,3.077928908E-3
6.559327983E1,-8.026946336E-3,-6.011446472E-3,-6.918166764E-5
6.561339083E1,-4.006275441E-3,-8.157505654E-4,-1.968175406E-3
6.563350083E1,-2.816204913E-3,5.685423501E-3,-4.627980758E-3
6.565361054E1,-6.150046363E-3,8.248580620E-3,-5.846217275E-3
6.567372054E1,-6.986426190E-3,7.776674815E-3,-4.487046506E-3
6.569383054E1,-4.638270009E-3,-4.115221091E-4,-2.899109153E-3
6.571394154E1,1.007486135E-3,-7.343775127E-3,-2.491964959E-3
6.573405154E1,-5.128370831E-4,-1.135188341E-2,-5.340376403E-3
6.575416154E1,7.084725425E-3,-6.055785809E-3,-4.523212090E-3
6.577427154E1,6.737424061E-3,-1.676305663E-3,-7.384885103E-3
6.579438154E1,5.137469154E-3,4.201071337E-3,-1.130212843E-2
6.581449254E1,-3.867532359E-5,1.884836890E-2,-1.124497689E-2
6.583460254E1,1.694585430E-3,2.008455619E-2,-1.141957380E-2
6.585471254E1,-5.362816155E-3,2.149674296E-2,-1.372491289E-2
6.587482254E1,-4.840277135E-3,1.069579367E-2,-1.448029000E-2
6.589493254E1,-9.083952755E-3,4.489611369E-3,-9.436530061E-3
6.591504354E1,-6.491244771E-3,6.090660580E-3,-1.248110924E-2
6.593515354E1,-7.346869446E-3,1.273116097E-2,-7.148714270E-3
6.595526354E1,-4.034744576E-3,1.818087883E-2,-2.455373295E-3
6.597537354E1,-5.419926718E-3,2.134147100E-2,4.382293671E-3
6.599548354E1,-3.003449645E-3,1.279863808E-2,2.156848088E-3
6.601559354E1,-3.519642167E-3,1.058124378E-2,3.329704283E-3
6.603570454E1,-1.299557509E-3,6.327904761E-3,-4.164377227E-3
6.605581454E1,-1.651281200E-4,7.561316714E-3,-5.213023163E-3
6.607592454E1,2.610714640E-3,1.206359267E-2,-7.290021516E-3
6.609603454E1,3.930499777E-3,1.240218803E-2,-5.072834902E-3
6.611614454E1,2.096382668E-3,1.273796242E-2,-4.175563343E-3
6.613625554E1,2.944091335E-3,1.024932601E-2,-4.526194651E-3
6.615636554E1,1.830336871E-3,8.964156732E-3,-4.871070851E-3
6.617647554E1,-4.189859610E-3,1.274722070E-2,-3.279512282E-3
6.619658554E1,-4.332895856E-3,1.213167794E-2,-2.413559472E-3
6.621669554E1,-6.381327752E-3,9.296525270E-3,-2.365623601E-3
6.623680554E1,-4.785710946E-3,7.005999796E-3,-2.107192529E-3
6.625691654E1,-7.914341055E-3,7.758467458E-3,-1.896802220E-3
6.627702654E1,-4.379454069E-3,7.684959564E-3,-2.001842950E-5
6.629713654E1,-4.788419232E-3,1.138182916E-2,-1.098759007E-3
6.631724654E1,-2.026547445E-3,9.514971636E-3,-1.856421120E-3
6.633735654E1,-1.190365991E-3,1.393463835E-2,-5.120624555E-4
6.635746754E1,-1.710870536E-3,1.340316795E-2,-2.438861644E-3
6.637757754E1,7.565238047E-4,1.540737599E-2,-3.519945545E-3
6.639768754E1,2.905622823E-3,1.578123495E-2,-5.368977319E-3
6.641779754E1,-1.384557574E-3,1.071464736E-2,-5.862244405E-3
6.643790754E1,-2.032627352E-3,1.015175320E-2,-6.329099648E-3
6.645801754E1,-1.001086901E-3,1.065224223E-2,-4.360595252E-3
6.647812854E1,-1.315266243E-3,1.160191838E-2,-3.623361408E-4
6.649823854E1,5.405553384E-5,1.565770805E-2,-2.660222817E-3
6.651834854E1,-5.349180661E-3,1.231449377E-2,-2.707356587E-3
6.653845854E1,-3.792274278E-3,1.160090975E-2,2.810269361E-4
6.655856854E1,-8.746527135E-3,1.388060581E-2,1.692666207E-3
6.657867854E1,-9.190402925E-3,1.645859703E-2,-1.805664040E-3
6.659878954E1,-9.326517582E-3,1.448036917E-2,1.240562648E-3
6.661889954E1,-1.493382500E-3,1.130142063E-2,-4.654520890E-4
6.663900954E1,-2.760274801E-3,8.054731414E-3,-1.922365627E-3
6.665912079E1,4.805997014E-4,2.123065991E-3,-2.810741076E-3
6.667923079E1,2.080865088E-4,4.705244210E-4,-3.055034322E-4
6.669934079E1,-6.574674044E-4,9.882131126E-4,-4.620521329E-3
6.671945179E1,-2.010181081E-3,1.600079238E-2,-8.052052930E-3
6.673956179E1,-9.054900147E-3,2.372251637E-2,-5.346074235E-3
6.675967179E1,-9.907132015E-3,2.177181840E-2,-2.758274786E-3
6.677978179E1,-1.015158556E-2,1.412490383E-2,-2.225535223E-3
6.679989179E1,-7.787403185E-3,1.508904388E-3,-4.031375982E-3
6.682000179E1,-4.323722329E-3,-6.179141812E-3,-2.898629988E-3
6.684011279E1,-1.336089917E-3,-1.094159111E-2,-1.439056476E-3
6.686022279E1,4.416849930E-3,-1.232210733E-2,-1.628633472E-4
6.688033279E1,5.450783297E-3,-1.259541884E-2,8.457837626E-3
6.690044279E1,5.488530733E-3,-1.375347003E-2,1.313227694E-2
6.692055279E1,4.148956388E-3,-1.682664454E-2,1.192015782E-2
6.694066279E1,5.371275824E-3,-1.856680214E-2,5.895823240E-3
6.696077379E1,1.393699320E-3,-1.985155419E-2,3.045388265E-3
6.698088379E1,1.578162191E-3,-2.344621718E-2,9.070874075E-4
6.700099379E1,6.561295129E-3,-1.786904410E-2,4.070649389E-3
6.702110379E1,4.959721118E-3,-1.606623083E-2,1.043800451E-2
6.704121379E1,5.892216694E-3,-1.238477696E-2,9.566621855E-3
6.706132379E1,2.864706563E-3,-1.899338700E-2,8.814059198E-3
6.708143479E1,6.297818036E-4,-1.835262962E-2,8.878507651E-3
6.710154479E1,-9.636080358E-4,-1.645532437E-2,7.366903126E-3
6.712165479E1,-1.734982478E-3,-1.585282013E-2,7.178347558E-3
6.714176479E1,-5.602845922E-4,-1.476585958E-2,3.532696282E-3
6.716187479E1,3.364440519E-3,-1.777088456E-2,6.243901327E-3
6.718198479E1,4.359639250E-3,-1.907991245E-2,2.667967696E-3
6.720209579E1,1.056039007E-3,-1.918712631E-2,5.081064068E-3
6.722220579E1,3.964450676E-3,-1.652052999E-2,4.595670849E-3
6.724231579E1,4.771048203E-3,-1.761295088E-2,5.644634366E-3
6.726242579E1,5.467997398E-3,-1.475005224E-2,3.490137169E-3
6.728253579E1,3.453848884E-3,-1.423739456E-2,3.293063259E-3
6.730264579E1,5.519734696E-3,-1.272280607E-2,3.703455208E-3
6.732275679E1,2.934120595E-3,-1.033484191E-2,5.435789004E-3
6.734286679E1,4.945218679E-4,-1.214109827E-2,4.135104828E-3
6.736297679E1,-1.402549387E-4,-1.270786207E-2,6.295141298E-3
6.738308679E1,4.661787301E-3,-1.567422040E-2,6.287789904E-3
6.740319679E1,1.900910633E-3,-2.035032213E-2,8.142998442E-3
6.742330679E1,2.878874540E-3,-1.946363971E-2,7.999459282E-3
6.744341779E1,3.471303266E-3,-1.799980924E-2,7.333875634E-3
6.746352779E1,5.304262042E-3,-1.490194630E-2,7.786562666E-3
6.748363779E1,4.156054929E-3,-1.138286013E-2,7.311034016E-3
6.750374779E1,2.912622876E-3,-9.097809903E-3,6.941596046E-3
6.752385779E1,1.486547291E-3,-1.005631872E-2,4.531858489E-3
6.754396779E1,3.002977697E-3,-1.495064609E-2,4.395669792E-3
6.756407779E1,7.742025889E-3,-2.043565735E-2,5.137203261E-3
6.758418879E1,1.097387751E-3,-2.510429546E-2,2.268705983E-3
6.760429879E1,2.051674062E-3,-4.407858476E-2,-7.049047854E-3
6.762440879E1,-1.438957639E-3,-4.742700234E-2,-2.013039403E-2
6.764451879E1,-3.186642891E-3,-3.728543594E-2,-2.968890034E-2
6.766463146E1,-1.068327576E-2,-1.039951295E-2,-2.774501406E-2
6.768474146E1,-1.389284153E-2,5.679255817E-3,-1.309991162E-2
6.770485246E1,-1.056004036E-2,7.960409857E-4,-4.067854024E-3
6.772496246E1,-4.112089053E-3,-1.005760394E-2,-2.354954835E-3
6.774507246E1,6.595886662E-4,-1.293941960E-2,-1.813279931E-3
6.776518246E1,4.066160880E-3,-1.588258147E-2,-2.197037451E-3
6.778529246E1,9.384513833E-3,-6.406852975E-3,3.774333163E-4
6.780540246E1,7.168430369E-3,-4.733489361E-3,2.680385951E-3
6.782551246E1,6.761617959E-3,-6.124973763E-3,7.970110513E-3
6.784562346E1,7.716336753E-3,-8.640415967E-3,1.387343276E-2
6.786573346E1,6.147904787E-3,-1.193994284E-2,1.396946702E-2
6.788584346E1,6.488332525E-3,-1.505404525E-2,1.286090817E-2
6.790595346E1,6.237481255E-3,-1.336161047E-2,9.420303628E-3
6.792606346E1,6.817449816E-3,-1.825506985E-2,9.206303395E-3
6.794617346E1,6.258573383E-3,-2.107566781E-2,7.384647615E-3
6.796628446E1,5.693817511E-3,-2.265623957E-2,4.826906603E-3
6.798639446E1,6.161994766E-3,-2.184006572E-2,5.412889645E-3
6.800650446E1,5.094792228E-3,-2.458364516E-2,6.086879876E-3
6.802661446E1,7.126446348E-3,-2.952146530E-2,5.051711574E-3
6.804672446E1,4.097344354E-3,-2.493804321E-2,4.051378462E-3
6.806683446E1,7.030842826E-3,-2.147404291E-2,6.492865272E-3
6.808694446E1,8.107482456E-3,-2.825092152E-2,5.769701675E-3
6.810705546E1,8.369999006E-3,-2.782140300E-2,1.038363110E-2
6.812716546E1,9.241702966E-3,-2.582232282E-2,9.088277817E-3
6.814727546E1,9.951286018E-3,-2.309090830E-2,9.576262906E-3
6.816738546E1,8.512386121E-3,-2.552815154E-2,1.106701326E-2
6.818749546E1,7.934451103E-3,-2.543809637E-2,7.757807616E-3
6.820760546E1,1.009918936E-2,-2.511909232E-2,5.127881654E-3
6.822771546E1,6.283146329E-3,-2.465517074E-2,4.831472412E-3
6.824782646E1,7.531128358E-3,-1.862169243E-2,2.664299216E-3
6.826793646E1,7.189374883E-3,-1.793098450E-2,1.415606006E-3
6.828804646E1,6.970485672E-3,-1.347962767E-2,2.314204117E-3
6.830815646E1,4.350659903E-3,-1.128703915E-2,7.934825262E-4
6.832826646E1,5.327410996E-3,-9.580090642E-3,1.956912689E-3
6.834837646E1,6.950101815E-3,-6.751257461E-3,9.259046637E-4
6.836848646E1,2.800942166E-3,3.508066293E-3,6.839190610E-4
6.838859746E1,-7.394026034E-5,5.207961891E-3,8.889824385E-4
6.840870746E1,1.436194871E-3,2.149217296E-3,1.268754480E-3
6.842881746E1,5.667958758E-4,2.114756964E-3,-2.145144856E-3
6.844892746E1,-2.340941690E-3,6.668155082E-3,-5.467071198E-3
6.846903746E1,-7.227891125E-3,1.009014621E-2,-7.024702616E-3
6.848914746E1,-6.810621358E-3,1.220552810E-2,-5.025090650E-3
6.850925746E1,-4.480644129E-3,1.821959391E-2,-1.429870026E-3
6.852936846E1,-3.289383836E-3,2.358261868E-2,-1.838964177E-3
6.854947846E1,-5.162390880E-3,2.657434531E-2,-4.906579852E-3
6.856958846E1,-9.670829400E-3,2.344222367E-2,-6.452109665E-3
6.858969846E1,-8.321577683E-3,2.229460329E-2,-7.135699969E-3
6.860980846E1,-1.190565806E-2,1.418015361E-2,-7.595033851E-3
6.862991846E1,-7.981951348E-3,1.228536852E-2,-6.690095179E-3
6.865002846E1,2.224490745E-4,1.428327337E-2,-3.436777741E-3
6.867013854E1,3.580757766E-4,1.576936990E-2,7.345278282E-4
6.869024954E1,1.187967835E-3,1.965129748E-2,-4.465731326E-4
6.871035954E1,-6.567767821E-3,1.762903109E-2,1.717865700E-3
6.873046954E1,-7.837485522E-3,1.186101977E-2,3.494457342E-4
6.875057954E1,-7.073475048E-3,1.111442968E-2,-3.788318718E-3
6.877068954E1,-3.713459242E-3,7.826288231E-3,-4.126050510E-3
6.879079954E1,-4.489358689E-4,1.239169203E-2,-1.893802779E-3
6.881090954E1,1.586152939E-5,1.067467779E-2,-2.046017675E-3
6.883101954E1,1.364291646E-3,1.301351935E-2,1.617392991E-4
6.885113054E1,-1.125184121E-3,1.086192019E-2,-2.828536672E-4
6.887124054E1,-1.502890140E-3,9.433282539E-3,-1.310768886E-3
6.889135054E1,-5.514880759E-4,8.931766264E-3,-5.219946615E-4
6.891146054E1,-1.659920323E-3,1.138871349E-2,-2.273663878E-3
6.893157054E1,-6.996147335E-3,1.022773609E-2,8.057387895E-4
6.895168054E1,-1.734802267E-3,7.477892563E-3,-7.920350763E-4
6.897179054E1,-6.306921132E-3,8.730772883E-3,-1.477921847E-3
6.899190054E1,-4.418471828E-3,1.522775739E-2,-2.011292148E-3
6.901201054E1,-2.391998656E-3,1.474651229E-2,-4.281313159E-3
6.903212154E1,-2.676788950E-3,1.241990179E-2,-3.640988376E-3
6.905223154E1,-1.554267947E-4,1.488303579E-2,3.791690106E-4
6.907234154E1,1.733957324E-4,1.473963074E-2,-4.955923068E-4
6.909245154E1,8.175959229E-4,2.031574398E-2,-3.443103516E-3
6.911256154E1,-1.104747527E-3,2.108088322E-2,-2.294540638E-3
6.913267154E1,1.712514437E-3,1.493576728E-2,-1.510610105E-3
6.915278154E1,-1.595227979E-3,1.579316519E-2,-2.310195006E-3
6.917289154E1,-6.178311072E-3,1.402012818E-2,-2.795373090E-3
6.919300254E1,-2.653982025E-3,1.004928257E-2,-6.714017363E-4
6.921311254E1,-2.111492213E-3,3.187779803E-3,-3.652685322E-3
6.923322254E1,-2.956468146E-3,7.510257419E-4,-2.361227758E-3
6.925333254E1,-4.096761812E-3,1.593438210E-3,-4.939171486E-3
6.927344254E1,-2.020293148E-3,5.583585706E-3,-4.301814828E-3
6.929355254E1,1.928654383E-4,1.077680476E-2,-6.022487767E-3
6.931366254E1,-1.141161076E-3,2.256298624E-2,-8.712762035E-3
6.933377254E1,-2.934361808E-3,2.644167468E-2,-6.605977193E-3
6.935388354E1,-5.206357688E-3,2.673804387E-2,-6.349588744E-3
6.937399354E1,-7.140924688E-3,2.083464898E-2,-7.290638052E-3
6.939410354E1,-1.053083595E-2,1.672434621E-2,-9.657752700E-3
6.941421354E1,-6.780742668E-3,6.178899202E-3,-9.309040383E-3
6.943432354E1,-3.516676137E-3,6.846692879E-3,-5.448950920E-3
6.945443354E1,7.726130425E-4,1.008582860E-2,-2.533525694E-3
6.947454354E1,-1.068581711E-3,1.227349974E-2,1.730756368E-3
6.949465354E1,6.340775290E-4,1.455158088E-2,4.698542412E-3
6.951476354E1,-1.366394805E-3,1.003346313E-2,2.011722885E-3
6.953487454E1,-2.705432475E-3,3.306052182E-3,-1.414700178E-3
6.955498454E1,-1.795597957E-3,4.859283101E-3,-3.784482367E-3
6.957509454E1,-3.256606404E-3,5.750311539E-3,-4.045677371E-3
6.959520454E1,1.974540763E-3,8.965269662E-3,-3.611536231E-4
6.961531454E1,3.061135067E-3,8.376264013E-3,-1.128036412E-3
6.963542454E1,1.252582297E-3,3.991901875E-3,2.033934696E-3
6.965553092E1,4.205391742E-4,3.400627058E-3,8.826534613E-4
6.967564192E1,-1.435880840E-4,7.225606125E-3,-1.457933569E-3
6.969575192E1,-2.301645698E-3,8.536340669E-3,-8.258650778E-4
6.971586192E1,-1.686820178E-3,5.246197805E-3,-8.297591121E-4
6.973597192E1,-1.424185466E-3,5.354555789E-3,-2.554799430E-3
6.975608192E1,-2.301115077E-3,3.033781657E-3,-2.139397198E-3
6.977619192E1,-4.242145922E-3,5.173875950E-3,-1.589872059E-3
6.979630192E1,-1.499141217E-3,4.264299758E-3,-3.677578643E-4
6.981641192E1,-1.077587251E-3,7.258406840E-3,-2.901064232E-3
6.983652292E1,1.333907014E-3,7.506550290E-3,-3.765199566E-3
6.985663292E1,4.211741500E-3,6.783383898E-3,-2.985645318E-3
6.987674292E1,1.535774558E-3,7.258609869E-3,-3.712469013E-3
6.989685292E1,-2.589586657E-3,8.900615387E-3,-3.187093185E-3
6.991696292E1,-7.979063084E-4,1.240540296E-2,9.801757988E-4
6.993707292E1,-4.394988529E-3,1.315418817E-2,-2.879061503E-3
6.995718292E1,-2.437760122E-3,7.897960022E-3,-1.924321637E-3
6.997729392E1,2.024630550E-3,7.637830451E-3,-3.087116871E-3
6.999740392E1,-4.158985335E-3,5.049357191E-3,-6.257126108E-3
7.001751392E1,-1.371770399E-3,2.737029456E-3,-4.449321423E-3
7.003762392E1,-1.297191775E-4,3.600459546E-3,-3.936552443E-3
7.005773392E1,1.930041239E-3,1.062486507E-2,-7.164039649E-3
7.007784392E1,-3.030335996E-3,1.928575337E-2,-8.752181195E-3
7.009795392E1,-3.870055079E-3,3.285234421E-2,-8.111532778E-3
7.011806492E1,-9.547552094E-3,3.329989314E-2,-1.002570800E-2
7.013817492E1,-9.590746835E-3,2.524505183E-2,-5.967325997E-3
7.015828492E1,-9.318448603E-3,1.782964356E-2,-7.528731599E-3
7.017839492E1,-6.408436690E-3,7.216595579E-3,-5.904310849E-3
7.019850492E1,2.865780261E-4,7.529714610E-3,-3.650964471E-3
7.021861492E1,1.218033023E-3,9.085249156E-3,-1.420986955E-3
7.023872492E1,1.020303462E-3,1.435335260E-2,6.757144583E-4
7.025883592E1,-1.978077693E-3,1.163671166E-2,3.693339881E-3
7.027894592E1,1.357715228E-4,9.371506050E-3,-8.967209142E-4
7.029905592E1,-3.321181517E-3,1.457918808E-2,-4.568049684E-3
7.031916592E1,-5.008922890E-3,1.678521372E-2,-1.025000867E-2
7.033927592E1,-8.808990009E-3,2.057734691E-2,-6.591150071E-3
7.035938592E1,-6.977241021E-3,2.131134272E-2,-2.167740138E-3
7.037949692E1,-7.553768344E-3,1.760551892E-2,-7.993180770E-5
7.039960692E1,-7.186688017E-3,2.137615904E-2,3.877897281E-3
7.041971692E1,-7.419231348E-3,1.708004065E-2,1.497881953E-3
7.043982692E1,-7.579021156E-3,1.286931708E-2,1.127702417E-3
7.045993692E1,-5.739573855E-3,1.019171625E-2,-5.628104554E-5
7.048004692E1,-1.366179669E-3,9.348653257E-3,2.602137625E-3
7.050015692E1,-6.341239205E-4,7.743867114E-3,3.114906140E-3
7.052026792E1,-4.910915159E-4,1.361804781E-3,1.298888354E-3
7.054037792E1,7.436727756E-4,-3.035441041E-3,3.811584320E-3
7.056048792E1,1.216650242E-3,-4.936138634E-3,3.768441267E-3
7.058059792E1,1.070073340E-4,-6.742956582E-3,4.532607272E-3
7.060070792E1,2.670275280E-3,-6.775001064E-3,3.244861728E-3
7.062081792E1,6.986361928E-3,-6.444845349E-4,9.295667522E-3
7.064092892E1,7.150994614E-3,-1.519159414E-3,1.009456348E-2
7.066103871E1,6.664074492E-3,-4.535384476E-3,8.577579632E-3
7.068114871E1,7.531560026E-3,-9.528350085E-3,6.206615362E-3
7.070125871E1,5.113676190E-3,-9.717168286E-3,5.508600734E-3
7.072136871E1,5.187710281E-3,-1.203938946E-2,5.112798885E-3
7.074147871E1,7.635011338E-3,-1.858207583E-2,7.080877200E-3
7.076158971E1,7.579328958E-3,-2.656717598E-2,7.606269326E-3
7.078169971E1,2.310023410E-3,-3.228383139E-2,4.906197544E-3
7.080180971E1,3.357538953E-3,-4.075568169E-2,7.231984288E-3
7.082191971E1,5.368180107E-3,-3.575162590E-2,5.812153220E-3
7.084202971E1,7.198423147E-3,-2.221902460E-2,1.265227096E-3
7.086213971E1,3.633714514E-3,-8.819499984E-3,9.023576276E-4
7.088225071E1,1.917547081E-3,-3.437010571E-3,3.086249111E-3
7.090236071E1,3.032174427E-3,-3.763585351E-3,4.056219943E-3
7.092247071E1,4.174211528E-3,-4.422991537E-3,6.204647478E-3
7.094258071E1,9.239105508E-3,-9.132863954E-3,8.847083896E-3
7.096269071E1,1.161813363E-2,-1.506369468E-2,1.134023350E-2
7.098280071E1,1.021302305E-2,-1.672979817E-2,5.293362308E-3
7.100291171E1,6.381656509E-3,-1.604573056E-2,3.457914805E-3
7.102302171E1,5.980295595E-3,-1.580113173E-2,7.696818560E-3
7.104313171E1,2.076363657E-3,-1.450965088E-2,9.270100854E-3
7.106324171E1,-6.357236998E-4,-1.951618865E-2,7.582567167E-3
7.108335171E1,-1.242172671E-3,-1.994359121E-2,5.011128262E-3
7.110346171E1,-4.943845794E-3,-2.114205807E-2,1.404887997E-3
7.112357271E1,-1.266190317E-3,-1.970914006E-2,2.589034615E-3
7.114368271E1,-8.774896851E-4,-1.802384853E-2,2.637291327E-3
7.116379271E1,2.332463628E-3,-2.020602301E-2,3.731152276E-3
7.118390271E1,5.490829237E-3,-1.706518978E-2,5.580720492E-3
7.120401271E1,2.507652156E-3,-1.938067004E-2,5.108913872E-3
7.122412371E1,4.528260790E-3,-1.655836403E-2,3.649656428E-3
7.124423371E1,4.892924801E-3,-1.244335901E-2,5.571824964E-3
7.126434371E1,6.225427613E-3,-1.517453231E-2,5.792871118E-3
7.128445371E1,6.140036043E-3,-1.548651792E-2,4.590825178E-3
7.130456371E1,3.912250511E-3,-1.353107486E-2,6.694983691E-3
7.132467371E1,5.516078323E-3,-1.044255868E-2,7.944271900E-3
7.134478471E1,1.186333364E-3,-1.409867220E-2,5.845219828E-3
7.136489471E1,2.096087555E-4,-1.468333229E-2,3.310691332E-3
7.138500471E1,3.886939958E-4,-1.207001507E-2,5.604417995E-3
7.140511471E1,3.405983793E-3,-9.644191712E-3,5.336505361E-3
7.142522471E1,4.628809169E-3,-1.152765937E-2,5.828762427E-3
7.144533571E1,1.752593205E-3,-1.350660250E-2,3.285655752E-3
7.146544571E1,3.122632625E-4,-7.894767448E-3,4.498197697E-3
7.148555571E1,3.337538801E-3,-7.604422048E-3,3.186746500E-3
7.150566571E1,-2.464227146E-4,-4.850224592E-3,4.687384702E-3
7.152577571E1,2.681358485E-3,-1.515434496E-2,4.423571285E-3
7.154588671E1,3.367339727E-3,-1.934367232E-2,2.692835871E-3
7.156599671E1,3.127028001E-3,-2.338733710E-2,-5.765130627E-4
7.158610671E1,1.486494206E-3,-2.251864783E-2,1.137070358E-3
7.160621671E1,5.948476959E-3,-1.387785282E-2,3.903296310E-3
7.162632671E1,5.948573351E-3,-7.474145852E-3,4.630978219E-3
7.164643671E1,1.638874412E-3,-9.718528017E-4,4.295206629E-3
7.166654779E1,-2.694037743E-3,-5.813888274E-3,2.860029694E-3
7.168665779E1,-2.872373210E-3,-1.110358909E-2,6.055036210E-4
7.170676779E1,-1.822090358E-3,-1.571927220E-2,-3.455971135E-3
7.172687779E1,2.902328968E-3,-2.705046535E-2,-4.752882756E-3
7.174698779E1,9.081105702E-3,-3.261048719E-2,7.857207675E-5
7.176709879E1,1.173143089E-2,-3.200256079E-2,2.336611738E-3
7.178720879E1,1.357961725E-2,-2.548709512E-2,7.649458013E-3
7.180731879E1,8.515035734E-3,-2.675813250E-2,7.272407413E-3
7.182742879E1,1.151455566E-2,-2.751505002E-2,1.027464308E-2
7.184753879E1,8.735039271E-3,-3.536037356E-2,3.966253251E-3
7.186764979E1,1.048848871E-2,-3.840321302E-2,4.963980056E-3
7.188775979E1,6.898449734E-3,-2.901858278E-2,5.306835286E-3
7.190786979E1,6.442274433E-3,-1.911899261E-2,7.823362015E-3
7.192797979E1,9.274786338E-3,-9.664276615E-3,6.340354681E-3
7.194809079E1,1.061438303E-2,-1.073429547E-2,3.188130446E-3
7.196820079E1,8.101687767E-3,-9.360056370E-3,-2.656229306E-3
7.198831079E1,2.226684941E-3,-5.374199711E-3,-6.535336375E-3
7.200842079E1,-7.503683446E-4,7.601971738E-3,-8.318577893E-4
7.202853079E1,-5.079455674E-3,1.054129563E-2,-2.360139275E-3
7.204864179E1,-4.544018768E-3,4.867041018E-3,-3.659814131E-3
7.206875179E1,-4.464584403E-3,4.071866628E-3,-4.729072563E-3
7.208886179E1,-6.045410410E-3,6.319349632E-3,-2.472684253E-3
7.210897179E1,-2.300569788E-3,6.545316894E-3,-1.424837275E-3
7.212908179E1,2.460435033E-3,8.635679260E-3,-2.054408193E-3
7.214919279E1,1.145364484E-3,6.979505531E-3,-3.286704421E-3
7.216930279E1,-9.021701408E-4,9.586872533E-3,-3.130484140E-3
7.218941279E1,-2.361435443E-3,1.163883507E-2,-5.244928412E-3
7.220952279E1,-5.312971305E-3,9.757315740E-3,-3.709773533E-3
7.222963379E1,-6.096811034E-3,1.402978040E-2,-1.749688061E-3
7.224974379E1,-4.752857611E-3,2.033312432E-2,-2.871146426E-3
7.226985379E1,-7.126459852E-3,2.007186785E-2,-1.273463247E-3
7.228996379E1,-2.010043478E-3,1.388543472E-2,-5.825817585E-3
7.231007379E1,6.596564781E-4,1.290405355E-2,-5.686427467E-3
7.233018479E1,-3.796516452E-3,9.077806957E-3,-5.981185939E-3
7.235029479E1,-4.081110470E-3,8.213164285E-3,-3.612410976E-3
7.237040479E1,6.962834741E-4,1.334122010E-2,-3.642769996E-3
7.239051479E1,1.422269852E-4,1.905209944E-2,-7.608377375E-3
7.241062479E1,-2.232222818E-3,2.553884685E-2,-4.364807624E-3
7.243073579E1,-7.907805964E-3,2.902203985E-2,-4.753309302E-3
7.245084579E1,-1.137841120E-2,2.786226943E-2,-6.030667108E-3
7.247095579E1,-1.625715755E-2,2.134685963E-2,-8.510601707E-3
7.249106579E1,-9.934811853E-3,1.425348222E-2,-9.199510328E-3
7.251117679E1,-4.938770551E-3,9.212741628E-3,-8.790660650E-3
7.253128679E1,3.761035623E-5,1.535350457E-2,-4.335244186E-3
7.255139679E1,5.287479726E-4,2.276814170E-2,-4.046559334E-3
7.257150679E1,-4.253563937E-3,1.996436715E-2,3.937012050E-3
7.259161679E1,-4.589148331E-3,1.971585304E-2,4.940866493E-3
7.261172779E1,-5.797855556E-3,1.194740180E-2,3.829526715E-3
7.263183779E1,-4.820575472E-3,8.936661296E-3,-3.612356726E-3
7.265194779E1,-4.537262488E-3,7.369167637E-3,-3.105451353E-3
7.267205842E1,-2.412641654E-3,1.143696904E-2,-2.990615554E-3
7.269216942E1,-2.710526809E-3,1.233862340E-2,-3.100072267E-3
7.271227942E1,-2.601776738E-3,8.096967824E-3,-1.431608107E-4
7.273238942E1,-2.607099712E-3,1.111903042E-2,5.975672393E-4
7.275249942E1,-3.126125084E-3,9.512166493E-3,-2.017550403E-3
7.277260942E1,-7.901720237E-4,1.223010477E-2,-5.642591044E-3
7.279272042E1,-4.127985332E-3,1.134300604E-2,-3.373097163E-3
7.281283042E1,-4.272255115E-3,5.977002438E-3,-3.596750554E-3
7.283294042E1,-1.880037133E-3,6.969750393E-4,-2.988995984E-4
7.285305042E1,-5.541130435E-3,2.002989408E-3,-5.528104375E-4
7.287316142E1,-3.208687995E-3,6.727437023E-3,-2.029155381E-3
7.289327142E1,-4.566536285E-3,7.727543823E-3,-3.041798249E-3
7.291338142E1,-2.351995092E-3,5.416363012E-3,-2.193584107E-3
7.293349142E1,-2.828385681E-3,1.087681949E-2,-6.751033943E-4
7.295360142E1,-1.347184414E-3,7.072316483E-3,-1.392771490E-3
7.297371242E1,-2.120543504E-3,1.078942418E-2,-2.809783909E-3
7.299382242E1,-2.716557356E-3,1.240059175E-2,-3.748497460E-3
7.301393242E1,-2.508445177E-3,1.175291184E-2,-5.542240106E-3
7.303404242E1,-3.767948831E-3,1.262944564E-2,-6.294639315E-3
7.305415342E1,-4.744023085E-3,9.256241843E-3,-4.242032301E-3
7.307426342E1,-4.615844227E-5,6.816431880E-3,-6.487930194E-3
7.309437342E1,4.868839751E-4,4.563587718E-4,-3.435145598E-3
7.311448342E1,-4.634985817E-4,-2.105292398E-3,-2.609090880E-3
7.313459342E1,5.468557938E-4,2.804600634E-3,-6.107631605E-3
7.315470442E1,1.407662872E-3,1.418481953E-2,-6.505189463E-3
7.317481442E1,-4.714267794E-3,2.109608054E-2,-5.138453562E-3
7.319492442E1,-7.884570397E-3,2.789757028E-2,-5.578242708E-3
7.321503442E1,-8.350186050E-3,2.431224473E-2,-5.510389805E-3
7.323514542E1,-8.878169581E-3,2.480036020E-2,-8.086518385E-3
7.325525542E1,-1.017936505E-2,1.756756753E-2,-9.309069254E-3
7.327536542E1,-4.483033437E-3,7.173117250E-3,-6.773899309E-3
7.329547542E1,-1.754285302E-3,8.059417829E-3,-1.992408186E-3
7.331558642E1,-7.332768291E-4,8.113523014E-3,-8.820309886E-4
7.333569642E1,-3.849636065E-3,1.759655215E-2,2.398451557E-3
7.335580642E1,-4.921197426E-3,1.415672433E-2,3.493068041E-3
7.337591642E1,-4.411804955E-3,9.418338537E-3,2.381247468E-3
7.339602642E1,-2.573451027E-3,5.823027808E-3,-1.747075352E-3
7.341613742E1,-1.295398222E-3,9.109323844E-3,-3.077806439E-3
7.343624742E1,6.800856208E-4,8.329107426E-3,-4.742461897E-4
7.345635742E1,-3.941128030E-3,9.199827909E-3,-1.385953394E-3
7.347646742E1,-1.743051107E-3,9.284116328E-3,-1.449177274E-3
7.349657842E1,-4.728652071E-3,7.951068692E-3,-1.741535962E-4
7.351668842E1,-3.841479775E-3,9.466409683E-3,-3.280338424E-4
7.353679842E1,-4.942574538E-3,6.244163029E-3,-3.180016298E-3
7.355690842E1,-1.971479971E-3,1.281901915E-2,-1.534713898E-3
7.357701942E1,-1.824447419E-3,1.404278539E-2,-4.546592943E-3
7.359712942E1,-3.617483657E-3,1.137704961E-2,-4.362350795E-3
7.361723942E1,-2.663635649E-3,1.051884703E-2,-3.806123976E-3
7.363734942E1,-1.705525792E-4,1.024569571E-2,-4.248051438E-3
7.365745879E1,9.049773798E-4,7.692567073E-3,4.649978946E-4
7.367756979E1,-2.155453665E-3,8.023064584E-3,-6.888979697E-4
7.369767979E1,-1.882432494E-3,8.711714298E-3,-3.353350330E-4
7.371778979E1,-8.402083768E-5,8.759468794E-3,-1.553467941E-3
7.373789979E1,1.656300970E-3,6.714119110E-3,-3.152261022E-3
7.375801079E1,-6.705978303E-4,6.277985405E-3,-2.000235952E-3
7.377812079E1,1.555343624E-5,6.938937586E-3,-2.465543337E-3
7.379823079E1,-2.032902557E-3,7.534640841E-3,-3.887508996E-3
7.381834079E1,-2.017936669E-3,7.976014167E-3,-6.426519714E-3
7.383845079E1,2.058256650E-4,4.739343189E-3,-1.280439086E-3
7.385856179E1,2.969820984E-3,-7.156548090E-4,-5.587510765E-3
7.387867179E1,2.335006138E-5,-2.097701188E-3,-5.992582068E-3
7.389878179E1,-1.551767346E-3,-1.498359721E-3,-7.754042745E-3
7.391889179E1,-7.590637542E-4,1.029782230E-3,-7.315052208E-3
7.393900279E1,1.420879038E-3,7.869090885E-3,-9.614904411E-3
7.395911279E1,-1.578395721E-3,1.965371147E-2,-1.103895344E-2
7.397922279E1,-9.483600035E-3,3.242906928E-2,-1.108715776E-2
7.399933279E1,-1.344450004E-2,4.099961370E-2,-1.233196352E-2
7.401944379E1,-1.673805341E-2,4.245618731E-2,-9.742579423E-3
7.403955379E1,-1.381215733E-2,3.468853980E-2,-6.095008925E-3
7.405966379E1,-1.473048702E-2,2.438232675E-2,-5.591938738E-3
7.407977379E1,-8.177393116E-3,1.185561996E-2,-3.924106248E-3
7.409988379E1,-4.641973414E-3,1.328520291E-2,9.276932687E-4
7.411999479E1,-6.133538671E-3,1.679875702E-2,-4.070823488E-4
7.414010479E1,-6.361867767E-3,1.461296715E-2,4.701552913E-3
7.416021479E1,-5.096962675E-3,1.321360841E-2,7.672468200E-3
7.418032479E1,-4.205749370E-3,7.048659492E-3,6.575673819E-3
7.420043579E1,-3.829516936E-3,6.099463440E-3,3.011031775E-3
7.422054579E1,2.893770579E-4,5.672203377E-3,1.793380594E-3
7.424065579E1,1.579835080E-4,6.070568692E-3,1.947102835E-3
7.426076579E1,1.627032179E-3,7.094199769E-3,2.369425492E-3
7.428087579E1,-5.223175511E-3,8.076550439E-3,1.495270291E-3
7.430098679E1,-3.757490776E-3,7.454968058E-3,3.493277356E-3
7.432109679E1,-4.918916151E-3,6.876611151E-3,4.064523615E-3
7.434120679E1,-3.081772942E-3,4.085002933E-3,2.658961108E-3
7.436131679E1,-1.651242026E-3,-1.467425842E-3,4.304633942E-3
7.438142779E1,-1.735520491E-4,-1.614784356E-3,3.114574356E-3
7.440153779E1,-2.742212964E-4,-2.949247137E-3,1.719558728E-3
7.442164779E1,3.014346352E-3,-4.270840436E-3,2.007021103E-3
7.444175779E1,3.735677339E-3,-6.431465503E-3,3.365870332E-3
7.446186779E1,3.879708936E-3,-8.422453888E-3,4.531695973E-3
7.448197879E1,4.016933497E-3,-9.962778538E-3,7.101646159E-3
7.450208879E1,5.486679729E-3,-7.995315827E-3,3.033616580E-3
7.452219879E1,3.534533549E-3,-9.910039604E-3,6.830273662E-3
7.454230879E1,1.827522647E-3,-9.926332161E-3,4.431934096E-3
7.456241979E1,4.926025867E-4,-1.230116561E-2,2.824981930E-3
7.458252979E1,3.291243222E-3,-6.563866977E-3,2.880270593E-3
7.460263979E1,2.565747593E-3,-6.635638885E-3,-4.180504766E-4
7.462274979E1,9.328231681E-4,-1.669560093E-3,4.723453894E-4
7.464285979E1,1.962081064E-3,1.812750474E-3,-1.007672516E-3
7.466297167E1,1.029035076E-3,-1.054855995E-3,3.000750439E-3
7.468308167E1,5.480190739E-4,-7.287893910E-3,5.013088696E-3
7.470319167E1,2.832985017E-3,-1.435596496E-2,3.884283360E-3
7.472330167E1,4.891708493E-3,-2.021461353E-2,3.729764139E-3
7.474341267E1,9.396927431E-3,-2.421001717E-2,3.626435064E-3
7.476352267E1,1.015694626E-2,-2.691175044E-2,2.606816357E-3
7.478363267E1,1.050037146E-2,-1.923350245E-2,-9.210715070E-4
7.480374267E1,1.135091204E-2,-2.172491048E-3,-1.524861669E-3
7.482385267E1,3.681375179E-3,1.086660288E-2,-6.513487315E-4
7.484396367E1,7.627891609E-4,1.124264859E-2,-2.211106708E-3
7.486407367E1,-5.638506846E-4,6.429515779E-3,-6.895381375E-4
7.488418367E1,-2.595216734E-3,2.049639123E-3,-1.185679343E-3
7.490429367E1,-2.713629510E-3,-4.429209977E-3,-9.956386639E-4
7.492440467E1,4.242209252E-3,-7.127303630E-3,2.784983488E-3
7.494451467E1,7.789709605E-3,-5.970559083E-3,5.000892561E-3
7.496462467E1,5.342555232E-3,-3.868970089E-3,5.934703164E-3
7.498473467E1,3.024079138E-3,-9.625880979E-3,1.023118198E-2
7.500484467E1,5.305101164E-3,-1.148494519E-2,8.931932040E-3
7.502495567E1,3.565717023E-3,-1.346953120E-2,9.273297153E-3
7.504506567E1,8.564850432E-4,-1.775646769E-2,5.869295448E-3
7.506517567E1,3.157041036E-3,-1.601391658E-2,4.300540313E-3
7.508528567E1,6.045578979E-3,-1.213662047E-2,4.543737508E-3
7.510539667E1,4.044528585E-3,-1.174149476E-2,3.062166739E-3
7.512550667E1,5.199009087E-3,-1.106212288E-2,3.668835154E-3
7.514561667E1,5.545996595E-3,-8.025187999E-3,1.918017399E-3
7.516572667E1,3.886941820E-3,-8.865237236E-3,1.658682479E-3
7.518583767E1,4.128030036E-3,-7.955724373E-3,1.363872318E-3
7.520594767E1,3.519908991E-3,-9.830012918E-3,2.469137078E-3
7.522605767E1,1.611074666E-3,-1.226654276E-2,2.616575221E-3
7.524616767E1,4.376166034E-3,-1.250475738E-2,1.192679396E-3
7.526627767E1,3.498699982E-3,-1.163257472E-2,1.348320511E-3
7.528638867E1,5.105094519E-3,-1.416532882E-2,1.702947775E-3
7.530649867E1,3.775723046E-3,-1.398596819E-2,1.169454423E-3
7.532660867E1,9.025069303E-4,-1.248300821E-2,2.720377408E-3
7.534671867E1,6.961899344E-3,-1.466822252E-2,3.036337439E-3
7.536682967E1,7.118687499E-3,-9.986694902E-3,1.992642879E-3
7.538693967E1,5.882448517E-3,-9.046864696E-3,-1.135772327E-3
7.540704967E1,7.459355053E-3,-9.408343583E-3,1.744914334E-3
7.542715967E1,7.129146252E-3,-1.201571338E-2,-1.204746542E-3
7.544727067E1,7.349970751E-3,-8.722802624E-3,1.048499369E-3
7.546738067E1,7.282303646E-3,-1.416696981E-2,8.572285296E-4
7.548749067E1,6.312620826E-3,-1.202796400E-2,1.981193200E-3
7.550760067E1,3.348476486E-3,-1.101862453E-2,2.853000071E-3
7.552771167E1,5.293551367E-3,-1.100619603E-2,2.318878658E-3
7.554782167E1,4.760215525E-3,-1.588226855E-2,6.400803686E-4
7.556793167E1,1.037106104E-2,-1.815571822E-2,5.739240441E-4
7.558804167E1,5.526411813E-3,-1.568719372E-2,-1.396287931E-3
7.560815167E1,5.862015765E-3,-2.374591678E-2,-3.231362440E-3
7.562826267E1,8.799725212E-3,-2.161418833E-2,-1.460149419E-3
7.564837267E1,1.128723659E-2,-1.486813650E-2,-1.165441005E-3
7.566848142E1,1.283758413E-2,-8.107479662E-3,4.846007214E-4
7.568859142E1,6.348065101E-3,-7.610490080E-3,1.319769770E-3
7.570870242E1,2.181674121E-3,-7.924610749E-3,7.079489296E-5
7.572881242E1,-1.929112826E-3,-1.410594024E-2,-7.399697206E-4
7.574892242E1,-5.733204889E-4,-1.773143187E-2,-5.933989771E-3
7.576903242E1,4.197417293E-3,-1.868262514E-2,-2.411371795E-3
7.578914342E1,2.971397480E-3,-1.675951295E-2,-2.129668137E-3
7.580925342E1,5.744134076E-3,-7.762555964E-3,3.389363643E-3
7.582936342E1,5.121921655E-3,3.685485339E-3,6.335461512E-3
7.584947342E1,4.579519155E-4,3.719662782E-3,4.106767476E-3
7.586958442E1,-3.400726710E-3,2.195180394E-3,1.097023604E-3
7.588969442E1,-3.370268736E-3,5.396123044E-3,-9.246912086E-4
7.590980442E1,-4.381302744E-3,5.861287937E-3,-8.452197071E-4
7.592991442E1,-6.441110745E-3,4.085493274E-3,-5.607381929E-3
7.595002542E1,-5.276789307E-4,7.301209960E-3,-8.305795491E-4
7.597013542E1,-1.482015476E-3,1.144101098E-2,-3.207018599E-3
7.599024542E1,-7.785048219E-4,1.172477007E-2,-2.420960926E-3
7.601035542E1,-2.774661407E-3,9.288197383E-3,-2.364879474E-3
7.603046542E1,-2.516580047E-3,8.236163296E-3,-2.016267972E-3
7.605057642E1,-1.954677515E-3,7.333795074E-3,-9.820021223E-4
7.607068642E1,-3.912876826E-3,5.096871406E-3,-7.824746426E-4
7.609079642E1,-3.572255373E-3,4.620610271E-3,-2.513962332E-3
7.611090642E1,-3.451276105E-3,7.046795450E-3,-9.608056862E-4
7.613101742E1,-5.851435941E-3,8.457735181E-3,-1.498925849E-3
7.615112742E1,-5.068032071E-3,1.063851081E-2,-8.218428120E-4
7.617123742E1,-4.980315920E-3,9.319534525E-3,-2.031025477E-3
7.619134742E1,-6.698105484E-3,7.701799739E-3,-1.266961684E-3
7.621145742E1,-6.137752440E-3,7.840905339E-3,-1.143285073E-3
7.623156842E1,-2.412282163E-3,1.022651978E-2,-1.671279315E-3
7.625167842E1,-1.683979528E-3,9.629661217E-3,-5.191976670E-4
7.627178842E1,-1.712666592E-3,1.046930999E-2,-3.301566001E-3
7.629189842E1,-2.223609481E-3,9.365741163E-3,-3.144326620E-3
7.631200942E1,-8.850279264E-4,1.142986678E-2,-2.658146899E-3
7.633211942E1,-5.037407391E-3,1.324392669E-2,-1.774082775E-4
7.635222942E1,-3.452754579E-3,7.426029071E-3,-1.992084552E-3
7.637233942E1,-1.296053408E-3,9.509153664E-3,-2.638116246E-3
7.639244942E1,-2.229028847E-3,7.276801392E-3,-5.592843518E-3
7.641256042E1,-3.637771006E-4,5.513746291E-3,-4.496577196E-3
7.643267042E1,9.077108698E-4,5.708066747E-3,-5.951137748E-3
7.645278042E1,1.460344531E-3,1.195903867E-2,-7.564540952E-3
7.647289042E1,-1.100479392E-3,1.859568059E-2,-4.306695424E-3
7.649300142E1,-7.464973722E-3,2.459067851E-2,-5.211371928E-3
7.651311142E1,-8.447289467E-3,2.373646013E-2,-6.824662443E-3
7.653322142E1,-1.133464184E-2,1.823965460E-2,-8.758490905E-3
7.655333142E1,-1.195886079E-2,1.315257233E-2,-7.790591568E-3
7.657344142E1,-7.121352479E-3,6.970670074E-3,-9.415918030E-3
7.659355242E1,-8.350281045E-3,6.050284021E-3,-4.859087523E-3
7.661366242E1,-3.638252849E-3,1.407873817E-2,-3.123613773E-3
7.663377242E1,-2.092843410E-3,1.419977471E-2,1.238590106E-3
7.665388242E1,-1.728768228E-3,1.297836564E-2,3.828250803E-3
7.667399246E1,-4.084207583E-3,7.086730562E-3,-9.879719000E-4
7.669410346E1,-4.064841196E-4,1.045777183E-2,-6.343021523E-4
7.671421346E1,-4.342075437E-3,1.018905081E-2,-5.188363139E-3
7.673432346E1,-1.058569644E-3,8.072554134E-3,-2.422882710E-3
7.675443346E1,-2.133347793E-3,1.012691483E-2,-2.060640370E-3
7.677454446E1,9.327513399E-4,8.360123262E-3,-2.027829876E-3
7.679465446E1,2.992835362E-4,9.208955802E-3,-2.609836636E-3
7.681476446E1,-1.236903248E-3,1.040237304E-2,-3.151897341E-3
7.683487446E1,-4.889648408E-4,1.182733662E-2,-3.137515858E-3
7.685498446E1,-3.409536323E-3,1.048915274E-2,-6.198445801E-3
7.687509546E1,-5.814515986E-3,9.393483400E-3,-4.704465158E-3
7.689520546E1,-3.046740312E-3,4.412615672E-3,-3.790362971E-3
7.691531546E1,-1.932840387E-4,4.534100648E-3,-3.327185987E-3
7.693542546E1,-5.247692112E-3,3.927011043E-3,-4.450611304E-3
7.695553546E1,-3.334746929E-3,7.830245420E-3,-2.420326928E-3
7.697564646E1,-5.261351354E-3,1.018448267E-2,-3.166065319E-3
7.699575646E1,-2.979120472E-3,1.483374275E-2,-1.575251808E-3
7.701586646E1,-3.592979163E-3,8.863735944E-3,-6.471402012E-4
7.703597646E1,-3.312357876E-4,9.134978056E-3,-1.312504523E-3
7.705608646E1,2.665647538E-3,7.966900244E-3,-1.884370577E-4
7.707619746E1,1.313122571E-3,8.803321049E-3,-2.927446039E-3
7.709630746E1,5.855644122E-5,6.540608127E-3,-2.288074233E-3
7.711641746E1,-8.648351068E-4,1.003734209E-2,-4.242088646E-3
7.713652746E1,-2.966139000E-3,8.333884180E-3,-2.258778550E-3
7.715663746E1,-3.618711838E-3,9.467509575E-3,-1.984100789E-3
7.717674846E1,-2.314635552E-3,5.595543422E-3,2.017682418E-4
7.719685846E1,6.228679558E-5,2.715990413E-3,-4.997071228E-4
7.721696846E1,-1.006779727E-3,5.697531160E-4,-4.097159021E-3
7.723707846E1,5.855733179E-4,-7.853549905E-4,-1.741094165E-4
7.725718846E1,2.564783674E-3,5.372548942E-3,-2.804514486E-3
7.727729846E1,9.194355225E-4,9.542834014E-3,-9.375224821E-3
7.729740946E1,-3.906816710E-3,1.834133640E-2,-5.543202162E-3
7.731751946E1,-6.790604442E-3,2.381912619E-2,-6.275139749E-3
7.733762946E1,-6.532306317E-3,2.509666793E-2,-5.401309114E-3
7.735773946E1,-5.671717692E-3,1.667091437E-2,-7.278091740E-3
7.737784946E1,-4.309701733E-3,5.909288768E-3,-9.342199191E-3
7.739796046E1,-2.586978721E-3,2.254158724E-3,-2.426877851E-3
7.741807046E1,-5.816674675E-4,3.926715348E-3,-2.272627782E-3
7.743818046E1,-4.429277964E-3,1.411129255E-2,-2.457128372E-3
7.745829046E1,-5.393608473E-3,1.275228057E-2,-1.529283007E-3
7.747840046E1,-2.068243921E-3,1.257772744E-2,2.935183467E-3
7.749851146E1,-2.925923560E-3,1.024837699E-2,3.329920582E-3
7.751862146E1,-5.236066645E-4,6.504815072E-3,-2.399816876E-3
7.753873146E1,-4.034284037E-3,1.116819493E-2,-5.352891050E-3
7.755884146E1,-1.281640609E-3,8.599309251E-3,-3.480689367E-3
7.757895146E1,-2.300926717E-3,1.187533885E-2,4.285154282E-4
7.759906146E1,-3.087673336E-3,7.410109974E-3,-1.360011636E-3
7.761917246E1,-4.356499761E-3,1.150564849E-2,-5.056318361E-3
7.763928246E1,-3.784211120E-3,1.276763435E-2,-4.302484915E-3
7.765939246E1,-7.501213811E-3,8.862663060E-3,-1.515171491E-3
7.767950283E1,-3.953250125E-3,1.213758066E-2,-1.022270415E-3
7.769961283E1,-5.586833227E-3,8.977206424E-3,-2.240666654E-3
7.771972283E1,-2.087705769E-3,9.130338207E-3,-4.853760358E-3
7.773983383E1,-2.846125048E-3,5.695566535E-3,-8.814415778E-4
7.775994383E1,-9.999480098E-4,3.450248623E-3,-1.071269624E-3
7.778005383E1,-4.422205966E-3,4.745473154E-3,-3.184326924E-3
7.780016383E1,-5.136055406E-4,9.639607742E-3,-2.723279875E-3
7.782027383E1,-1.804683474E-3,6.056468468E-3,-1.785531174E-3
7.784038383E1,-3.094212618E-3,4.268123768E-3,-4.314768012E-4
7.786049483E1,-5.166485906E-3,3.976345062E-3,3.715814091E-4
7.788060483E1,-5.467013456E-3,-8.031288162E-4,3.594801063E-3
7.790071483E1,-6.121595856E-3,-4.805983510E-3,2.336241771E-3
7.792082483E1,5.672486732E-4,-1.696569379E-3,2.920753555E-3
7.794093483E1,2.325469628E-3,-3.350982908E-3,-4.475552414E-4
7.796104483E1,2.360936720E-3,-4.788593389E-3,-2.660218626E-3
7.798115583E1,-3.234558390E-4,-4.239454865E-4,2.112221438E-3
7.800126583E1,-5.631416570E-5,-8.594764397E-3,3.589621629E-4
7.802137583E1,2.343095373E-3,-1.241301466E-2,3.249926027E-3
7.804148583E1,4.735699855E-3,-1.415878255E-2,4.613457248E-3
7.806159583E1,2.529416699E-3,-1.346631534E-2,5.522714462E-3
7.808170583E1,6.114131771E-3,-2.137215436E-2,6.799120922E-3
7.810181683E1,8.704998530E-3,-1.988361217E-2,3.961518873E-3
7.812192683E1,2.902164822E-3,-2.529520541E-2,3.757256083E-3
7.814203683E1,1.470693154E-3,-2.296748385E-2,2.769440413E-3
7.816214683E1,9.187806398E-3,-1.042447519E-2,1.970223384E-3
7.818225683E1,5.144449882E-3,4.043903202E-3,-2.510865219E-3
7.820236683E1,-4.373759031E-3,1.311750896E-2,-2.042412758E-3
7.822247783E1,-6.106387358E-3,6.819217931E-3,-2.792251296E-3
7.824258783E1,-3.968135454E-3,1.051077386E-3,-1.322452794E-3
7.826269783E1,8.671245887E-4,-3.186192829E-3,-4.331184551E-3
7.828280783E1,1.884886529E-3,-1.430629846E-2,-6.007923512E-4
7.830291783E1,3.801469225E-3,-1.618961804E-2,5.291411653E-4
7.832302783E1,5.287703592E-3,-1.099612005E-2,3.787669586E-3
7.834313783E1,8.639293723E-3,-9.686170146E-3,7.175535895E-3
7.836324883E1,4.177890718E-3,-1.070422865E-2,1.109106746E-2
7.838335883E1,5.288986489E-3,-1.511646807E-2,1.170583162E-2
7.840346883E1,5.911561195E-3,-2.116429061E-2,8.442396298E-3
7.842357883E1,4.649057053E-3,-2.135255933E-2,5.842841230E-3
7.844368883E1,4.142495338E-3,-2.158661745E-2,3.951505758E-3
7.846379883E1,4.771632142E-3,-1.255256403E-2,4.198810086E-3
7.848390983E1,4.737084731E-3,-5.433410872E-3,2.461154014E-3
7.850401983E1,5.241114413E-4,-1.913529821E-3,2.672189847E-3
7.852412983E1,-2.013567602E-3,-8.245962672E-4,-2.004431561E-3
7.854423983E1,-2.498891903E-3,2.686376916E-3,-1.457789680E-3
7.856434983E1,2.104431158E-3,1.159225358E-3,1.048993086E-3
7.858445983E1,-2.776200650E-3,2.603029832E-3,3.281248966E-3
7.860456983E1,4.448434920E-4,-1.286688726E-3,3.407267388E-3
7.862468083E1,-1.094145933E-3,-3.077022266E-3,3.112996928E-3
7.864479083E1,-5.343004013E-4,-1.298126765E-3,3.628268372E-3
7.866490129E1,2.515307860E-3,3.815290984E-3,2.783826785E-3
7.868501129E1,-2.273137216E-4,-2.181422897E-4,3.260368714E-3
7.870512129E1,-1.825062907E-3,-3.878143616E-3,2.147546969E-3
7.872523129E1,2.066614339E-3,-5.988698453E-3,3.394172993E-3
7.874534129E1,3.056679387E-3,-6.884661969E-3,3.116240492E-3
7.876545129E1,3.607470077E-3,-7.278372534E-3,1.936941640E-3
7.878556229E1,4.730986431E-3,-1.190993004E-2,1.714571146E-3
7.880567229E1,3.930802457E-3,-1.245946717E-2,3.207910107E-3
7.882578229E1,8.317464963E-3,-1.139593869E-2,4.121003207E-3
7.884589229E1,8.068578318E-3,-1.066168584E-2,2.963479841E-3
7.886600229E1,7.728252560E-3,-1.371870562E-2,3.711729310E-3
7.888611229E1,3.189935815E-3,-2.155673876E-2,2.823990071E-3
7.890622229E1,5.389974918E-3,-1.890642568E-2,2.448012820E-3
7.892633329E1,1.595329028E-3,-1.587814838E-2,3.367053811E-3
7.894644329E1,1.888379222E-3,-1.918025315E-2,5.115172360E-3
7.896655329E1,3.578634467E-3,-1.742633805E-2,3.082576906E-3
7.898666329E1,2.561116358E-3,-1.520080678E-2,1.715960214E-3
7.900677329E1,5.180165172E-3,-1.958370022E-2,2.038040664E-3
7.902688329E1,9.655728005E-3,-2.269271575E-2,1.280317199E-3
7.904699329E1,7.758949418E-3,-1.618228108E-2,-2.115595853E-3
7.906710329E1,4.471377004E-3,-1.971947774E-2,-4.654162563E-3
7.908721429E1,6.231312640E-3,-2.626284398E-2,-2.179832372E-4
7.910732429E1,8.771363646E-3,-2.552440390E-2,-9.934928967E-4
7.912743429E1,1.054290030E-2,-2.226049453E-2,-1.056282548E-3
7.914754429E1,8.977591060E-3,-1.687544584E-2,3.215265926E-3
7.916765429E1,6.911367178E-3,-1.719859429E-2,1.408318640E-3
7.918776429E1,1.998851076E-3,-2.280072309E-2,3.497619764E-4
7.920787429E1,2.989159897E-3,-2.444119006E-2,-3.702716203E-3
7.922798429E1,1.325460616E-3,-2.640675381E-2,-4.485997371E-3
7.924809529E1,7.588582579E-3,-3.213814646E-2,-4.972252063E-3
7.926820529E1,1.036429685E-2,-2.643639594E-2,-1.771031064E-3
7.928831529E1,1.006173808E-2,-2.102467231E-2,1.742369728E-3
7.930842529E1,9.479187429E-3,-1.462518238E-2,5.975639913E-3
7.932853529E1,4.486581776E-3,-1.616540365E-2,5.098973867E-3
7.934864529E1,5.896047689E-3,-1.135098375E-2,2.200335264E-3
7.936875529E1,1.976744970E-3,-1.157010905E-2,-5.435232306E-4
7.938886529E1,1.577297342E-3,-1.097220927E-2,-3.494402859E-3
7.940897629E1,3.459111787E-3,-8.488195017E-3,-1.463368069E-3
7.942908629E1,1.086743083E-3,-2.070593182E-3,2.366857952E-4
7.944919629E1,-2.572804922E-3,1.816749340E-3,6.551690167E-4
7.946930629E1,-4.548521247E-6,-5.003390834E-4,-1.833393006E-3
7.948941629E1,-1.690618345E-3,-9.617498145E-4,-1.097341534E-3
7.950952629E1,-3.066165606E-3,-1.472629141E-3,-2.011180390E-3
7.952963629E1,-5.873211194E-3,4.081405234E-3,-5.189987365E-3
7.954974629E1,-3.780353582E-3,2.687016269E-3,-3.512408119E-3
7.956985729E1,-7.272778079E-3,1.695819199E-3,-2.717892407E-3
7.958996729E1,-3.996651620E-3,3.184325295E-3,-2.993041184E-3
7.961007729E1,-2.196692629E-3,4.757666960E-3,-3.383457195E-3
7.963018729E1,-1.517566037E-3,2.497121692E-3,-3.031134140E-3
7.965029729E1,4.817937734E-4,3.567808773E-3,-1.482971245E-3
7.967040721E1,-1.309399027E-3,4.045483191E-3,-1.798872370E-3
7.969051721E1,-8.299357723E-4,5.019072909E-3,-4.491285421E-3
7.971062721E1,-3.232326126E-4,8.833645843E-3,-3.758221399E-3
7.973073821E1,-3.313696245E-3,1.081929915E-2,-2.190951258E-3
7.975084821E1,-3.284135135E-3,8.521523327E-3,-1.930494094E-3
7.977095821E1,-3.666950390E-3,7.906043902E-3,-2.233978827E-3
7.979106821E1,-5.853338167E-3,1.084928401E-2,-1.651670551E-3
7.981117821E1,-8.616049774E-3,1.090238988E-2,2.437106450E-4
7.983128821E1,-1.141805854E-2,9.208747186E-3,2.939258004E-3
7.985139821E1,-7.205541711E-3,2.397391945E-3,4.026007373E-4
7.987150821E1,-2.621948253E-3,1.694334671E-3,-1.557314768E-3
7.989161921E1,-2.251750557E-3,4.490934778E-3,-6.339630112E-3
7.991172921E1,4.447821993E-5,7.161659654E-3,-7.130045909E-3
7.993183921E1,1.360396855E-4,6.068591494E-3,-5.450666882E-3
7.995194921E1,4.952852149E-3,1.356196031E-2,-3.490203060E-3
7.997205921E1,4.844485782E-3,2.300215326E-2,-2.918314422E-3
7.999216921E1,-9.872324299E-4,1.914381981E-2,-1.399783418E-3
8.001227921E1,-4.000888206E-3,1.298670750E-2,3.833014984E-3
8.003238921E1,-3.163133282E-3,1.795911230E-3,3.474968486E-3
8.005250021E1,-2.064143075E-3,-2.254361752E-3,-3.680778609E-4
8.007261021E1,3.170738462E-3,-1.139453147E-2,-2.447518054E-3
8.009272021E1,2.214737236E-3,-7.305527106E-3,-6.131943315E-3
8.011283021E1,3.413475119E-3,-1.478360500E-3,-2.279997338E-3
8.013294021E1,5.487012211E-3,4.304161295E-3,5.107078701E-3
8.015305021E1,2.328644972E-3,7.924225647E-4,1.204614341E-2
8.017316021E1,-1.104255498E-4,6.513976492E-3,1.279517729E-2
8.019327121E1,-6.069901865E-3,2.171202796E-3,6.119218189E-3
8.021338121E1,-7.625353988E-3,1.857495634E-3,1.262652222E-4
8.023349121E1,-5.587626249E-3,3.477069549E-3,-3.371314961E-4
8.025360121E1,-5.304531660E-4,7.499380037E-3,8.076001541E-4
8.027371121E1,3.063724376E-3,8.064417168E-3,-2.675123280E-3
8.029382121E1,6.323482841E-3,9.292039089E-3,-2.278096974E-3
8.031393121E1,8.095986210E-3,8.841561154E-3,1.744308975E-5
8.033404221E1,5.283395760E-3,6.688903552E-3,4.092932213E-4
8.035415221E1,2.688388806E-3,5.849062465E-3,-3.156994004E-3
8.037426221E1,2.855563536E-3,1.201526960E-3,-1.907702303E-3
8.039437221E1,-8.014420164E-4,-2.233983949E-3,6.592082209E-4
8.041448221E1,-3.636618843E-3,-4.268020391E-3,1.645750599E-3
8.043459221E1,-5.627329927E-3,-1.137005631E-3,-2.605659422E-3
8.045470221E1,-6.085854024E-3,2.914781217E-3,-5.548455752E-3
8.047481221E1,-3.826237749E-3,4.576930776E-3,-6.023413502E-3
8.049492321E1,-2.251943108E-3,5.363643169E-3,-5.732372403E-3
8.051503321E1,-4.280422581E-4,5.361171439E-3,-6.098721642E-3
8.053514321E1,2.278653439E-3,5.637436174E-3,-5.944989622E-3
8.055525321E1,3.734380240E-3,7.330501452E-3,-5.633898079E-3
8.057536321E1,4.808819853E-3,6.354676560E-3,-2.112187678E-3
8.059547321E1,-7.411071565E-4,5.782910157E-3,-1.609158469E-3
8.061558421E1,-5.547124892E-4,2.694152761E-3,-3.206956666E-3
8.063569421E1,-2.055700461E-4,-1.812510658E-3,-6.479655392E-3
8.065580421E1,-3.144054674E-3,-2.636108547E-5,-6.966325920E-3
8.067591396E1,-2.380987396E-3,1.510867383E-3,-4.589989781E-3
8.069602396E1,-1.879321644E-3,2.883469453E-3,-2.067500260E-3
8.071613396E1,1.702072681E-3,8.121555671E-3,-1.008734922E-3
8.073624396E1,4.496126203E-4,1.933807507E-2,-3.335161018E-4
8.075635496E1,-6.697053555E-3,2.006246522E-2,-6.731816102E-3
8.077646496E1,-6.452986971E-3,2.004697546E-2,-7.555852178E-3
8.079657496E1,-5.483111367E-3,1.625333726E-2,-8.361082524E-3
8.081668496E1,-1.625764184E-3,1.231860183E-2,-8.887748234E-3
8.083679496E1,-1.843805308E-3,5.727064330E-3,-7.437925786E-3
8.085690496E1,1.647162484E-3,4.963938612E-3,-9.357126546E-4
8.087701496E1,3.702225629E-3,6.117008626E-3,2.550900681E-4
8.089712596E1,2.856092062E-3,1.459601708E-2,4.886436276E-3
8.091723596E1,-1.369894017E-4,1.746266335E-2,4.763232544E-3
8.093734596E1,-3.870837623E-3,1.490269694E-2,2.830204787E-3
8.095745596E1,4.666056484E-4,1.655735634E-2,5.024441052E-4
8.097756596E1,-2.462283475E-3,1.733658649E-2,-2.471914748E-3
8.099767596E1,-2.975505311E-3,1.145402621E-2,-2.167267725E-3
8.101778696E1,-7.377882488E-3,1.799041405E-2,6.152763031E-3
8.103789696E1,-4.952441435E-3,1.931962371E-2,8.968208916E-3
8.105800696E1,-1.127727702E-2,1.131343096E-2,1.651955582E-2
8.107811696E1,-1.991076581E-2,1.109819114E-2,4.106318578E-2
8.109822696E1,-2.871674858E-2,2.695234306E-2,5.646488443E-2
8.111833696E1,-3.443009779E-2,5.226877704E-2,4.277576506E-2
8.113844796E1,-5.242648348E-2,1.061892733E-1,7.218513172E-3
8.115855796E1,-5.302308127E-2,8.365076780E-2,1.204607636E-2
8.117866796E1,-1.044865046E-2,4.964438081E-2,5.781462789E-2
8.119877796E1,3.378269821E-2,-3.149956092E-2,1.294863075E-1
8.121888796E1,5.483939499E-2,-5.528553948E-2,2.034024000E-1
8.123899796E1,5.689623207E-2,-6.065953523E-2,2.326809764E-1
8.125910896E1,2.166006342E-2,-5.902034789E-2,2.350617498E-1
8.127921896E1,-3.679767251E-2,-7.132642716E-2,2.334563285E-1
8.129932896E1,-7.305511832E-2,-1.146094799E-1,2.340766340E-1
8.131943896E1,-8.960169554E-2,-1.607358754E-1,2.349751294E-1
8.133954896E1,-7.329518348E-2,-2.081879079E-1,2.339401245E-1
8.135965996E1,-2.333629318E-2,-2.474884987E-1,2.359840423E-1
8.137976996E1,1.272629760E-2,-2.702801526E-1,2.288286686E-1
8.139987996E1,4.073759913E-2,-2.835194170E-1,2.045626938E-1
8.141998996E1,5.438920483E-2,-3.067685962E-1,1.903484464E-1
8.144009996E1,6.624416262E-2,-3.567235172E-1,2.014790177E-1
8.146020996E1,8.809641749E-2,-4.180120826E-1,2.251756042E-1
8.148032096E1,1.033051237E-1,-4.884387851E-1,2.816584706E-1
8.150043096E1,1.274531484E-1,-5.707371235E-1,3.413724601E-1
8.152054096E1,1.336068958E-1,-6.639264226E-1,3.931013942E-1
8.154065096E1,1.135863736E-1,-7.225766778E-1,4.109383225E-1
8.156076096E1,1.032769680E-1,-7.615215182E-1,4.199368358E-1
8.158087196E1,1.319108605E-1,-7.714034319E-1,4.607030749E-1
8.160098196E1,1.682583988E-1,-8.206828237E-1,4.871742725E-1
8.162109196E1,1.816560328E-1,-9.063520432E-1,4.824799299E-1
8.164120196E1,1.971625537E-1,-1.010341048E0,4.785922468E-1
8.166131196E1,2.062343806E-1,-1.105150580E0,5.067137480E-1
8.168142654E1,2.141782790E-1,-1.202610135E0,5.523910522E-1
8.170153654E1,2.248848081E-1,-1.334140778E0,6.078083515E-1
8.172164654E1,2.339283675E-1,-1.522251606E0,6.748360395E-1
8.174175654E1,2.545908093E-1,-1.698627591E0,7.500095963E-1
8.176186654E1,2.849460244E-1,-1.801046729E0,7.942621708E-1
8.178197754E1,3.027144372E-1,-1.822344422E0,8.469264507E-1
8.180208754E1,3.292236328E-1,-1.770985365E0,8.893738389E-1
8.182219754E1,3.077337742E-1,-1.662116528E0,8.530398607E-1
8.184230754E1,2.567913234E-1,-1.605279088E0,7.908076644E-1
8.186241754E1,2.327877432E-1,-1.630230665E0,7.386818528E-1
8.188252854E1,2.190225869E-1,-1.602781177E0,7.038697600E-1
8.190263854E1,2.386320829E-1,-1.437990069E0,7.180145979E-1
8.192274854E1,2.919062376E-1,-1.248137712E0,7.379980683E-1
8.194285854E1,3.124891222E-1,-1.143641829E0,7.441207767E-1
8.196296954E1,3.032580614E-1,-1.033769011E0,7.943442464E-1
8.198307954E1,3.241984546E-1,-9.524285793E-1,8.354401588E-1
8.200318954E1,3.725821376E-1,-9.142754078E-1,8.730609417E-1
8.202329954E1,3.896121085E-1,-8.468403220E-1,8.990494609E-1
8.204340954E1,3.132275939E-1,-6.551703215E-1,9.142504930E-1
8.206352054E1,2.275247276E-1,-5.211069584E-1,8.973369598E-1
8.208363054E1,1.654540747E-1,-5.377535820E-1,8.115310669E-1
8.210374054E1,8.495434374E-2,-5.360647440E-1,6.126061678E-1
8.212385054E1,1.285351813E-2,-4.013996422E-1,3.547861278E-1
8.214396154E1,3.583902027E-3,-1.111519262E-1,1.487141103E-1
8.216407154E1,3.673035651E-2,2.233843356E-1,-8.833094034E-4
8.218418154E1,2.668895386E-2,4.815324247E-1,-1.383994073E-1
8.220429154E1,-2.930071205E-2,6.359643936E-1,-2.505854368E-1
8.222440154E1,-1.024204642E-1,7.530650496E-1,-2.945479453E-1
8.224451254E1,-1.683799773E-1,9.152585268E-1,-2.731115818E-1
8.226462254E1,-2.259510010E-1,1.011319757E0,-2.510756254E-1
8.228473254E1,-2.793346345E-1,1.091584086E0,-2.556279302E-1
8.230484254E1,-3.648275733E-1,1.117799997E0,-2.820470035E-1
8.232495354E1,-5.141500235E-1,1.095230818E0,-3.023499250E-1
8.234506354E1,-6.755734086E-1,1.188674092E0,-3.022578061E-1
8.236517354E1,-8.097427487E-1,1.272396922E0,-2.943903804E-1
8.238528354E1,-8.999211192E-1,1.172643661E0,-2.322232127E-1
8.240539354E1,-9.805514812E-1,9.042136669E-1,-8.506577462E-2
8.242550454E1,-1.080471992E0,8.187189698E-1,1.231757402E-1
8.244561454E1,-1.151279330E0,8.756266236E-1,3.044386804E-1
8.246572454E1,-1.197882771E0,8.614625335E-1,3.674433529E-1
8.248583454E1,-1.222016573E0,7.691316605E-1,3.979692757E-1
8.250594554E1,-1.238107562E0,7.620966434E-1,3.571878076E-1
8.252605554E1,-1.193192124E0,7.282781601E-1,2.736338377E-1
8.254616554E1,-1.098567486E0,6.015734076E-1,2.488857806E-1
8.256627554E1,-9.985450506E-1,5.786650777E-1,2.249404490E-1
8.258638654E1,-8.727533221E-1,5.881811976E-1,1.864410490E-1
8.260649654E1,-7.321151495E-1,5.748233199E-1,1.451035738E-1
8.262660654E1,-5.660235882E-1,5.846276879E-1,9.048619121E-2
8.264671654E1,-4.194555879E-1,5.974109173E-1,5.075140297E-2
8.266682467E1,-3.616164327E-1,6.231094599E-1,1.958884299E-2
8.268693467E1,-3.179016113E-1,5.633983016E-1,-2.340261079E-2
8.270704467E1,-3.475610316E-1,5.283403993E-1,-1.049779728E-2
8.272715467E1,-4.796521664E-1,5.551005006E-1,2.113997564E-2
8.274726567E1,-6.914166212E-1,4.735797942E-1,3.354231641E-2
8.276737567E1,-1.020756125E0,6.346312165E-1,4.747661948E-2
8.278748567E1,-1.363293409E0,5.431463122E-1,7.267613709E-2
8.280759567E1,-1.660011530E0,5.595691204E-1,2.358275205E-1
8.282770667E1,-1.695125580E0,8.697447777E-1,3.183957636E-1
8.284781667E1,-1.849014759E0,8.753973246E-1,3.696383536E-1
8.286792667E1,-1.793959141E0,4.487700462E-1,3.417091966E-1
8.288803667E1,-1.541404486E0,2.932177186E-1,2.389560938E-1
8.290814767E1,-1.079553127E0,5.531672239E-1,1.489281505E-1
8.292825767E1,-5.290704966E-1,6.998656988E-1,1.314494312E-1
8.294836767E1,-2.721026838E-1,3.953742385E-1,2.030431479E-1
8.296847767E1,-2.059767991E-1,1.576769650E-1,2.414861023E-1
8.298858867E1,-1.048076078E-1,1.982024908E-1,2.177760899E-1
8.300869867E1,-8.927842230E-2,5.363995209E-2,1.663528234E-1
8.302880867E1,-2.838192582E-1,-2.364558727E-1,1.646690220E-1
8.304891967E1,-4.880260229E-1,-4.453282654E-1,1.988226771E-1
8.306902967E1,-5.111920834E-1,-6.037317514E-1,1.578536183E-1
8.308913967E1,-3.112649322E-1,-4.018839896E-1,1.274602413E-1
8.310924967E1,3.680733964E-2,-1.147669181E-2,8.524540812E-2
8.312936067E1,4.008311927E-1,2.597827017E-1,-2.568770759E-2
8.314947067E1,6.348914504E-1,3.233327270E-1,-1.703515351E-1
8.316958067E1,7.324619889E-1,2.436322570E-1,-2.921162546E-1
8.318969067E1,6.924372911E-1,1.215603203E-1,-3.500366509E-1
8.320980167E1,5.677772760E-1,3.716851771E-2,-3.174488246E-1
8.322991167E1,4.059914351E-1,1.332475245E-2,-2.420411259E-1
8.325002167E1,2.007029802E-1,3.397327149E-3,-1.470312923E-1
8.327013167E1,-2.195414715E-2,-2.869655751E-2,-2.732950076E-2
8.329024267E1,-2.171147317E-1,-3.679060843E-3,1.182957292E-1
8.331035267E1,-2.819270492E-1,1.235820130E-1,1.608450860E-1
8.333046267E1,-2.535661459E-1,1.981619298E-1,1.859665215E-1
8.335057267E1,-1.569531709E-1,2.579754591E-1,1.769053936E-1
8.337068367E1,-3.901595622E-2,4.051984847E-1,1.518412828E-1
8.339079367E1,1.015540436E-1,5.495932102E-1,5.890914053E-2
8.341090367E1,2.849825919E-1,6.881033778E-1,-2.089887857E-2
8.343101367E1,6.433823705E-1,2.844383419E-1,-5.243432522E-2
8.345112467E1,7.225236297E-1,-3.294654489E-1,9.550171345E-2
8.347123467E1,8.038181663E-1,-3.269829452E-1,-1.657330394E-1
8.349134467E1,8.659076691E-1,-3.292835951E-1,-4.734117091E-1
8.351145467E1,6.645358205E-1,-3.633364141E-1,-4.702558517E-1
8.353156567E1,1.800830513E-1,-2.147327363E-1,-2.027051598E-1
8.355167567E1,-1.062739119E-1,5.769754201E-2,1.979481056E-2
8.357178567E1,-8.943233639E-2,1.738341749E-1,5.280709639E-2
8.359189567E1,2.846205980E-2,3.846324980E-1,-1.136026084E-1
8.361200667E1,2.600774169E-1,2.916640341E-1,-4.148205221E-1
8.363211667E1,5.862460136E-1,-2.168457955E-3,-7.757975459E-1
8.365222667E1,9.220908880E-1,-2.165541947E-1,-1.011855483E0
8.367233617E1,1.166277170E0,-3.159027994E-1,-9.942821860E-1
8.369244717E1,1.242089272E0,-3.772120178E-1,-8.344897032E-1
8.371255717E1,1.265128970E0,-3.193058670E-1,-6.459091306E-1
8.373266717E1,1.226532102E0,-1.728822142E-1,-4.872083068E-1
8.375277717E1,1.117063880E0,-1.934877038E-2,-3.919345737E-1
8.377288817E1,1.026311159E0,-6.248350441E-2,-3.386131525E-1
8.379299817E1,9.328764677E-1,-2.478290200E-1,-2.824597955E-1
8.381310817E1,8.354276419E-1,-3.220297396E-1,-2.156446576E-1
8.383321817E1,7.467240095E-1,-1.962969601E-1,-1.737581491E-1
8.385332917E1,7.209500074E-1,-1.561342087E-2,-1.234576926E-1
8.387343917E1,7.262491584E-1,1.763272583E-1,-1.153355837E-1
8.389354917E1,6.853814721E-1,1.023344323E-1,-1.045481786E-1
8.391365917E1,5.198152661E-1,5.039213598E-2,-8.763381094E-2
8.393376917E1,3.936620951E-1,2.386054546E-1,-1.791034788E-1
8.395388017E1,3.018568158E-1,3.048262894E-1,-3.742024004E-1
8.397399017E1,2.039114535E-1,2.667126060E-1,-5.872232318E-1
8.399410017E1,5.709321797E-2,2.253041416E-2,-6.531569958E-1
8.401421017E1,-8.248532563E-2,-2.182327509E-1,-5.183616281E-1
8.403432117E1,-5.127174780E-2,-2.627833784E-1,-4.981730878E-1
8.405443117E1,-2.845569886E-2,1.065566912E-1,-5.079274178E-1
8.407454117E1,-1.958182007E-1,9.326982498E-2,-4.162153602E-1
8.409465117E1,-1.538973451E-1,1.185636073E-1,-2.191569060E-1
8.411476217E1,1.927887946E-1,4.970951974E-1,-8.243308216E-2
8.413487217E1,3.879484832E-1,3.636449575E-1,5.237149820E-2
8.415498217E1,3.675009906E-1,1.926645041E-1,3.103629351E-1
8.417509217E1,2.491823733E-1,2.895573676E-1,4.020282030E-1
8.419520217E1,-1.152237356E-1,2.841314375E-1,4.865926802E-1
8.421531317E1,-4.769592583E-1,1.104586720E-1,6.783862710E-1
8.423542317E1,-8.437909484E-1,2.171797305E-2,7.891805768E-1
8.425553317E1,-1.126112700E0,-1.449564546E-1,8.341678381E-1
8.427564317E1,-1.255932331E0,-2.416519225E-1,8.476765156E-1
8.429575417E1,-1.226778626E0,-2.417307198E-1,8.390927315E-1
8.431586417E1,-9.480267167E-1,-1.733301282E-1,7.101003528E-1
8.433597417E1,-6.138055921E-1,-1.353336573E-1,4.911115170E-1
8.435608417E1,-3.856642842E-1,-5.511600152E-2,2.147557735E-1
8.437619417E1,-3.019683957E-1,8.839566261E-2,-1.467225328E-2
8.439630517E1,-3.554048538E-1,2.217924744E-1,-1.435336024E-1
8.441641517E1,-4.127607346E-1,3.749314249E-1,-1.777226776E-1
8.443652517E1,-3.839643598E-1,2.775979936E-1,-1.205099449E-1
8.445663517E1,-3.361377418E-1,-7.246676087E-2,2.172852680E-2
8.447674617E1,-3.185862005E-1,1.132577807E-1,1.639195383E-1
8.449685617E1,-2.518396676E-1,5.797958374E-1,2.055065483E-1
8.451696617E1,-2.490422726E-1,7.369427681E-1,2.129889876E-1
8.453707617E1,-1.989118755E-2,1.071812958E-1,3.692515790E-1
8.455718617E1,7.500874251E-2,-2.720158994E-1,7.634184957E-1
8.457729717E1,2.352796495E-1,-1.136733666E-1,6.288292408E-1
8.459740717E1,3.859291673E-1,4.253492057E-1,2.410808504E-1
8.461751717E1,2.021295130E-1,3.382728994E-1,8.098918200E-2
8.463762717E1,-5.748502016E-1,1.399650723E-1,2.717295885E-1
8.465773817E1,-1.076915026E0,2.070580721E-1,4.028267264E-1
8.467784821E1,-1.060968161E0,8.310550824E-3,3.638703823E-1
8.469795821E1,-7.023035884E-1,-2.601744831E-1,2.886003256E-1
8.471806821E1,-2.238506079E-1,-3.617852926E-1,2.644056268E-2
8.473817821E1,1.562818438E-1,-3.371284306E-1,-3.462649882E-1
8.475828921E1,4.206613302E-1,-2.753137350E-1,-6.899095774E-1
8.477839921E1,5.828247666E-1,-2.350541651E-1,-7.959113717E-1
8.479850921E1,6.512063146E-1,-3.737485111E-1,-6.304157376E-1
8.481861921E1,5.962631106E-1,-5.006667972E-1,-3.297841251E-1
8.483873021E1,4.605396390E-1,-3.614839017E-1,-8.888203651E-2
8.485884021E1,3.327358365E-1,-2.650631070E-1,8.900764585E-2
8.487895021E1,2.450115979E-1,-2.558977008E-1,1.410743594E-1
8.489906021E1,1.648123264E-1,-2.205505371E-1,1.588808447E-1
8.491917021E1,1.099471897E-1,-8.538593352E-2,1.449154317E-1
8.493928121E1,1.225494817E-1,4.765042104E-3,1.450926363E-1
8.495939121E1,1.678771228E-1,1.378161833E-2,1.540129632E-1
8.497950121E1,1.674943268E-1,5.416197330E-2,1.463634074E-1
8.499961121E1,7.233640552E-2,2.287249565E-1,7.706954330E-2
8.501972221E1,-1.147680953E-1,5.324636698E-1,-8.553673327E-2
8.503983221E1,-2.750661373E-1,6.183354259E-1,-3.515987098E-1
8.505994221E1,-4.484235048E-1,3.549543023E-1,-5.577983260E-1
8.508005221E1,-6.704791188E-1,-1.858821809E-1,-4.359522164E-1
8.510016221E1,-6.328564286E-1,-6.161067486E-1,-3.894535899E-1
8.512027321E1,-7.346202135E-1,-5.726365447E-1,-2.718014121E-1
8.514038321E1,-8.854221702E-1,-7.037671655E-2,-8.382388949E-2
8.516049321E1,-8.110883236E-1,2.990271747E-1,8.625132591E-2
8.518060321E1,-3.305529356E-1,4.563362896E-1,1.160345152E-1
8.520071421E1,-6.316377968E-2,3.003250957E-1,1.194842756E-1
8.522082421E1,-1.834766120E-1,1.458784044E-1,3.249445856E-1
8.524093421E1,-3.452666104E-1,3.727580607E-1,4.490777254E-1
8.526104421E1,-5.932801962E-1,5.489494801E-1,5.353236794E-1
8.528115421E1,-8.813105822E-1,1.899125725E-1,6.805393100E-1
8.530126521E1,-1.178541303E0,-9.933894128E-2,7.749640942E-1
8.532137521E1,-1.457032442E0,-1.449183226E-1,8.792029619E-1
8.534148521E1,-1.543225884E0,-4.564229399E-2,9.185839295E-1
8.536159521E1,-1.397873402E0,2.745934762E-2,8.835306168E-1
8.538170521E1,-1.120880723E0,1.072796062E-1,7.471589446E-1
8.540181621E1,-8.349392414E-1,6.164195389E-2,5.390366912E-1
8.542192621E1,-6.366239786E-1,1.029008068E-2,3.066181242E-1
8.544203621E1,-5.543552637E-1,7.211904228E-2,9.387488663E-2
8.546214621E1,-5.434640050E-1,2.544283569E-1,-7.512456924E-2
8.548225721E1,-5.383099914E-1,2.358394414E-1,-1.198688149E-1
8.550236721E1,-5.409612060E-1,-9.499823675E-3,-3.990570083E-2
8.552247721E1,-5.174415708E-1,-1.530880295E-2,1.167300344E-1
8.554258721E1,-3.833218813E-1,4.267940819E-1,1.315012127E-1
8.556269721E1,-2.549538910E-1,7.203020453E-1,3.660036623E-2
8.558280821E1,2.909436822E-2,3.620670140E-1,1.840064377E-1
8.560291821E1,3.079003990E-1,-1.905881166E-1,5.495693088E-1
8.562302821E1,2.473692745E-1,-4.416612685E-1,5.355336666E-1
8.564313821E1,3.054826856E-1,3.358453214E-1,1.047462970E-1
8.566324921E1,1.647316664E-1,3.843242824E-1,-3.651502077E-3
8.568335896E1,-5.318012834E-1,1.556421220E-1,2.789427936E-1
8.570346896E1,-1.068699241E0,-5.650199018E-4,4.971222579E-1
8.572357896E1,-1.014460087E0,-2.993485928E-1,5.261240005E-1
8.574368896E1,-6.958721280E-1,-4.023419023E-1,3.928588927E-1
8.576379996E1,-2.167633921E-1,-5.231354833E-1,7.897892594E-2
8.578390996E1,2.132939249E-1,-4.850093126E-1,-4.082566500E-1
8.580401996E1,4.458692968E-1,-2.762916684E-1,-8.262297511E-1
8.582412996E1,7.008357644E-1,-4.070310667E-2,-9.478722811E-1
8.584423996E1,8.861945271E-1,-1.726698875E-1,-7.614374757E-1
8.586435096E1,9.579519033E-1,-4.357492924E-1,-5.047882795E-1
8.588446096E1,9.842465520E-1,-4.746257961E-1,-1.876993328E-1
8.590457096E1,8.914572001E-1,-3.070445955E-1,-3.347368911E-3
8.592468096E1,6.911348104E-1,-2.266623676E-1,8.759499341E-2
8.594479196E1,4.596621394E-1,-2.933606207E-1,1.201127842E-1
8.596490196E1,2.441167384E-1,-3.598928154E-1,1.087954119E-1
8.598501196E1,1.610952616E-1,-3.263935149E-1,9.771303833E-2
8.600512196E1,2.065017819E-1,-1.864901334E-1,8.959300816E-2
8.602523196E1,2.983282506E-1,-2.288567089E-2,8.280913532E-2
8.604534296E1,3.525333703E-1,7.033224404E-2,3.498654068E-2
8.606545296E1,1.581260711E-1,2.628431916E-1,-1.211111844E-1
8.608556296E1,-3.470264748E-2,3.238420784E-1,-4.493807852E-1
8.610567296E1,-3.609178364E-1,-1.276693195E-1,-7.001575232E-1
8.612578296E1,-5.182794333E-1,-5.447664261E-1,-7.303347588E-1
8.614589396E1,-4.316719174E-1,-5.809868574E-1,-7.488558292E-1
8.616600396E1,-3.233915567E-1,-2.730674148E-1,-6.565345526E-1
8.618611396E1,-3.395358324E-1,-2.770564854E-1,-4.640198052E-1
8.620622396E1,-3.894305229E-2,1.183427349E-1,-2.930145264E-1
8.622633396E1,5.281244516E-1,9.325441122E-1,-2.583641112E-1
8.624644496E1,8.455903530E-1,6.374779344E-1,-1.931934655E-1
8.626655496E1,8.623816371E-1,2.595516145E-1,-3.542818129E-2
8.628666496E1,7.606659532E-1,3.665879071E-1,3.112293221E-2
8.630677496E1,4.308050871E-1,3.812846541E-1,7.199621946E-2
8.632688496E1,2.073131800E-1,-5.844061449E-2,1.975277215E-1
8.634699596E1,-1.216024905E-1,-3.317712843E-1,3.877409399E-1
8.636710596E1,-3.933047652E-1,-1.589205116E-1,4.817874730E-1
8.638721596E1,-4.524761140E-1,3.884053603E-2,4.408139884E-1
8.640732596E1,-3.455915451E-1,-4.787323996E-2,3.620248437E-1
8.642743596E1,-1.224975288E-1,-2.162905484E-1,2.857273817E-1
8.644754696E1,1.026315168E-1,-2.047591507E-1,1.306184083E-1
8.646765696E1,2.744328976E-1,-3.402747214E-2,-6.763672084E-2
8.648776696E1,2.753930390E-1,2.081647515E-1,-2.787482142E-1
8.650787696E1,1.056211069E-1,3.706174493E-1,-4.124175906E-1
8.652798696E1,-9.948965162E-2,5.629739761E-1,-4.165873528E-1
8.654809796E1,-1.258735955E-1,2.385850698E-1,-3.944442868E-1
8.656820796E1,-1.397462934E-1,-1.629139185E-1,-2.462262213E-1
8.658831796E1,-8.016382158E-2,2.859582305E-1,-7.054824382E-2
8.660842796E1,2.616326213E-1,4.396578670E-1,2.360117435E-1
8.662853796E1,7.768610120E-1,-7.763046026E-2,5.678161383E-1
8.664864896E1,8.561003804E-1,-7.015060186E-1,5.294945240E-1
8.666875921E1,8.344876170E-1,-7.871042192E-2,3.007045388E-2
8.668886921E1,9.259107113E-1,3.613266647E-1,-4.065487981E-1
8.670897921E1,4.835361242E-1,2.657105923E-1,-3.542669415E-1
8.672908921E1,5.598206073E-2,-1.229785979E-1,-1.249179095E-1
8.674919921E1,4.010201618E-2,-4.275721014E-1,-2.297241986E-2
8.676931021E1,3.421839178E-1,-3.350322247E-1,-2.128718942E-1
8.678942021E1,7.599187493E-1,-3.537459970E-1,-4.603449106E-1
8.680953021E1,1.040969014E0,-4.415620565E-1,-7.990020514E-1
8.682964021E1,1.213095427E0,-3.616861999E-1,-1.181989670E0
8.684975021E1,1.311251283E0,-1.477143914E-1,-1.449357152E0
8.686986121E1,1.369420648E0,-1.824927032E-1,-1.414529920E0
8.688997121E1,1.429986477E0,-3.994142115E-1,-1.156573772E0
8.691008121E1,1.495213985E0,-3.597789407E-1,-7.937554717E-1
8.693019121E1,1.559406757E0,-1.618705690E-1,-5.334666967E-1
8.695030121E1,1.524726868E0,-1.510117054E-1,-3.612598777E-1
8.697041121E1,1.411059856E0,-1.816577166E-1,-2.531270087E-1
8.699052221E1,1.231707931E0,-1.640153378E-1,-2.032555938E-1
8.701063221E1,1.062649012E0,-8.048533648E-2,-1.646962017E-1
8.703074221E1,9.587615728E-1,2.050790191E-2,-1.110188663E-1
8.705085221E1,9.060916901E-1,1.087161824E-1,-8.743902296E-2
8.707096221E1,7.800956964E-1,-3.632102534E-2,-6.389689445E-2
8.709107321E1,4.808381498E-1,-6.065971032E-2,-8.073813468E-2
8.711118321E1,2.610173523E-1,2.564489841E-1,-2.494832128E-1
8.713129321E1,6.951621920E-2,3.372069895E-1,-4.929793477E-1
8.715140321E1,-1.474836320E-1,2.395188510E-1,-6.863350868E-1
8.717151321E1,-4.354138374E-1,-2.232275903E-1,-5.737478137E-1
8.719162321E1,-3.736149371E-1,-7.069051266E-1,-5.359193087E-1
8.721173421E1,-2.190532386E-1,-7.457380295E-1,-5.740056634E-1
8.723184421E1,-6.251151115E-2,-1.525446400E-2,-5.650401115E-1
8.725195421E1,5.878596008E-2,1.689119637E-1,-3.914768100E-1
8.727206421E1,4.507825077E-1,5.568814278E-1,-2.134772241E-1
8.729217421E1,7.168835402E-1,7.712932229E-1,-1.814212352E-1
8.731228421E1,7.588850260E-1,4.610438347E-1,-1.998307183E-2
8.733239521E1,7.153724432E-1,4.563290477E-1,9.107324481E-2
8.735250521E1,5.157953501E-1,1.286599934E-1,1.487895399E-1
8.737261521E1,1.765753627E-1,-2.622972727E-1,2.523365021E-1
8.739272521E1,-1.312409788E-1,-3.819340765E-1,3.666819036E-1
8.741283521E1,-4.031588137E-1,-2.967469990E-1,4.050568342E-1
8.743294521E1,-5.385054350E-1,-1.015590802E-1,4.214372933E-1
8.745305621E1,-4.959166050E-1,2.756687067E-2,4.327568710E-1
8.747316621E1,-2.888332307E-1,2.302870154E-2,3.897028267E-1
8.749327621E1,-1.458136644E-2,8.960991167E-3,3.137925863E-1
8.751338621E1,1.879319847E-1,8.781666309E-2,2.103284299E-1
8.753349621E1,2.213745266E-1,1.920137703E-1,7.004072517E-2
8.755360621E1,4.391918331E-2,3.119927645E-1,-8.610620350E-2
8.757371721E1,-1.994815916E-1,3.699237704E-1,-2.068545222E-1
8.759382721E1,-3.865638077E-1,3.696071804E-1,-1.874307096E-1
8.761393721E1,-4.398825169E-1,5.551850796E-2,-8.186119050E-2
8.763404721E1,-4.524427950E-1,-1.528220028E-1,9.588419646E-2
8.765415721E1,-4.102818966E-1,3.663720787E-1,2.288790047E-1
8.767426754E1,-7.716490328E-2,7.243572474E-1,4.166015387E-1
8.769437754E1,6.652017236E-1,2.917413712E-1,5.505712032E-1
8.771448854E1,7.627720237E-1,-4.334624708E-1,4.375970364E-1
8.773459854E1,6.302720308E-1,-1.011959761E-1,-2.187784947E-2
8.775470854E1,7.516003847E-1,3.587230742E-1,-3.779284060E-1
8.777481854E1,3.662163913E-1,2.382093519E-1,-2.758163214E-1
8.779492854E1,-2.225003839E-1,5.437947437E-2,-6.260520220E-2
8.781503854E1,-3.761892319E-1,-1.279456913E-1,-4.375238903E-3
8.783514954E1,-1.616038680E-1,-7.658968121E-2,-6.885080040E-2
8.785525954E1,2.358135581E-1,5.101783946E-2,-2.566546202E-1
8.787536954E1,6.115050316E-1,-9.827034548E-3,-5.553348064E-1
8.789547954E1,8.494926095E-1,-9.740923345E-2,-8.823193312E-1
8.791558954E1,1.024082422E0,-5.577789620E-2,-1.119650722E0
8.793569954E1,1.179037094E0,-8.332201093E-2,-1.090552092E0
8.795580954E1,1.240420222E0,-2.336524576E-1,-8.551465273E-1
8.797592054E1,1.217642069E0,-2.444120198E-1,-5.766831636E-1
8.799603054E1,1.115559697E0,-2.504569590E-1,-2.858380973E-1
8.801614054E1,9.517194629E-1,-2.010932565E-1,-1.054077446E-1
8.803625054E1,7.539629340E-1,-1.683425754E-1,4.874881357E-3
8.805636054E1,5.961719155E-1,-1.629008353E-1,4.773957655E-2
8.807647054E1,5.195216537E-1,-1.092036963E-1,2.886479534E-2
8.809658054E1,5.082966089E-1,1.310113352E-2,4.449679982E-3
8.811669154E1,5.147678256E-1,1.501285434E-1,-3.519893065E-2
8.813680154E1,4.853001535E-1,1.978369504E-1,-6.263346970E-2
8.815691154E1,4.203567505E-1,1.570240110E-1,-1.137156188E-1
8.817702154E1,2.609366477E-1,1.359720081E-1,-2.121053636E-1
8.819713154E1,3.551758826E-3,1.888145953E-1,-3.791542351E-1
8.821724154E1,-2.494356930E-1,5.922963098E-2,-5.523775220E-1
8.823735154E1,-4.627805948E-1,-2.707304060E-1,-5.571074486E-1
8.825746254E1,-4.427636862E-1,-5.250022411E-1,-5.664155483E-1
8.827757254E1,-5.003632903E-1,-4.291009605E-1,-5.381172299E-1
8.829768254E1,-4.781478643E-1,-6.926342845E-2,-4.888299704E-1
8.831779254E1,-3.626918793E-1,1.319335103E-1,-3.189606071E-1
8.833790254E1,2.162170112E-1,6.071318388E-1,-2.264275253E-1
8.835801254E1,6.243717670E-1,5.991949439E-1,-1.832848489E-1
8.837812254E1,6.562265754E-1,2.326142192E-1,1.366769429E-3
8.839823354E1,5.576337576E-1,2.132649720E-1,1.583619565E-1
8.841834354E1,2.057296783E-1,2.248712480E-1,2.730310261E-1
8.843845354E1,-2.604162097E-1,7.245732099E-2,5.628404617E-1
8.845856354E1,-5.523293614E-1,-2.374198288E-1,6.525561213E-1
8.847867354E1,-8.391756415E-1,-4.722339213E-1,7.421343923E-1
8.849878354E1,-1.073453307E0,-2.614822090E-1,8.224125504E-1
8.851889354E1,-1.012876987E0,-6.294254214E-2,7.331506610E-1
8.853900354E1,-7.111451626E-1,-6.556841731E-2,5.909006000E-1
8.855911454E1,-3.775261343E-1,-1.155434698E-1,4.185495079E-1
8.857922454E1,-1.785150021E-1,-8.333377540E-2,2.500165105E-1
8.859933454E1,-1.234346330E-1,1.088746591E-3,1.032790095E-1
8.861944454E1,-2.064055502E-1,2.014115453E-1,-5.688419100E-3
8.863955454E1,-3.092043698E-1,3.735369146E-1,-7.610702887E-3
8.865966454E1,-3.646473885E-1,3.278594315E-1,7.891308516E-2
8.867977346E1,-4.070097804E-1,-8.013758808E-2,2.616861165E-1
8.869988346E1,-4.597870111E-1,1.061822474E-1,3.905262351E-1
8.871999446E1,-4.494484961E-1,6.254476309E-1,4.150731266E-1
8.874010446E1,-4.643805623E-1,7.815341949E-1,4.091935754E-1
8.876021446E1,-1.906077862E-1,1.945857853E-1,5.817967653E-1
8.878032446E1,5.455368198E-3,-1.931218505E-1,7.785598040E-1
8.880043446E1,7.613094151E-2,-2.126541585E-1,4.347624183E-1
8.882054446E1,2.935827672E-1,6.564738601E-2,1.790212281E-2
8.884065446E1,3.085279167E-1,7.299131900E-2,-1.615517773E-2
8.886076446E1,-1.881171316E-1,3.345947713E-2,2.736302018E-1
8.888087546E1,-4.651222825E-1,-4.412416369E-3,5.054481626E-1
8.890098546E1,-3.803158104E-1,-9.650944918E-2,4.173828959E-1
8.892109546E1,-1.195931137E-1,4.777102917E-2,1.697999984E-1
8.894120546E1,1.565086544E-1,4.641905054E-2,-2.875609100E-1
8.896131546E1,3.673993945E-1,-4.140209872E-3,-7.538218498E-1
8.898142546E1,6.039999127E-1,2.566269413E-2,-1.132080436E0
8.900153546E1,7.826787829E-1,-9.092708677E-2,-1.218689084E0
8.902164546E1,8.829059601E-1,-3.638006747E-1,-9.402512908E-1
8.904175646E1,8.767460585E-1,-4.791563451E-1,-5.972642303E-1
8.906186646E1,7.851379514E-1,-4.748889208E-1,-2.459441572E-1
8.908197646E1,6.772887111E-1,-3.285847604E-1,-2.980362065E-2
8.910208646E1,5.735398531E-1,-2.977346480E-1,1.073870435E-1
8.912219646E1,4.526181519E-1,-2.989193797E-1,2.039377093E-1
8.914230646E1,2.822155654E-1,-1.872253269E-1,2.190659642E-1
8.916241646E1,1.300846487E-1,1.447733864E-2,2.014893293E-1
8.918252646E1,5.725491419E-2,1.530723572E-1,1.624006629E-1
8.920263746E1,8.012161404E-2,3.483168036E-2,9.889897704E-2
8.922274746E1,2.513578907E-2,-1.849614531E-1,7.574944943E-2
8.924285746E1,-1.088853255E-1,-7.648552209E-2,1.990162581E-2
8.926296746E1,-1.709858775E-1,1.579055488E-1,-1.441734880E-1
8.928307746E1,-2.068293095E-1,2.346929163E-1,-3.742962182E-1
8.930318746E1,-2.546404302E-1,2.729713917E-1,-5.598962903E-1
8.932329746E1,-4.181044698E-1,9.764303453E-3,-4.780170918E-1
8.934340746E1,-4.119106829E-1,-4.366721213E-1,-4.228815436E-1
8.936351746E1,-4.707743526E-1,-5.310227275E-1,-4.455392957E-1
8.938362846E1,-6.216633320E-1,-7.661727816E-2,-4.123476148E-1
8.940373846E1,-6.863327622E-1,1.966913231E-2,-2.233861387E-1
8.942384846E1,-3.601112068E-1,2.816756666E-1,-2.294255607E-2
8.944395846E1,-5.397432670E-2,3.703854382E-1,1.105122790E-1
8.946406846E1,6.136429310E-2,3.141458333E-1,3.848702312E-1
8.948417846E1,1.542694420E-1,3.790161014E-1,4.940842092E-1
8.950428846E1,5.584727973E-3,2.514767945E-1,4.147893488E-1
8.952439846E1,-3.264456689E-1,8.775043488E-2,4.399309158E-1
8.954450846E1,-5.834130049E-1,7.594864070E-2,5.348595977E-1
8.956461946E1,-8.135876656E-1,1.281965822E-1,5.675953031E-1
8.958472946E1,-9.055860639E-1,1.115597263E-1,6.448318958E-1
8.960483946E1,-8.353939056E-1,2.992033493E-3,6.794484258E-1
8.962494946E1,-6.856805086E-1,-1.475749165E-1,6.255642772E-1
8.964505946E1,-4.448304176E-1,-2.962726057E-1,4.833818376E-1
8.966516946E1,-2.850136459E-1,-3.537329435E-1,3.041956723E-1
8.968528017E1,-2.158014625E-1,-2.284290344E-1,1.232644990E-1
8.970539017E1,-2.371146679E-1,-2.138665132E-2,-1.524671167E-2
8.972550017E1,-2.971824110E-1,1.885677874E-1,-6.108307466E-2
8.974561017E1,-3.169492483E-1,2.910705507E-1,-7.189945132E-2
8.976572117E1,-2.783096731E-1,1.259340532E-2,1.989508793E-2
8.978583117E1,-2.550810575E-1,9.843800217E-2,1.368560642E-1
8.980594117E1,-2.416997105E-1,4.998368621E-1,2.373825014E-1
8.982605117E1,-2.290051579E-1,7.333876491E-1,3.364779353E-1
8.984616117E1,-7.046116143E-2,4.083552361E-1,4.263290465E-1
8.986627117E1,2.324394286E-1,-9.224871546E-2,6.882090569E-1
8.988638117E1,2.689925134E-1,-5.163708329E-1,6.781750917E-1
8.990649117E1,4.524511397E-1,3.280705214E-2,2.014625371E-1
8.992660117E1,5.736458302E-1,4.330384433E-1,-4.436098412E-2
8.994671117E1,2.483284473E-1,4.555934072E-1,-1.304860562E-1
8.996682217E1,-3.707147539E-1,3.414219320E-1,8.720197529E-2
8.998693217E1,-6.281551123E-1,4.308484867E-2,2.124155015E-1
9.000704217E1,-5.114523768E-1,-2.813071609E-1,2.851468325E-1
9.002715217E1,-1.939818412E-1,-3.258328438E-1,2.216854095E-1
9.004726217E1,1.149806753E-1,-2.927648723E-1,-3.601824865E-2
9.006737217E1,3.392160237E-1,-2.617459893E-1,-4.089130461E-1
9.008748217E1,4.430506229E-1,-2.327086180E-1,-7.552657127E-1
9.010759217E1,5.528492928E-1,-2.270981222E-1,-8.388193250E-1
9.012770217E1,6.635531187E-1,-3.667630851E-1,-6.400402188E-1
9.014781217E1,7.277164459E-1,-4.848009050E-1,-4.194680154E-1
9.016792317E1,6.798552275E-1,-4.089388847E-1,-1.886677146E-1
9.018803317E1,5.488247275E-1,-3.527435362E-1,-5.309816077E-2
9.020814317E1,4.347122312E-1,-3.401283324E-1,3.516810387E-2
9.022825317E1,3.384457827E-1,-2.454710901E-1,9.246124327E-2
9.024836317E1,2.511071861E-1,-1.833429188E-2,1.272792369E-1
9.026847317E1,1.611551046E-1,1.762829125E-1,1.468968391E-1
9.028858317E1,7.291039079E-2,2.111737281E-1,1.300038844E-1
9.030869317E1,-7.748365402E-3,7.314767689E-2,8.682670444E-2
9.032880317E1,-1.208171546E-1,2.536235377E-2,2.027060464E-2
9.034891317E1,-2.107294649E-1,1.814830452E-1,-1.237681210E-1
9.036902317E1,-2.373870313E-1,2.737559676E-1,-3.251847327E-1
9.038913417E1,-2.705733478E-1,8.821408451E-2,-4.724603295E-1
9.040924417E1,-3.103454709E-1,-2.334744781E-1,-3.640893400E-1
9.042935417E1,-3.704820871E-1,-5.669962168E-1,-3.215343058E-1
9.044946417E1,-5.093879104E-1,-4.933417216E-2,-3.390682340E-1
9.046957417E1,-7.505391240E-1,2.582682371E-1,-2.394981384E-1
9.048968417E1,-9.165874720E-1,-6.158472039E-3,-4.936349019E-2
9.050979417E1,-6.089962721E-1,3.323158324E-1,9.658251703E-2
9.052990417E1,-3.257009685E-1,5.415192842E-1,1.950457841E-1
9.055001417E1,-4.024411142E-1,3.189049363E-1,5.053732991E-1
9.057012417E1,-5.938078761E-1,1.884953380E-1,7.551630735E-1
9.059023417E1,-8.819014430E-1,1.841894351E-2,8.405174017E-1
9.061034517E1,-1.153039813E0,-2.367914319E-1,9.320383072E-1
9.063045517E1,-1.360483170E0,-1.973838210E-1,8.669049740E-1
9.065056517E1,-1.546201229E0,-1.041334122E-3,8.257361054E-1
9.067067517E1,-1.625626326E0,1.474623978E-1,8.237875104E-1
9.069078504E1,-1.471283674E0,2.046189457E-1,8.509618640E-1
9.071089504E1,-1.209968805E0,1.543862075E-1,7.803817987E-1
9.073100504E1,-9.303708673E-1,2.805696800E-2,6.641507149E-1
9.075111504E1,-8.076269031E-1,-1.270766854E-1,5.790562034E-1
9.077122504E1,-7.988788486E-1,-4.104479030E-2,5.006393194E-1
9.079133504E1,-8.713014722E-1,1.802355349E-1,3.911784291E-1
9.081144504E1,-9.600617886E-1,3.395801187E-1,3.526614904E-1
9.083155504E1,-9.513218999E-1,2.897284627E-1,3.663447797E-1
9.085166604E1,-8.884804845E-1,1.435106546E-1,4.407849014E-1
9.087177604E1,-7.534740567E-1,2.894439399E-1,4.695652127E-1
9.089188604E1,-5.842284560E-1,5.860968828E-1,3.840909004E-1
9.091199604E1,-4.222854376E-1,8.327829242E-1,2.831684649E-1
9.093210604E1,-4.012251198E-1,7.474507689E-1,1.313340366E-1
9.095221604E1,-5.656328797E-1,5.957110524E-1,2.227697074E-1
9.097232604E1,-1.266272664E-1,1.397179514E-1,7.229863405E-1
9.099243604E1,-2.829182744E-1,2.391667515E-1,1.129813671E0
9.101254604E1,-2.973081768E-1,-5.782728195E-1,5.786852837E-1
9.103265604E1,-5.424154997E-1,-1.233004555E-1,5.286626816E-1
9.105276604E1,-1.224084258E0,4.059195220E-1,4.963196814E-1
9.107287704E1,-1.787175298E0,2.872555256E-1,4.996425807E-1
9.109298704E1,-1.802023292E0,-1.636128873E-1,4.751077890E-1
9.111309704E1,-1.518860817E0,-4.347894192E-1,5.203796029E-1
9.113320704E1,-1.222419620E0,-5.229361653E-1,4.863109291E-1
9.115331704E1,-1.021413684E0,-3.197016120E-1,4.024878442E-1
9.117342704E1,-8.645267487E-1,-1.312245578E-1,2.698213160E-1
9.119353704E1,-7.748489976E-1,-2.292865217E-1,1.641141325E-1
9.121364704E1,-7.658665180E-1,-4.549879134E-1,1.931353658E-1
9.123375704E1,-7.636982799E-1,-3.683984876E-1,3.180142939E-1
9.125386704E1,-7.597262263E-1,-1.097827777E-1,4.707686603E-1
9.127397704E1,-7.576635480E-1,1.099865660E-1,5.904979706E-1
9.129408704E1,-7.518230677E-1,1.848353297E-1,6.513001323E-1
9.131419804E1,-7.535129189E-1,9.494254738E-2,6.655496955E-1
9.133430804E1,-7.875635028E-1,1.556192189E-1,6.261580586E-1
9.135441804E1,-7.534466982E-1,3.495546579E-1,4.960568547E-1
9.137452804E1,-7.037380338E-1,3.349668682E-1,3.720620275E-1
9.139463804E1,-8.241648674E-1,4.066878557E-1,3.443492055E-1
9.141474804E1,-8.943244219E-1,6.996105313E-1,2.745040655E-1
9.143485804E1,-8.817259669E-1,7.536849380E-1,1.384072751E-1
9.145496804E1,-9.687562585E-1,2.292206138E-1,8.233024925E-2
9.147507804E1,-1.114758730E0,-4.252713323E-1,2.942328155E-1
9.149518804E1,-1.358144522E0,-4.006237984E-1,3.321234286E-1
9.151529804E1,-1.672170997E0,5.309996605E-1,3.516734242E-1
9.153540904E1,-1.789002419E0,6.780173779E-1,4.149867594E-1
9.155551904E1,-1.576152205E0,6.754943728E-1,5.273507237E-1
9.157562904E1,-1.483326793E0,5.535955429E-1,6.967082620E-1
9.159573904E1,-1.614281774E0,5.290580392E-1,1.056205273E0
9.161584904E1,-1.821248531E0,4.512441754E-1,1.313280940E0
9.163595904E1,-2.144248962E0,2.348681986E-1,1.388985991E0
9.165606904E1,-2.378060818E0,-4.454107210E-2,1.490101457E0
9.167617929E1,-2.546427965E0,1.079512686E-1,1.453596473E0
9.169628929E1,-2.664163113E0,3.794033229E-1,1.477434278E0
9.171639929E1,-2.703599691E0,6.389428377E-1,1.447331905E0
9.173650929E1,-2.576214314E0,7.895044684E-1,1.364303112E0
9.175662029E1,-2.299038649E0,7.859830856E-1,1.214650869E0
9.177673029E1,-1.938168168E0,5.779649615E-1,9.856529832E-1
9.179684029E1,-1.681390285E0,3.229189217E-1,7.477887869E-1
9.181695029E1,-1.475767016E0,2.642044425E-1,5.342856646E-1
9.183706029E1,-1.304122448E0,3.271246552E-1,3.908764720E-1
9.185717029E1,-1.145156741E0,4.565116167E-1,3.115197718E-1
9.187728029E1,-9.694760442E-1,4.324495196E-1,2.658395767E-1
9.189739029E1,-8.060303330E-1,3.612309694E-1,2.816818058E-1
9.191750029E1,-7.058579922E-1,5.633646846E-1,2.661131620E-1
9.193761029E1,-6.867847443E-1,8.202887774E-1,9.435427189E-2
9.195772029E1,-8.135476112E-1,7.875391841E-1,-3.068594821E-2
9.197783029E1,-1.062736630E0,5.588034391E-1,-7.544234395E-2
9.199794129E1,-1.196378469E0,4.260367155E-1,7.877721637E-2
9.201805129E1,-9.202468991E-1,-6.483867764E-2,4.457559884E-1
9.203816129E1,-9.386050701E-1,-7.555752993E-1,8.146150112E-1
9.205827129E1,-9.012450576E-1,-9.555194378E-1,6.012406945E-1
9.207838129E1,-9.793092608E-1,1.164435223E-2,5.982697606E-1
9.209849129E1,-1.592306495E0,6.442022324E-1,7.317110300E-1
9.211860129E1,-2.153035641E0,4.283503592E-1,7.286931276E-1
9.213871129E1,-2.204947472E0,1.846120954E-1,5.859483480E-1
9.215882129E1,-1.871868014E0,9.601478279E-2,2.887886465E-1
9.217893129E1,-1.276906013E0,-1.935814470E-1,-6.433536112E-2
9.219904129E1,-7.601422071E-1,-3.420547023E-2,-4.235066175E-1
9.221915129E1,-3.894357681E-1,1.418365836E-1,-6.180147529E-1
9.223926129E1,-1.488470435E-1,3.449916840E-2,-5.444228649E-1
9.225937229E1,-5.816679448E-2,-2.777620256E-1,-3.306676149E-1
9.227948229E1,5.884743296E-3,-4.984823167E-1,-4.065567255E-2
9.229959229E1,4.295941442E-2,-4.453204274E-1,1.831461191E-1
9.231970229E1,6.907349825E-2,-3.805994689E-1,2.978950143E-1
9.233981229E1,-2.743398957E-2,-3.854184151E-1,2.874203324E-1
9.235992229E1,-2.403638065E-1,-3.380632699E-1,2.600462735E-1
9.238003229E1,-4.002247155E-1,-1.886954755E-1,1.602802724E-1
9.240014229E1,-3.411239386E-1,6.494856626E-2,4.180179536E-2
9.242025229E1,-1.513118595E-1,2.071483135E-1,-4.798768833E-2
9.244036229E1,6.770823896E-2,2.174161561E-2,-7.415198535E-2
9.246047229E1,2.580308542E-2,6.912904792E-4,-6.998276711E-2
9.248058229E1,-1.127748471E-2,2.749281228E-1,-2.327973396E-1
9.250069329E1,3.610555083E-3,3.078233600E-1,-4.969728887E-1
9.252080329E1,-9.878058732E-2,-5.672727525E-2,-6.727210283E-1
9.254091329E1,-1.824591905E-1,-5.301143527E-1,-5.648350716E-1
9.256102329E1,-1.854241788E-1,-3.350597918E-1,-5.499342680E-1
9.258113329E1,-2.406183779E-1,2.682069540E-1,-5.222874880E-1
9.260124329E1,-3.622030914E-1,3.324055374E-1,-3.822958171E-1
9.262135329E1,-2.966261841E-2,5.314894319E-1,-2.645633221E-1
9.264146329E1,2.901051342E-1,2.810932100E-1,-1.449529827E-1
9.266157329E1,2.724724710E-1,1.185917705E-1,2.658812702E-1
9.268168304E1,2.228745371E-1,4.164616168E-1,4.182377160E-1
9.270179304E1,-5.749008432E-2,4.850112498E-1,2.924993038E-1
9.272190304E1,-3.179211318E-1,3.553663790E-1,3.994854689E-1
9.274201404E1,-5.475696325E-1,2.891354263E-1,5.169559121E-1
9.276212404E1,-7.771695256E-1,1.776141375E-1,5.392951369E-1
9.278223404E1,-9.183940887E-1,-3.613993153E-2,5.549666882E-1
9.280234404E1,-9.723191857E-1,-1.402833462E-1,5.317565203E-1
9.282245404E1,-7.964802980E-1,-1.531868875E-1,5.016402006E-1
9.284256404E1,-4.879310727E-1,-1.374223679E-1,3.841898143E-1
9.286267404E1,-2.264497876E-1,-7.933493704E-2,1.983056068E-1
9.288278404E1,-1.047854051E-1,1.854512691E-1,-1.000585873E-2
9.290289404E1,-1.286082119E-1,4.480971694E-1,-1.590447128E-1
9.292300404E1,-2.213115543E-1,4.574223459E-1,-1.840024740E-1
9.294311404E1,-3.277391195E-1,2.544622719E-1,-2.314456180E-2
9.296322404E1,-3.708770275E-1,1.962260008E-1,2.112140208E-1
9.298333504E1,-3.603256345E-1,5.143234730E-1,2.746834457E-1
9.300344504E1,-4.135495126E-1,7.454355359E-1,1.966430694E-1
9.302355504E1,-5.135709643E-1,8.927456141E-1,1.531572342E-1
9.304366504E1,-1.139862165E-1,3.622751534E-1,2.667490244E-1
9.306377504E1,-5.841006339E-2,-6.576597095E-1,5.752044916E-1
9.308388504E1,1.124338731E-1,-5.691097975E-1,4.201625586E-1
9.310399504E1,3.243146837E-1,2.433600128E-1,6.058141589E-2
9.312410504E1,1.900358647E-1,4.763602912E-1,8.171528578E-3
9.314421504E1,-4.912995994E-1,3.863161802E-1,1.807356775E-1
9.316432504E1,-8.977836967E-1,3.544671834E-2,2.990312278E-1
9.318443504E1,-9.178846478E-1,-2.222712040E-1,3.046581447E-1
9.320454604E1,-5.984700918E-1,-2.249905616E-1,1.845533848E-1
9.322465604E1,-1.827124059E-1,-3.231646121E-1,-1.057715565E-1
9.324476604E1,1.147299260E-1,-2.570686936E-1,-4.249503314E-1
9.326487604E1,3.004373014E-1,-1.654168665E-1,-7.299221754E-1
9.328498604E1,4.833281338E-1,-2.048934251E-1,-8.048065901E-1
9.330509604E1,5.994731784E-1,-4.504262507E-1,-6.483770609E-1
9.332520604E1,6.815143228E-1,-4.585687816E-1,-4.019922316E-1
9.334531604E1,6.540024877E-1,-3.647042811E-1,-1.544610709E-1
9.336542604E1,5.570819974E-1,-2.913279235E-1,1.057956368E-2
9.338553604E1,4.600945711E-1,-2.592921853E-1,9.944194555E-2
9.340564704E1,3.265572190E-1,-1.942801327E-1,1.287386864E-1
9.342575704E1,1.722919941E-1,-4.179826751E-2,1.156294346E-1
9.344586704E1,5.700838193E-2,9.914754331E-2,9.476234764E-2
9.346597704E1,1.114233211E-2,5.801573023E-2,5.458658561E-2
9.348608704E1,-8.248001104E-4,-9.698806703E-2,2.851701807E-3
9.350619704E1,-4.516522586E-2,-7.159711421E-2,-7.161162049E-2
9.352630704E1,-8.393869549E-2,1.072598100E-1,-1.928966641E-1
9.354641704E1,-1.329896450E-1,1.461681426E-1,-3.523917496E-1
9.356652704E1,-2.918784022E-1,-6.768284738E-2,-4.607005119E-1
9.358663804E1,-4.853228331E-1,-3.418602943E-1,-3.110827506E-1
9.360674804E1,-6.660800576E-1,-5.011038780E-1,-2.515148818E-1
9.362685804E1,-7.464706898E-1,-5.856951326E-2,-2.802372575E-1
9.364696804E1,-9.329602122E-1,8.816745132E-2,-1.998827308E-1
9.366707804E1,-9.144474268E-1,2.431159168E-1,-6.341701746E-2
9.368718754E1,-4.463026524E-1,5.255720019E-1,5.641696975E-2
9.370729754E1,-2.053852528E-1,4.288513958E-1,2.929005027E-1
9.372740754E1,-2.591861486E-1,3.162168264E-1,5.720334649E-1
9.374751754E1,-4.092091024E-1,2.995068133E-1,5.747582912E-1
9.376762854E1,-6.263802648E-1,1.406227648E-1,5.292575955E-1
9.378773854E1,-8.617548943E-1,1.911752671E-2,5.451363921E-1
9.380784854E1,-1.160165071E0,-8.908502758E-3,4.859950244E-1
9.382795854E1,-1.362501860E0,4.088689014E-2,4.914173484E-1
9.384806854E1,-1.365481019E0,5.388591439E-2,5.693225861E-1
9.386817854E1,-1.157121539E0,4.629881680E-2,5.806142688E-1
9.388828854E1,-7.952228785E-1,1.075848266E-1,5.019603372E-1
9.390839854E1,-5.237569809E-1,3.982026875E-2,3.424716294E-1
9.392850954E1,-4.734541476E-1,8.914865553E-2,2.141055018E-1
9.394861954E1,-5.009214282E-1,1.611037999E-1,4.552900046E-2
9.396872954E1,-5.981978178E-1,1.421092898E-1,1.204901841E-2
9.398883954E1,-6.552132964E-1,1.316038966E-1,1.707851142E-2
9.400894954E1,-5.918512344E-1,5.801713839E-2,3.188221902E-2
9.402905954E1,-5.090298653E-1,-2.233338356E-2,6.684083492E-2
9.404916954E1,-4.489751458E-1,-1.859663427E-2,1.353125274E-1
9.406927954E1,-4.169547558E-1,-1.769073494E-2,1.416455209E-1
9.408939054E1,-4.402559698E-1,9.183423221E-2,7.319420576E-2
9.410950054E1,-4.678474367E-1,3.511855602E-1,-2.105358243E-2
9.412961054E1,-1.445499063E-1,-7.687247545E-2,9.717639536E-3
9.414972054E1,-1.929908693E-1,-2.893899977E-1,4.588365853E-1
9.416983054E1,8.825791068E-3,1.341753304E-1,5.642279983E-1
9.418994054E1,3.189944923E-1,4.386380315E-1,2.686540484E-1
9.421005054E1,3.406687081E-1,3.574489057E-1,3.220484033E-2
9.423016054E1,2.663413435E-2,1.641908437E-1,-9.368757159E-2
9.425027154E1,-3.738984168E-1,-2.554758079E-2,-3.422815725E-2
9.427038154E1,-5.016031861E-1,-8.411341161E-2,9.651975334E-2
9.429049154E1,-3.671437204E-1,2.041302808E-2,2.440784276E-1
9.431060154E1,-1.902580559E-1,-4.789185524E-2,2.101048380E-1
9.433071154E1,-5.913285166E-2,-2.283654660E-1,9.113995731E-2
9.435082154E1,1.709062047E-2,-3.735822439E-1,-5.639810488E-2
9.437093154E1,2.946364135E-2,-4.577507377E-1,-1.507856995E-1
9.439104154E1,3.679266199E-2,-4.043828249E-1,-1.899970770E-1
9.441115254E1,7.630556822E-2,-2.461581081E-1,-1.819905341E-1
9.443126254E1,1.202549711E-1,-1.142933890E-1,-1.420754045E-1
9.445137254E1,1.415548921E-1,-5.875040591E-2,-7.141316682E-2
9.447148254E1,1.312966049E-1,-1.072268933E-1,1.744923368E-2
9.449159254E1,5.516622216E-2,-1.611081213E-1,1.109010875E-1
9.451170254E1,-5.754322931E-2,-1.484673172E-1,1.854466945E-1
9.453181254E1,-1.534907073E-1,-9.625338018E-2,2.269840240E-1
9.455192254E1,-2.143080235E-1,-5.050737038E-2,2.405904233E-1
9.457203354E1,-2.251186967E-1,-4.198598489E-2,2.091757208E-1
9.459214354E1,-1.641715020E-1,-4.042122513E-2,1.383779794E-1
9.461225354E1,-6.138205901E-2,-7.554568350E-2,5.979065970E-2
9.463236354E1,5.979862995E-3,-1.333168149E-1,2.362647280E-2
9.465247354E1,3.681766614E-2,-1.373178959E-1,2.225328796E-2
9.467258354E1,9.220321663E-3,-1.484328508E-1,4.280830920E-2
9.469269354E1,-5.705427751E-2,-1.434607059E-1,8.064640313E-2
9.471280454E1,-1.237671152E-1,-9.360729158E-2,1.107518375E-1
9.473291454E1,-1.587233245E-1,-7.016149908E-2,1.307366341E-1
9.475302454E1,-1.660639793E-1,-8.854808658E-2,1.312163621E-1
9.477313454E1,-1.542651802E-1,-1.026783437E-1,1.155721545E-1
9.479324454E1,-1.267365962E-1,-1.104753986E-1,1.120480448E-1
9.481335454E1,-1.176313683E-1,-1.053519696E-1,1.106414124E-1
9.483346454E1,-1.157368422E-1,-8.524399996E-2,1.099467129E-1
9.485357554E1,-1.336788237E-1,-5.665463954E-2,1.083178669E-1
9.487368554E1,-1.546656191E-1,-2.815523557E-2,9.806277603E-2
9.489379554E1,-1.716293991E-1,-2.780461870E-2,9.173489362E-2
9.491390554E1,-1.660758853E-1,-4.157946259E-2,8.369544148E-2
9.493401554E1,-1.500811875E-1,-5.018224567E-2,7.683265209E-2
9.495412554E1,-1.318313181E-1,-5.319242179E-2,7.792606950E-2
9.497423554E1,-1.254059523E-1,-5.508282036E-2,8.066429943E-2
9.499434654E1,-1.304891109E-1,-4.319639504E-2,7.912950218E-2
9.501445654E1,-1.308334619E-1,-3.617721796E-2,7.036676258E-2
9.503456654E1,-1.304044873E-1,-3.512611985E-2,6.040147692E-2
9.505467654E1,-1.190746725E-1,-3.118457273E-2,4.621470347E-2